element_start,city_dungeon_1a,BattleConfiguration
m_Chance,1,
m_BackgroundSceneOverride,combat_arena_city_dungeon_exterior,
m_NextBattleConfigurationTableId,biome_city_dungeon_round2,
m_IsNextBattleOptional,True,
m_EnemyActors,fanatic_whipper,fanatic_flayer,shared_lost_soul_widow,fanatic_immolatist,
m_CompleteLootTables,lair_prewave_1_rewards_all,
m_IsRollBattleModifier,True,
element_end
element_start,city_dungeon_1b,BattleConfiguration
m_Chance,1,
m_BackgroundSceneOverride,combat_arena_city_dungeon_exterior,
m_NextBattleConfigurationTableId,biome_city_dungeon_round2,
m_IsNextBattleOptional,True,
m_EnemyActors,shared_lost_soul,fanatic_whipper,fanatic_blind_shaman,fanatic_flayer,
m_CompleteLootTables,lair_prewave_1_rewards_all,
m_IsRollBattleModifier,True,
element_end
element_start,city_dungeon_1c,BattleConfiguration
m_Chance,1,
m_BackgroundSceneOverride,combat_arena_city_dungeon_exterior,
m_NextBattleConfigurationTableId,biome_city_dungeon_round2,
m_IsNextBattleOptional,True,
m_EnemyActors,shared_lost_soul,fanatic_whipper,fanatic_whipper,fanatic_sacrificial,
m_CompleteLootTables,lair_prewave_1_rewards_all,
m_IsRollBattleModifier,True,
element_end
element_start,city_dungeon_1d,BattleConfiguration
m_Chance,1,
m_BackgroundSceneOverride,combat_arena_city_dungeon_exterior,
m_NextBattleConfigurationTableId,biome_city_dungeon_round2,
m_IsNextBattleOptional,True,
m_EnemyActors,fanatic_whipper,shared_lost_soul,fanatic_whipper,fanatic_sacrificial,
m_CompleteLootTables,lair_prewave_1_rewards_all,
m_IsRollBattleModifier,True,
element_end
element_start,city_dungeon_1e,BattleConfiguration
m_Chance,1,
m_BackgroundSceneOverride,combat_arena_city_dungeon_exterior,
m_NextBattleConfigurationTableId,biome_city_dungeon_round2,
m_IsNextBattleOptional,True,
m_EnemyActors,fanatic_whipper,fanatic_whipper,shared_lost_soul_widow,fanatic_blind_shaman,
m_CompleteLootTables,lair_prewave_1_rewards_all,
m_IsRollBattleModifier,True,
element_end
element_start,city_dungeon_2a,BattleConfiguration
m_Chance,1,
m_BackgroundSceneOverride,combat_arena_city_dungeon_interior,
m_NextBattleConfigurationTableId,biome_city_dungeon_round3,
m_IsNextBattleOptional,True,
m_EnemyActors,fanatic_flayer,fanatic_whipper,fanatic_immolatist,fanatic_sacrificial,
m_CompleteLootTables,lair_prewave_2_rewards_all,
hero_effects,lair_midfight_heal,
m_IsRollBattleModifier,True,
element_end
element_start,city_dungeon_2a_c,BattleConfiguration
m_Chance,1,
m_BackgroundSceneOverride,combat_arena_city_dungeon_interior,
m_NextBattleConfigurationTableId,biome_city_dungeon_round3,
m_IsNextBattleOptional,True,
m_EnemyActors,fanatic_flayer,fanatic_whipper,fanatic_immolatist_b,fanatic_sacrificial,
m_CompleteLootTables,lair_prewave_2_rewards_all,
hero_effects,lair_midfight_heal,
m_IsRollBattleModifier,True,
element_end
element_start,city_dungeon_2b,BattleConfiguration
m_Chance,1,
m_BackgroundSceneOverride,combat_arena_city_dungeon_interior,
m_NextBattleConfigurationTableId,biome_city_dungeon_round3,
m_IsNextBattleOptional,True,
m_EnemyActors,fanatic_flayer,fanatic_whipper,fanatic_blind_shaman,fanatic_sacrificial,
m_CompleteLootTables,lair_prewave_2_rewards_all,
hero_effects,lair_midfight_heal,
m_IsRollBattleModifier,True,
element_end
element_start,city_dungeon_2b_c2,BattleConfiguration
m_Chance,1,
m_BackgroundSceneOverride,combat_arena_city_dungeon_interior,
m_NextBattleConfigurationTableId,biome_city_dungeon_round3,
m_IsNextBattleOptional,True,
m_EnemyActors,fanatic_flayer,fanatic_whipper_b,fanatic_blind_shaman,fanatic_sacrificial,
m_CompleteLootTables,lair_prewave_2_rewards_all,
hero_effects,lair_midfight_heal,
m_IsRollBattleModifier,True,
element_end
element_start,city_dungeon_2c,BattleConfiguration
m_Chance,1,
m_BackgroundSceneOverride,combat_arena_city_dungeon_interior,
m_NextBattleConfigurationTableId,biome_city_dungeon_round3,
m_IsNextBattleOptional,True,
m_EnemyActors,fanatic_pit_fighter,fanatic_blind_shaman,fanatic_immolatist,
m_CompleteLootTables,lair_prewave_2_rewards_all,
hero_effects,lair_midfight_heal,
m_IsRollBattleModifier,True,
element_end
element_start,city_dungeon_2c_c,BattleConfiguration
m_Chance,1,
m_BackgroundSceneOverride,combat_arena_city_dungeon_interior,
m_NextBattleConfigurationTableId,biome_city_dungeon_round3,
m_IsNextBattleOptional,True,
m_EnemyActors,fanatic_pit_fighter,fanatic_blind_shaman,fanatic_immolatist_b,
m_CompleteLootTables,lair_prewave_2_rewards_all,
hero_effects,lair_midfight_heal,
m_IsRollBattleModifier,True,
element_end
element_start,city_dungeon_2d,BattleConfiguration
m_Chance,1,
m_BackgroundSceneOverride,combat_arena_city_dungeon_interior,
m_NextBattleConfigurationTableId,biome_city_dungeon_round3,
m_IsNextBattleOptional,True,
m_EnemyActors,fanatic_pit_fighter,fanatic_whipper,fanatic_blind_shaman,
m_CompleteLootTables,lair_prewave_2_rewards_all,
hero_effects,lair_midfight_heal,
m_IsRollBattleModifier,True,
element_end
element_start,city_dungeon_2d_c2,BattleConfiguration
m_Chance,1,
m_BackgroundSceneOverride,combat_arena_city_dungeon_interior,
m_NextBattleConfigurationTableId,biome_city_dungeon_round3,
m_IsNextBattleOptional,True,
m_EnemyActors,fanatic_pit_fighter,fanatic_whipper_b,fanatic_blind_shaman,
m_CompleteLootTables,lair_prewave_2_rewards_all,
hero_effects,lair_midfight_heal,
m_IsRollBattleModifier,True,
element_end
element_start,city_dungeon_2e,BattleConfiguration
m_Chance,1,
m_BackgroundSceneOverride,combat_arena_city_dungeon_interior,
m_NextBattleConfigurationTableId,biome_city_dungeon_round3,
m_IsNextBattleOptional,True,
m_EnemyActors,fanatic_flayer,fanatic_whipper,fanatic_blind_shaman,fanatic_immolatist,
m_CompleteLootTables,lair_prewave_2_rewards_all,
hero_effects,lair_midfight_heal,
m_IsRollBattleModifier,True,
element_end
element_start,city_dungeon_2e_c,BattleConfiguration
m_Chance,1,
m_BackgroundSceneOverride,combat_arena_city_dungeon_interior,
m_NextBattleConfigurationTableId,biome_city_dungeon_round3,
m_IsNextBattleOptional,True,
m_EnemyActors,fanatic_flayer,fanatic_whipper,fanatic_blind_shaman,fanatic_immolatist_b,
m_CompleteLootTables,lair_prewave_2_rewards_all,
hero_effects,lair_midfight_heal,
m_IsRollBattleModifier,True,
element_end
element_start,city_dungeon_2e_c2,BattleConfiguration
m_Chance,1,
m_BackgroundSceneOverride,combat_arena_city_dungeon_interior,
m_NextBattleConfigurationTableId,biome_city_dungeon_round3,
m_IsNextBattleOptional,True,
m_EnemyActors,fanatic_flayer,fanatic_whipper_b,fanatic_blind_shaman,fanatic_immolatist,
m_CompleteLootTables,lair_prewave_2_rewards_all,
hero_effects,lair_midfight_heal,
m_IsRollBattleModifier,True,
element_end
element_start,city_dungeon_2f,BattleConfiguration
m_Chance,1,
m_BackgroundSceneOverride,combat_arena_city_dungeon_interior,
m_NextBattleConfigurationTableId,biome_city_dungeon_round3,
m_IsNextBattleOptional,True,
m_EnemyActors,fanatic_flayer,fanatic_whipper,fanatic_whipper,fanatic_blind_shaman,
m_CompleteLootTables,lair_prewave_2_rewards_all,
hero_effects,lair_midfight_heal,
m_IsRollBattleModifier,True,
element_end
element_start,city_dungeon_2f_c2,BattleConfiguration
m_Chance,1,
m_BackgroundSceneOverride,combat_arena_city_dungeon_interior,
m_NextBattleConfigurationTableId,biome_city_dungeon_round3,
m_IsNextBattleOptional,True,
m_EnemyActors,fanatic_flayer,fanatic_whipper,fanatic_whipper_b,fanatic_blind_shaman,
m_CompleteLootTables,lair_prewave_2_rewards_all,
hero_effects,lair_midfight_heal,
m_IsRollBattleModifier,True,
element_end
element_start,city_dungeon_3_a,BattleConfiguration
m_Chance,1,
m_BackgroundSceneOverride,combat_arena_city_dungeon_interior,
m_IsNextBattleOptional,True,
m_RunDataStatsId,no_retreat,
m_EnemyActors,fanatic_librarian_stack_l,fanatic_librarian_stack_m,fanatic_librarian_stack_m,fanatic_librarian,
m_CompleteLootTables,lair_boss_rewards_all,
hero_effects,lair_midfight_heal,
m_IsRollBattleModifier,False,
element_end
element_start,city_dungeon_3_b,BattleConfiguration
m_Chance,1,
m_BackgroundSceneOverride,combat_arena_city_dungeon_interior,
m_IsNextBattleOptional,True,
m_RunDataStatsId,no_retreat,
m_EnemyActors,fanatic_librarian_stack_m,fanatic_librarian_stack_l,fanatic_librarian_stack_m,fanatic_librarian,
m_CompleteLootTables,lair_boss_rewards_all,
hero_effects,lair_midfight_heal,
m_IsRollBattleModifier,False,
element_end
element_start,city_dungeon_3_c,BattleConfiguration
m_Chance,1,
m_BackgroundSceneOverride,combat_arena_city_dungeon_interior,
m_IsNextBattleOptional,True,
m_RunDataStatsId,no_retreat,
m_EnemyActors,fanatic_librarian_stack_s,fanatic_librarian_stack_m,fanatic_librarian_stack_l,fanatic_librarian,
m_CompleteLootTables,lair_boss_rewards_all,
hero_effects,lair_midfight_heal,
m_IsRollBattleModifier,False,
element_end
element_start,city_dungeon_3_d,BattleConfiguration
m_Chance,1,
m_BackgroundSceneOverride,combat_arena_city_dungeon_interior,
m_IsNextBattleOptional,True,
m_RunDataStatsId,no_retreat,
m_EnemyActors,fanatic_librarian_stack_l,fanatic_librarian_stack_m,fanatic_librarian_stack_s,fanatic_librarian,
m_CompleteLootTables,lair_boss_rewards_all,
hero_effects,lair_midfight_heal,
m_IsRollBattleModifier,False,
element_end
element_start,fanatic_mash_101,BattleConfiguration
m_Chance,1,
m_AdditionalBattleConfigurationTableId,death_mashes,
m_EnemyActors,fanatic_whipper,fanatic_blind_shaman,fanatic_immolatist,
m_CompleteLootTables,road_faction_rewards_all,
m_CompleteStoryLootTables,resistance_faction_rewards_all,
m_EnemySummonControllerConfigurationId,death_wave,
m_IsRollBattleModifier,True,
element_end
element_start,fanatic_mash_102,BattleConfiguration
m_Chance,1,
m_AdditionalBattleConfigurationTableId,death_mashes,
m_EnemyActors,fanatic_whipper,fanatic_flayer,fanatic_blind_shaman,
m_CompleteLootTables,road_faction_rewards_all,
m_CompleteStoryLootTables,resistance_faction_rewards_all,
m_EnemySummonControllerConfigurationId,death_wave,
m_IsRollBattleModifier,True,
element_end
element_start,fanatic_mash_103,BattleConfiguration
m_Chance,1,
m_AdditionalBattleConfigurationTableId,death_mashes,
m_EnemyActors,fanatic_whipper,fanatic_whipper,fanatic_blind_shaman,
m_CompleteLootTables,road_faction_rewards_all,
m_CompleteStoryLootTables,resistance_faction_rewards_all,
m_EnemySummonControllerConfigurationId,death_wave,
m_IsRollBattleModifier,True,
element_end
element_start,fanatic_mash_104,BattleConfiguration
m_Chance,1,
m_AdditionalBattleConfigurationTableId,death_mashes,
m_EnemyActors,fanatic_whipper,fanatic_whipper,fanatic_immolatist,
m_CompleteLootTables,road_faction_rewards_all,
m_CompleteStoryLootTables,resistance_faction_rewards_all,
m_EnemySummonControllerConfigurationId,death_wave,
m_IsRollBattleModifier,True,
element_end
element_start,fanatic_mash_105,BattleConfiguration
m_Chance,1,
m_AdditionalBattleConfigurationTableId,death_mashes,
m_EnemyActors,fanatic_whipper,fanatic_flayer,fanatic_sacrificial,
m_CompleteLootTables,road_faction_rewards_all,
m_CompleteStoryLootTables,resistance_faction_rewards_all,
m_EnemySummonControllerConfigurationId,death_wave,
m_IsRollBattleModifier,True,
element_end
element_start,fanatic_mash_106,BattleConfiguration
m_Chance,1,
m_AdditionalBattleConfigurationTableId,death_mashes,
m_EnemyActors,shared_lost_soul,shared_lost_soul,shared_lost_soul,fanatic_sacrificial,
m_CompleteLootTables,road_faction_rewards_all,
m_CompleteStoryLootTables,resistance_faction_rewards_all,
m_EnemySummonControllerConfigurationId,death_wave,
m_IsRollBattleModifier,True,
element_end
element_start,fanatic_mash_107,BattleConfiguration
m_Chance,1,
m_AdditionalBattleConfigurationTableId,death_mashes,
m_EnemyActors,fanatic_pit_fighter,
m_CompleteLootTables,road_faction_rewards_all,
m_CompleteStoryLootTables,resistance_faction_rewards_all,
m_EnemySummonControllerConfigurationId,death_wave,
m_IsRollBattleModifier,True,
element_end
element_start,fanatic_mash_109,BattleConfiguration
m_Chance,1,
m_AdditionalBattleConfigurationTableId,death_mashes,
m_EnemyActors,shared_lost_soul,fanatic_whipper,fanatic_blind_shaman,fanatic_flayer,
m_CompleteLootTables,road_faction_rewards_all,
m_CompleteStoryLootTables,resistance_faction_rewards_all,
m_EnemySummonControllerConfigurationId,death_wave,
m_IsRollBattleModifier,True,
element_end
element_start,fanatic_mash_110,BattleConfiguration
m_Chance,1,
m_AdditionalBattleConfigurationTableId,death_mashes,
m_EnemyActors,fanatic_whipper,fanatic_flayer,fanatic_blind_shaman,fanatic_sacrificial,
m_CompleteLootTables,road_faction_rewards_all,
m_CompleteStoryLootTables,resistance_faction_rewards_all,
m_EnemySummonControllerConfigurationId,death_wave,
m_IsRollBattleModifier,True,
element_end
element_start,fanatic_mash_111,BattleConfiguration
m_Chance,1,
m_AdditionalBattleConfigurationTableId,death_mashes,
m_EnemyActors,fanatic_whipper,fanatic_whipper,fanatic_sacrificial,fanatic_sacrificial,
m_CompleteLootTables,road_faction_rewards_all,
m_CompleteStoryLootTables,resistance_faction_rewards_all,
m_EnemySummonControllerConfigurationId,death_wave,
m_IsRollBattleModifier,True,
element_end
element_start,fanatic_mash_201,BattleConfiguration
m_Chance,1,
m_AdditionalBattleConfigurationTableId,death_mashes,
m_EnemyActors,fanatic_whipper,fanatic_flayer,shared_lost_soul_widow,fanatic_immolatist,
m_CompleteLootTables,road_faction_rewards_all,
m_CompleteStoryLootTables,resistance_faction_rewards_all,
m_EnemySummonControllerConfigurationId,death_wave,
m_IsRollBattleModifier,True,
element_end
element_start,fanatic_mash_202,BattleConfiguration
m_Chance,1,
m_AdditionalBattleConfigurationTableId,death_mashes,
m_EnemyActors,shared_lost_soul,fanatic_whipper,fanatic_flayer,fanatic_immolatist,
m_CompleteLootTables,road_faction_rewards_all,
m_CompleteStoryLootTables,resistance_faction_rewards_all,
m_EnemySummonControllerConfigurationId,death_wave,
m_IsRollBattleModifier,True,
element_end
element_start,fanatic_mash_204,BattleConfiguration
m_Chance,1,
m_AdditionalBattleConfigurationTableId,death_mashes,
m_EnemyActors,fanatic_whipper,fanatic_flayer,fanatic_immolatist,fanatic_sacrificial,
m_CompleteLootTables,road_faction_rewards_all,
m_CompleteStoryLootTables,resistance_faction_rewards_all,
m_EnemySummonControllerConfigurationId,death_wave,
m_IsRollBattleModifier,True,
element_end
element_start,fanatic_mash_205,BattleConfiguration
m_Chance,1,
m_AdditionalBattleConfigurationTableId,death_mashes,
m_EnemyActors,fanatic_whipper,fanatic_whipper,fanatic_immolatist,fanatic_sacrificial,
m_CompleteLootTables,road_faction_rewards_all,
m_CompleteStoryLootTables,resistance_faction_rewards_all,
m_EnemySummonControllerConfigurationId,death_wave,
m_IsRollBattleModifier,True,
element_end
element_start,fanatic_mash_208,BattleConfiguration
m_Chance,1,
m_AdditionalBattleConfigurationTableId,death_mashes,
m_EnemyActors,fanatic_pit_fighter,fanatic_whipper,fanatic_blind_shaman,
m_CompleteLootTables,road_faction_rewards_all,
m_CompleteStoryLootTables,resistance_faction_rewards_all,
m_EnemySummonControllerConfigurationId,death_wave,
m_IsRollBattleModifier,True,
element_end
element_start,fanatic_mash_210,BattleConfiguration
m_Chance,1,
m_AdditionalBattleConfigurationTableId,death_mashes,
m_EnemyActors,fanatic_whipper,fanatic_flayer,fanatic_whipper,fanatic_blind_shaman,
m_CompleteLootTables,road_faction_rewards_all,
m_CompleteStoryLootTables,resistance_faction_rewards_all,
m_EnemySummonControllerConfigurationId,death_wave,
m_IsRollBattleModifier,True,
element_end
element_start,fanatic_mash_211,BattleConfiguration
m_Chance,1,
m_AdditionalBattleConfigurationTableId,death_mashes,
m_EnemyActors,fanatic_whipper,fanatic_pit_fighter,shared_lost_soul_widow,
m_CompleteLootTables,road_faction_rewards_all,
m_CompleteStoryLootTables,resistance_faction_rewards_all,
m_EnemySummonControllerConfigurationId,death_wave,
m_IsRollBattleModifier,True,
element_end
element_start,fanatic_mash_301,BattleConfiguration
m_Chance,1,
m_AdditionalBattleConfigurationTableId,death_mashes,
m_EnemyActors,fanatic_flayer,fanatic_whipper,fanatic_blind_shaman,fanatic_immolatist,
m_CompleteLootTables,road_faction_rewards_all,
m_CompleteStoryLootTables,resistance_faction_rewards_all,
m_EnemySummonControllerConfigurationId,death_wave,
m_IsRollBattleModifier,True,
element_end
element_start,fanatic_mash_302,BattleConfiguration
m_Chance,1,
m_AdditionalBattleConfigurationTableId,death_mashes,
m_EnemyActors,fanatic_flayer,fanatic_blind_shaman,fanatic_immolatist,fanatic_sacrificial,
m_CompleteLootTables,road_faction_rewards_all,
m_CompleteStoryLootTables,resistance_faction_rewards_all,
m_EnemySummonControllerConfigurationId,death_wave,
m_IsRollBattleModifier,True,
element_end
element_start,fanatic_mash_303,BattleConfiguration
m_Chance,1,
m_AdditionalBattleConfigurationTableId,death_mashes,
m_EnemyActors,fanatic_whipper,fanatic_flayer,fanatic_whipper,fanatic_immolatist,
m_CompleteLootTables,road_faction_rewards_all,
m_CompleteStoryLootTables,resistance_faction_rewards_all,
m_EnemySummonControllerConfigurationId,death_wave,
m_IsRollBattleModifier,True,
element_end
element_start,fanatic_mash_306,BattleConfiguration
m_Chance,1,
m_AdditionalBattleConfigurationTableId,death_mashes,
m_EnemyActors,fanatic_pit_fighter,fanatic_pit_fighter,
m_CompleteLootTables,road_faction_rewards_all,
m_CompleteStoryLootTables,resistance_faction_rewards_all,
m_EnemySummonControllerConfigurationId,death_wave,
m_IsRollBattleModifier,True,
element_end
element_start,fanatic_mash_307,BattleConfiguration
m_Chance,1,
m_AdditionalBattleConfigurationTableId,death_mashes,
m_EnemyActors,fanatic_pit_fighter,fanatic_flayer,fanatic_immolatist,
m_CompleteLootTables,road_faction_rewards_all,
m_CompleteStoryLootTables,resistance_faction_rewards_all,
m_EnemySummonControllerConfigurationId,death_wave,
m_IsRollBattleModifier,True,
element_end
element_start,fanatic_mash_308,BattleConfiguration
m_Chance,1,
m_AdditionalBattleConfigurationTableId,death_mashes,
m_EnemyActors,fanatic_pit_fighter,fanatic_blind_shaman,fanatic_immolatist,
m_CompleteLootTables,road_faction_rewards_all,
m_CompleteStoryLootTables,resistance_faction_rewards_all,
m_EnemySummonControllerConfigurationId,death_wave,
m_IsRollBattleModifier,True,
element_end
element_start,fanatic_mash_309,BattleConfiguration
m_Chance,1,
m_AdditionalBattleConfigurationTableId,death_mashes,
m_EnemyActors,fanatic_pit_fighter,fanatic_whipper,fanatic_immolatist,
m_CompleteLootTables,road_faction_rewards_all,
m_CompleteStoryLootTables,resistance_faction_rewards_all,
m_EnemySummonControllerConfigurationId,death_wave,
m_IsRollBattleModifier,True,
element_end
element_start,fanatic_mash_101C,BattleConfiguration
m_Chance,1,
m_AdditionalBattleConfigurationTableId,death_mashes,
m_EnemyActors,fanatic_whipper,fanatic_blind_shaman,fanatic_immolatist_b,
m_CompleteLootTables,road_faction_rewards_all,
m_CompleteStoryLootTables,resistance_faction_rewards_all,
m_EnemySummonControllerConfigurationId,death_wave,
m_IsRollBattleModifier,True,
element_end
element_start,fanatic_mash_104C,BattleConfiguration
m_Chance,1,
m_AdditionalBattleConfigurationTableId,death_mashes,
m_EnemyActors,fanatic_whipper,fanatic_whipper,fanatic_immolatist_b,
m_CompleteLootTables,road_faction_rewards_all,
m_CompleteStoryLootTables,resistance_faction_rewards_all,
m_EnemySummonControllerConfigurationId,death_wave,
m_IsRollBattleModifier,True,
element_end
element_start,fanatic_mash_201C,BattleConfiguration
m_Chance,1,
m_AdditionalBattleConfigurationTableId,death_mashes,
m_EnemyActors,fanatic_whipper,fanatic_flayer,fanatic_immolatist_b,
m_CompleteLootTables,road_faction_rewards_all,
m_CompleteStoryLootTables,resistance_faction_rewards_all,
m_EnemySummonControllerConfigurationId,death_wave,
m_IsRollBattleModifier,True,
element_end
element_start,fanatic_mash_202C,BattleConfiguration
m_Chance,1,
m_AdditionalBattleConfigurationTableId,death_mashes,
m_EnemyActors,shared_lost_soul,fanatic_whipper,fanatic_flayer,fanatic_immolatist_b,
m_CompleteLootTables,road_faction_rewards_all,
m_CompleteStoryLootTables,resistance_faction_rewards_all,
m_EnemySummonControllerConfigurationId,death_wave,
m_IsRollBattleModifier,True,
element_end
element_start,fanatic_mash_202C_2,BattleConfiguration
m_Chance,1,
m_AdditionalBattleConfigurationTableId,death_mashes,
m_EnemyActors,shared_lost_soul,fanatic_whipper_b,fanatic_flayer,fanatic_immolatist,
m_CompleteLootTables,road_faction_rewards_all,
m_CompleteStoryLootTables,resistance_faction_rewards_all,
m_EnemySummonControllerConfigurationId,death_wave,
m_IsRollBattleModifier,True,
element_end
element_start,fanatic_mash_204C,BattleConfiguration
m_Chance,1,
m_AdditionalBattleConfigurationTableId,death_mashes,
m_EnemyActors,fanatic_whipper,fanatic_flayer,fanatic_immolatist_b,fanatic_sacrificial,
m_CompleteLootTables,road_faction_rewards_all,
m_CompleteStoryLootTables,resistance_faction_rewards_all,
m_EnemySummonControllerConfigurationId,death_wave,
m_IsRollBattleModifier,True,
element_end
element_start,fanatic_mash_204C_2,BattleConfiguration
m_Chance,1,
m_AdditionalBattleConfigurationTableId,death_mashes,
m_EnemyActors,fanatic_whipper_b,fanatic_flayer,fanatic_immolatist,fanatic_sacrificial,
m_CompleteLootTables,road_faction_rewards_all,
m_CompleteStoryLootTables,resistance_faction_rewards_all,
m_EnemySummonControllerConfigurationId,death_wave,
m_IsRollBattleModifier,True,
element_end
element_start,fanatic_mash_205C,BattleConfiguration
m_Chance,1,
m_AdditionalBattleConfigurationTableId,death_mashes,
m_EnemyActors,fanatic_whipper,fanatic_whipper,fanatic_immolatist_b,fanatic_sacrificial,
m_CompleteLootTables,road_faction_rewards_all,
m_CompleteStoryLootTables,resistance_faction_rewards_all,
m_EnemySummonControllerConfigurationId,death_wave,
m_IsRollBattleModifier,True,
element_end
element_start,fanatic_mash_205C_2,BattleConfiguration
m_Chance,1,
m_AdditionalBattleConfigurationTableId,death_mashes,
m_EnemyActors,fanatic_whipper,fanatic_whipper_b,fanatic_immolatist,fanatic_sacrificial,
m_CompleteLootTables,road_faction_rewards_all,
m_CompleteStoryLootTables,resistance_faction_rewards_all,
m_EnemySummonControllerConfigurationId,death_wave,
m_IsRollBattleModifier,True,
element_end
element_start,fanatic_mash_208C_2,BattleConfiguration
m_Chance,1,
m_AdditionalBattleConfigurationTableId,death_mashes,
m_EnemyActors,fanatic_pit_fighter,fanatic_whipper_b,fanatic_blind_shaman,
m_CompleteLootTables,road_faction_rewards_all,
m_CompleteStoryLootTables,resistance_faction_rewards_all,
m_EnemySummonControllerConfigurationId,death_wave,
m_IsRollBattleModifier,True,
element_end
element_start,fanatic_mash_210C_2,BattleConfiguration
m_Chance,1,
m_AdditionalBattleConfigurationTableId,death_mashes,
m_EnemyActors,fanatic_whipper,fanatic_flayer,fanatic_whipper_b,fanatic_blind_shaman,
m_CompleteLootTables,road_faction_rewards_all,
m_CompleteStoryLootTables,resistance_faction_rewards_all,
m_EnemySummonControllerConfigurationId,death_wave,
m_IsRollBattleModifier,True,
element_end
element_start,fanatic_mash_301C,BattleConfiguration
m_Chance,1,
m_AdditionalBattleConfigurationTableId,death_mashes,
m_EnemyActors,fanatic_flayer,fanatic_whipper,fanatic_blind_shaman,fanatic_immolatist_b,
m_CompleteLootTables,road_faction_rewards_all,
m_CompleteStoryLootTables,resistance_faction_rewards_all,
m_EnemySummonControllerConfigurationId,death_wave,
m_IsRollBattleModifier,True,
element_end
element_start,fanatic_mash_301C_2,BattleConfiguration
m_Chance,1,
m_AdditionalBattleConfigurationTableId,death_mashes,
m_EnemyActors,fanatic_flayer,fanatic_whipper_b,fanatic_blind_shaman,fanatic_immolatist,
m_CompleteLootTables,road_faction_rewards_all,
m_CompleteStoryLootTables,resistance_faction_rewards_all,
m_EnemySummonControllerConfigurationId,death_wave,
m_IsRollBattleModifier,True,
element_end
element_start,fanatic_mash_302C,BattleConfiguration
m_Chance,1,
m_AdditionalBattleConfigurationTableId,death_mashes,
m_EnemyActors,fanatic_flayer,fanatic_blind_shaman,fanatic_immolatist_b,fanatic_sacrificial,
m_CompleteLootTables,road_faction_rewards_all,
m_CompleteStoryLootTables,resistance_faction_rewards_all,
m_EnemySummonControllerConfigurationId,death_wave,
m_IsRollBattleModifier,True,
element_end
element_start,fanatic_mash_303C,BattleConfiguration
m_Chance,1,
m_AdditionalBattleConfigurationTableId,death_mashes,
m_EnemyActors,fanatic_whipper,fanatic_flayer,fanatic_whipper,fanatic_immolatist_b,
m_CompleteLootTables,road_faction_rewards_all,
m_CompleteStoryLootTables,resistance_faction_rewards_all,
m_EnemySummonControllerConfigurationId,death_wave,
m_IsRollBattleModifier,True,
element_end
element_start,fanatic_mash_303C_2,BattleConfiguration
m_Chance,1,
m_AdditionalBattleConfigurationTableId,death_mashes,
m_EnemyActors,fanatic_whipper,fanatic_flayer,fanatic_whipper_b,fanatic_immolatist,
m_CompleteLootTables,road_faction_rewards_all,
m_CompleteStoryLootTables,resistance_faction_rewards_all,
m_EnemySummonControllerConfigurationId,death_wave,
m_IsRollBattleModifier,True,
element_end
element_start,fanatic_mash_304C_2,BattleConfiguration
m_Chance,1,
m_AdditionalBattleConfigurationTableId,death_mashes,
m_EnemyActors,fanatic_whipper_b,fanatic_flayer,fanatic_whipper,fanatic_immolatist,
m_CompleteLootTables,road_faction_rewards_all,
m_CompleteStoryLootTables,resistance_faction_rewards_all,
m_EnemySummonControllerConfigurationId,death_wave,
m_IsRollBattleModifier,True,
element_end
element_start,fanatic_mash_307C,BattleConfiguration
m_Chance,1,
m_AdditionalBattleConfigurationTableId,death_mashes,
m_EnemyActors,fanatic_pit_fighter,fanatic_flayer,fanatic_immolatist_b,
m_CompleteLootTables,road_faction_rewards_all,
m_CompleteStoryLootTables,resistance_faction_rewards_all,
m_EnemySummonControllerConfigurationId,death_wave,
m_IsRollBattleModifier,True,
element_end
element_start,fanatic_mash_308C,BattleConfiguration
m_Chance,1,
m_AdditionalBattleConfigurationTableId,death_mashes,
m_EnemyActors,fanatic_pit_fighter,fanatic_blind_shaman,fanatic_immolatist_b,
m_CompleteLootTables,road_faction_rewards_all,
m_CompleteStoryLootTables,resistance_faction_rewards_all,
m_EnemySummonControllerConfigurationId,death_wave,
m_IsRollBattleModifier,True,
element_end
element_start,fanatic_mash_309C,BattleConfiguration
m_Chance,1,
m_AdditionalBattleConfigurationTableId,death_mashes,
m_EnemyActors,fanatic_pit_fighter,fanatic_whipper,fanatic_immolatist_b,
m_CompleteLootTables,road_faction_rewards_all,
m_CompleteStoryLootTables,resistance_faction_rewards_all,
m_EnemySummonControllerConfigurationId,death_wave,
m_IsRollBattleModifier,True,
element_end
element_start,fanatic_mash_309C_2,BattleConfiguration
m_Chance,1,
m_AdditionalBattleConfigurationTableId,death_mashes,
m_EnemyActors,fanatic_pit_fighter,fanatic_whipper_b,fanatic_immolatist,
m_CompleteLootTables,road_faction_rewards_all,
m_CompleteStoryLootTables,resistance_faction_rewards_all,
m_EnemySummonControllerConfigurationId,death_wave,
m_IsRollBattleModifier,True,
element_end
element_start,fanatic_mash_BC_01,BattleConfiguration
m_Chance,1,
m_AdditionalBattleConfigurationTableId,death_mashes,
m_EnemyActors,fanatic_whipper,fanatic_flayer,fanatic_whipper_b,fanatic_immolatist_b,
m_CompleteLootTables,road_faction_rewards_all,
m_CompleteStoryLootTables,resistance_faction_rewards_all,
m_EnemySummonControllerConfigurationId,death_wave,
m_IsRollBattleModifier,True,
element_end
element_start,fanatic_mash_BC_02,BattleConfiguration
m_Chance,1,
m_AdditionalBattleConfigurationTableId,death_mashes,
m_EnemyActors,fanatic_flayer,fanatic_whipper,fanatic_immolatist_b,fanatic_whipper_b,
m_CompleteLootTables,road_faction_rewards_all,
m_CompleteStoryLootTables,resistance_faction_rewards_all,
m_EnemySummonControllerConfigurationId,death_wave,
m_IsRollBattleModifier,True,
element_end
element_start,fanatic_mash_BC_03,BattleConfiguration
m_Chance,1,
m_AdditionalBattleConfigurationTableId,death_mashes,
m_EnemyActors,fanatic_whipper,fanatic_whipper,fanatic_whipper_b,fanatic_immolatist_b,
m_CompleteLootTables,road_faction_rewards_all,
m_CompleteStoryLootTables,resistance_faction_rewards_all,
m_EnemySummonControllerConfigurationId,death_wave,
m_IsRollBattleModifier,True,
element_end
element_start,fanatic_mash_BC_04,BattleConfiguration
m_Chance,1,
m_AdditionalBattleConfigurationTableId,death_mashes,
m_EnemyActors,fanatic_whipper,fanatic_whipper_b,fanatic_blind_shaman,fanatic_immolatist_b,
m_CompleteLootTables,road_faction_rewards_all,
m_CompleteStoryLootTables,resistance_faction_rewards_all,
m_EnemySummonControllerConfigurationId,death_wave,
m_IsRollBattleModifier,True,
element_end
element_start,farm_dungeon_1a,BattleConfiguration
m_Chance,1,
m_BackgroundSceneOverride,combat_arena_farm_dungeon_exterior,
m_NextBattleConfigurationTableId,biome_farm_dungeon_round2,
m_IsNextBattleOptional,True,
m_EnemyActors,plague_eater_livestock,plague_eater_livestock,plague_eater_butcher,plague_eater_butcher,
m_CompleteLootTables,lair_prewave_1_rewards_all,
m_IsRollBattleModifier,True,
element_end
element_start,farm_dungeon_1b,BattleConfiguration
m_Chance,1,
m_BackgroundSceneOverride,combat_arena_farm_dungeon_exterior,
m_NextBattleConfigurationTableId,biome_farm_dungeon_round2,
m_IsNextBattleOptional,True,
m_EnemyActors,plague_eater_livestock,plague_eater_livestock,plague_eater_butcher,shared_lost_soul_widow,
m_CompleteLootTables,lair_prewave_1_rewards_all,
m_IsRollBattleModifier,True,
element_end
element_start,farm_dungeon_1c,BattleConfiguration
m_Chance,1,
m_BackgroundSceneOverride,combat_arena_farm_dungeon_exterior,
m_NextBattleConfigurationTableId,biome_farm_dungeon_round2,
m_IsNextBattleOptional,True,
m_EnemyActors,plague_eater_livestock,plague_eater_livestock,shared_lost_soul_widow,plague_eater_maid,
m_CompleteLootTables,lair_prewave_1_rewards_all,
m_IsRollBattleModifier,True,
element_end
element_start,farm_dungeon_1d,BattleConfiguration
m_Chance,1,
m_BackgroundSceneOverride,combat_arena_farm_dungeon_exterior,
m_NextBattleConfigurationTableId,biome_farm_dungeon_round2,
m_IsNextBattleOptional,True,
m_EnemyActors,plague_eater_livestock,plague_eater_livestock,plague_eater_lady,plague_eater_maid,
m_CompleteLootTables,lair_prewave_1_rewards_all,
m_IsRollBattleModifier,True,
element_end
element_start,farm_dungeon_1e,BattleConfiguration
m_Chance,1,
m_BackgroundSceneOverride,combat_arena_farm_dungeon_exterior,
m_NextBattleConfigurationTableId,biome_farm_dungeon_round2,
m_IsNextBattleOptional,True,
m_EnemyActors,shared_lost_soul,shared_lost_soul,plague_eater_livestock,plague_eater_maid,
m_CompleteLootTables,lair_prewave_1_rewards_all,
m_IsRollBattleModifier,True,
element_end
element_start,farm_dungeon_2a,BattleConfiguration
m_Chance,1,
m_BackgroundSceneOverride,combat_arena_farm_dungeon_interior,
m_NextBattleConfigurationId,farm_dungeon_3,
m_IsNextBattleOptional,True,
m_EnemyActors,plague_eater_butcher,plague_eater_livestock,plague_eater_butcher,plague_eater_maid,
m_CompleteLootTables,lair_prewave_2_rewards_all,
hero_effects,lair_midfight_heal,
m_IsRollBattleModifier,True,
element_end
element_start,farm_dungeon_2b,BattleConfiguration
m_Chance,1,
m_BackgroundSceneOverride,combat_arena_farm_dungeon_interior,
m_NextBattleConfigurationId,farm_dungeon_3,
m_IsNextBattleOptional,True,
m_EnemyActors,plague_eater_lady,plague_eater_livestock,plague_eater_lord,
m_CompleteLootTables,lair_prewave_2_rewards_all,
hero_effects,lair_midfight_heal,
m_IsRollBattleModifier,True,
element_end
element_start,farm_dungeon_2c,BattleConfiguration
m_Chance,1,
m_BackgroundSceneOverride,combat_arena_farm_dungeon_interior,
m_NextBattleConfigurationId,farm_dungeon_3,
m_IsNextBattleOptional,True,
m_EnemyActors,plague_eater_livestock,plague_eater_livestock,plague_eater_butcher,plague_eater_maid,
m_CompleteLootTables,lair_prewave_2_rewards_all,
hero_effects,lair_midfight_heal,
m_IsRollBattleModifier,True,
element_end
element_start,farm_dungeon_2d,BattleConfiguration
m_Chance,1,
m_BackgroundSceneOverride,combat_arena_farm_dungeon_interior,
m_NextBattleConfigurationId,farm_dungeon_3,
m_IsNextBattleOptional,True,
m_EnemyActors,plague_eater_butcher,plague_eater_butcher,plague_eater_maid,plague_eater_lady,
m_CompleteLootTables,lair_prewave_2_rewards_all,
hero_effects,lair_midfight_heal,
m_IsRollBattleModifier,True,
element_end
element_start,farm_dungeon_2e,BattleConfiguration
m_Chance,1,
m_BackgroundSceneOverride,combat_arena_farm_dungeon_interior,
m_NextBattleConfigurationId,farm_dungeon_3,
m_IsNextBattleOptional,True,
m_EnemyActors,plague_eater_livestock,plague_eater_livestock,plague_eater_lord,
m_CompleteLootTables,lair_prewave_2_rewards_all,
hero_effects,lair_midfight_heal,
m_IsRollBattleModifier,True,
element_end
element_start,farm_dungeon_2f,BattleConfiguration
m_Chance,1,
m_BackgroundSceneOverride,combat_arena_farm_dungeon_interior,
m_NextBattleConfigurationId,farm_dungeon_3,
m_IsNextBattleOptional,True,
m_EnemyActors,plague_eater_livestock,plague_eater_butcher,plague_eater_dinner_cart,
m_CompleteLootTables,lair_prewave_2_rewards_all,
hero_effects,lair_midfight_heal,
m_IsRollBattleModifier,True,
element_end
element_start,farm_dungeon_2g,BattleConfiguration
m_Chance,1,
m_BackgroundSceneOverride,combat_arena_farm_dungeon_interior,
m_NextBattleConfigurationId,farm_dungeon_3,
m_IsNextBattleOptional,True,
m_EnemyActors,plague_eater_livestock,plague_eater_lady,plague_eater_dinner_cart,
m_CompleteLootTables,lair_prewave_2_rewards_all,
hero_effects,lair_midfight_heal,
m_IsRollBattleModifier,True,
element_end
element_start,farm_dungeon_2h,BattleConfiguration
m_Chance,1,
m_BackgroundSceneOverride,combat_arena_farm_dungeon_interior,
m_NextBattleConfigurationId,farm_dungeon_3,
m_IsNextBattleOptional,True,
m_EnemyActors,plague_eater_lady,plague_eater_lord,plague_eater_lady,
m_CompleteLootTables,lair_prewave_2_rewards_all,
hero_effects,lair_midfight_heal,
m_IsRollBattleModifier,True,
element_end
element_start,farm_dungeon_2i,BattleConfiguration
m_Chance,1,
m_BackgroundSceneOverride,combat_arena_farm_dungeon_interior,
m_NextBattleConfigurationId,farm_dungeon_3,
m_IsNextBattleOptional,True,
m_EnemyActors,plague_eater_lady,plague_eater_livestock,plague_eater_lord,
m_CompleteLootTables,lair_prewave_2_rewards_all,
hero_effects,lair_midfight_heal,
m_IsRollBattleModifier,True,
element_end
element_start,farm_dungeon_2j,BattleConfiguration
m_Chance,1,
m_BackgroundSceneOverride,combat_arena_farm_dungeon_interior,
m_NextBattleConfigurationId,farm_dungeon_3,
m_IsNextBattleOptional,True,
m_EnemyActors,plague_eater_livestock,plague_eater_maid,plague_eater_lord,
m_CompleteLootTables,lair_prewave_2_rewards_all,
hero_effects,lair_midfight_heal,
m_IsRollBattleModifier,True,
element_end
element_start,farm_dungeon_2k,BattleConfiguration
m_Chance,1,
m_BackgroundSceneOverride,combat_arena_farm_dungeon_interior,
m_NextBattleConfigurationId,farm_dungeon_3,
m_IsNextBattleOptional,True,
m_EnemyActors,plague_eater_livestock,plague_eater_livestock,plague_eater_maid,plague_eater_lady,
m_CompleteLootTables,lair_prewave_2_rewards_all,
hero_effects,lair_midfight_heal,
m_IsRollBattleModifier,True,
element_end
element_start,farm_dungeon_2l,BattleConfiguration
m_Chance,1,
m_BackgroundSceneOverride,combat_arena_farm_dungeon_interior,
m_NextBattleConfigurationId,farm_dungeon_3,
m_IsNextBattleOptional,True,
m_EnemyActors,plague_eater_butcher,plague_eater_livestock,plague_eater_lord,
m_CompleteLootTables,lair_prewave_2_rewards_all,
hero_effects,lair_midfight_heal,
m_IsRollBattleModifier,True,
element_end
element_start,farm_dungeon_2m,BattleConfiguration
m_Chance,1,
m_BackgroundSceneOverride,combat_arena_farm_dungeon_interior,
m_NextBattleConfigurationId,farm_dungeon_3,
m_IsNextBattleOptional,True,
m_EnemyActors,plague_eater_lady,plague_eater_lady,plague_eater_dinner_cart,
m_CompleteLootTables,lair_prewave_2_rewards_all,
hero_effects,lair_midfight_heal,
m_IsRollBattleModifier,True,
element_end
element_start,farm_dungeon_2a_c2,BattleConfiguration
m_Chance,1,
m_BackgroundSceneOverride,combat_arena_farm_dungeon_interior,
m_NextBattleConfigurationId,farm_dungeon_3,
m_IsNextBattleOptional,True,
m_EnemyActors,plague_eater_butcher,plague_eater_livestock,plague_eater_butcher_b,plague_eater_maid,
m_CompleteLootTables,lair_prewave_2_rewards_all,
hero_effects,lair_midfight_heal,
m_IsRollBattleModifier,True,
element_end
element_start,farm_dungeon_2b_c,BattleConfiguration
m_Chance,1,
m_BackgroundSceneOverride,combat_arena_farm_dungeon_interior,
m_NextBattleConfigurationId,farm_dungeon_3,
m_IsNextBattleOptional,True,
m_EnemyActors,plague_eater_lady,plague_eater_livestock_b,plague_eater_lord,
m_CompleteLootTables,lair_prewave_2_rewards_all,
hero_effects,lair_midfight_heal,
m_IsRollBattleModifier,True,
element_end
element_start,farm_dungeon_2c_c,BattleConfiguration
m_Chance,1,
m_BackgroundSceneOverride,combat_arena_farm_dungeon_interior,
m_NextBattleConfigurationId,farm_dungeon_3,
m_IsNextBattleOptional,True,
m_EnemyActors,plague_eater_livestock,plague_eater_livestock_b,plague_eater_butcher,plague_eater_maid,
m_CompleteLootTables,lair_prewave_2_rewards_all,
hero_effects,lair_midfight_heal,
m_IsRollBattleModifier,True,
element_end
element_start,farm_dungeon_2c_c2,BattleConfiguration
m_Chance,1,
m_BackgroundSceneOverride,combat_arena_farm_dungeon_interior,
m_NextBattleConfigurationId,farm_dungeon_3,
m_IsNextBattleOptional,True,
m_EnemyActors,plague_eater_livestock,plague_eater_livestock,plague_eater_butcher_b,plague_eater_maid,
m_CompleteLootTables,lair_prewave_2_rewards_all,
hero_effects,lair_midfight_heal,
m_IsRollBattleModifier,True,
element_end
element_start,farm_dungeon_2d_c2,BattleConfiguration
m_Chance,1,
m_BackgroundSceneOverride,combat_arena_farm_dungeon_interior,
m_NextBattleConfigurationId,farm_dungeon_3,
m_IsNextBattleOptional,True,
m_EnemyActors,plague_eater_butcher,plague_eater_butcher_b,plague_eater_maid,plague_eater_lady,
m_CompleteLootTables,lair_prewave_2_rewards_all,
hero_effects,lair_midfight_heal,
m_IsRollBattleModifier,True,
element_end
element_start,farm_dungeon_2e_c,BattleConfiguration
m_Chance,1,
m_BackgroundSceneOverride,combat_arena_farm_dungeon_interior,
m_NextBattleConfigurationId,farm_dungeon_3,
m_IsNextBattleOptional,True,
m_EnemyActors,plague_eater_livestock,plague_eater_livestock_b,plague_eater_lord,
m_CompleteLootTables,lair_prewave_2_rewards_all,
hero_effects,lair_midfight_heal,
m_IsRollBattleModifier,True,
element_end
element_start,farm_dungeon_2f_c,BattleConfiguration
m_Chance,1,
m_BackgroundSceneOverride,combat_arena_farm_dungeon_interior,
m_NextBattleConfigurationId,farm_dungeon_3,
m_IsNextBattleOptional,True,
m_EnemyActors,plague_eater_butcher,plague_eater_livestock_b,plague_eater_dinner_cart,
m_CompleteLootTables,lair_prewave_2_rewards_all,
hero_effects,lair_midfight_heal,
m_IsRollBattleModifier,True,
element_end
element_start,farm_dungeon_2f_c2,BattleConfiguration
m_Chance,1,
m_BackgroundSceneOverride,combat_arena_farm_dungeon_interior,
m_NextBattleConfigurationId,farm_dungeon_3,
m_IsNextBattleOptional,True,
m_EnemyActors,plague_eater_butcher_b,plague_eater_livestock,plague_eater_dinner_cart,
m_CompleteLootTables,lair_prewave_2_rewards_all,
hero_effects,lair_midfight_heal,
m_IsRollBattleModifier,True,
element_end
element_start,farm_dungeon_2g_c,BattleConfiguration
m_Chance,1,
m_BackgroundSceneOverride,combat_arena_farm_dungeon_interior,
m_NextBattleConfigurationId,farm_dungeon_3,
m_IsNextBattleOptional,True,
m_EnemyActors,plague_eater_lady,plague_eater_livestock_b,plague_eater_dinner_cart,
m_CompleteLootTables,lair_prewave_2_rewards_all,
hero_effects,lair_midfight_heal,
m_IsRollBattleModifier,True,
element_end
element_start,farm_dungeon_2i_c,BattleConfiguration
m_Chance,1,
m_BackgroundSceneOverride,combat_arena_farm_dungeon_interior,
m_NextBattleConfigurationId,farm_dungeon_3,
m_IsNextBattleOptional,True,
m_EnemyActors,plague_eater_lady,plague_eater_livestock_b,plague_eater_lord,
m_CompleteLootTables,lair_prewave_2_rewards_all,
hero_effects,lair_midfight_heal,
m_IsRollBattleModifier,True,
element_end
element_start,farm_dungeon_2j_c,BattleConfiguration
m_Chance,1,
m_BackgroundSceneOverride,combat_arena_farm_dungeon_interior,
m_NextBattleConfigurationId,farm_dungeon_3,
m_IsNextBattleOptional,True,
m_EnemyActors,plague_eater_livestock_b,plague_eater_lord,plague_eater_maid,
m_CompleteLootTables,lair_prewave_2_rewards_all,
hero_effects,lair_midfight_heal,
m_IsRollBattleModifier,True,
element_end
element_start,farm_dungeon_2k_c,BattleConfiguration
m_Chance,1,
m_BackgroundSceneOverride,combat_arena_farm_dungeon_interior,
m_NextBattleConfigurationId,farm_dungeon_3,
m_IsNextBattleOptional,True,
m_EnemyActors,plague_eater_livestock,plague_eater_livestock_b,plague_eater_maid,plague_eater_lady,
m_CompleteLootTables,lair_prewave_2_rewards_all,
hero_effects,lair_midfight_heal,
m_IsRollBattleModifier,True,
element_end
element_start,farm_dungeon_2l_c,BattleConfiguration
m_Chance,1,
m_BackgroundSceneOverride,combat_arena_farm_dungeon_interior,
m_NextBattleConfigurationId,farm_dungeon_3,
m_IsNextBattleOptional,True,
m_EnemyActors,plague_eater_butcher,plague_eater_livestock_b,plague_eater_lord,
m_CompleteLootTables,lair_prewave_2_rewards_all,
hero_effects,lair_midfight_heal,
m_IsRollBattleModifier,True,
element_end
element_start,farm_dungeon_2l_c2,BattleConfiguration
m_Chance,1,
m_BackgroundSceneOverride,combat_arena_farm_dungeon_interior,
m_NextBattleConfigurationId,farm_dungeon_3,
m_IsNextBattleOptional,True,
m_EnemyActors,plague_eater_butcher_b,plague_eater_livestock,plague_eater_lord,
m_CompleteLootTables,lair_prewave_2_rewards_all,
hero_effects,lair_midfight_heal,
m_IsRollBattleModifier,True,
element_end
element_start,farm_dungeon_3,BattleConfiguration
m_Chance,1,
m_BackgroundSceneOverride,combat_arena_farm_dungeon_interior,
m_IsNextBattleOptional,True,
m_RunDataStatsId,no_retreat,
m_EnemyActors,plague_eater_harvest_fetid_meat,plague_eater_harvest_putrid_meat,plague_eater_harvest_table,
m_CompleteLootTables,lair_boss_rewards_all,
hero_effects,lair_midfight_heal,
m_IsRollBattleModifier,False,
m_Tags,glossary_farm_boss,
element_end
element_start,plague_eater_mash_101,BattleConfiguration
m_Chance,1,
m_AdditionalBattleConfigurationTableId,death_mashes,
m_EnemyActors,plague_eater_livestock,plague_eater_livestock,plague_eater_butcher,plague_eater_butcher,
m_CompleteLootTables,road_faction_rewards_all,
m_CompleteStoryLootTables,resistance_faction_rewards_all,
m_EnemySummonControllerConfigurationId,death_wave,
m_IsRollBattleModifier,True,
element_end
element_start,plague_eater_mash_102,BattleConfiguration
m_Chance,1,
m_AdditionalBattleConfigurationTableId,death_mashes,
m_EnemyActors,plague_eater_livestock,plague_eater_livestock,plague_eater_butcher,
m_CompleteLootTables,road_faction_rewards_all,
m_CompleteStoryLootTables,resistance_faction_rewards_all,
m_EnemySummonControllerConfigurationId,death_wave,
m_IsRollBattleModifier,True,
element_end
element_start,plague_eater_mash_103,BattleConfiguration
m_Chance,1,
m_AdditionalBattleConfigurationTableId,death_mashes,
m_EnemyActors,plague_eater_livestock,plague_eater_livestock,plague_eater_maid,
m_CompleteLootTables,road_faction_rewards_all,
m_CompleteStoryLootTables,resistance_faction_rewards_all,
m_EnemySummonControllerConfigurationId,death_wave,
m_IsRollBattleModifier,True,
element_end
element_start,plague_eater_mash_104,BattleConfiguration
m_Chance,1,
m_AdditionalBattleConfigurationTableId,death_mashes,
m_EnemyActors,plague_eater_livestock,plague_eater_livestock,plague_eater_lady,
m_CompleteLootTables,road_faction_rewards_all,
m_CompleteStoryLootTables,resistance_faction_rewards_all,
m_EnemySummonControllerConfigurationId,death_wave,
m_IsRollBattleModifier,True,
element_end
element_start,plague_eater_mash_105,BattleConfiguration
m_Chance,1,
m_AdditionalBattleConfigurationTableId,death_mashes,
m_EnemyActors,shared_lost_soul,shared_lost_soul,plague_eater_livestock,plague_eater_maid,
m_CompleteLootTables,road_faction_rewards_all,
m_CompleteStoryLootTables,resistance_faction_rewards_all,
m_EnemySummonControllerConfigurationId,death_wave,
m_IsRollBattleModifier,True,
element_end
element_start,plague_eater_mash_106,BattleConfiguration
m_Chance,1,
m_AdditionalBattleConfigurationTableId,death_mashes,
m_EnemyActors,plague_eater_livestock,plague_eater_butcher,plague_eater_lord,
m_CompleteLootTables,road_faction_rewards_all,
m_CompleteStoryLootTables,resistance_faction_rewards_all,
m_EnemySummonControllerConfigurationId,death_wave,
m_IsRollBattleModifier,True,
element_end
element_start,plague_eater_mash_107,BattleConfiguration
m_Chance,1,
m_AdditionalBattleConfigurationTableId,death_mashes,
m_EnemyActors,plague_eater_livestock,plague_eater_livestock,plague_eater_lord,
m_CompleteLootTables,road_faction_rewards_all,
m_CompleteStoryLootTables,resistance_faction_rewards_all,
m_EnemySummonControllerConfigurationId,death_wave,
m_IsRollBattleModifier,True,
element_end
element_start,plague_eater_mash_108,BattleConfiguration
m_Chance,1,
m_AdditionalBattleConfigurationTableId,death_mashes,
m_EnemyActors,shared_lost_soul,shared_lost_soul,plague_eater_lord,
m_CompleteLootTables,road_faction_rewards_all,
m_CompleteStoryLootTables,resistance_faction_rewards_all,
m_EnemySummonControllerConfigurationId,death_wave,
m_IsRollBattleModifier,True,
element_end
element_start,plague_eater_mash_109,BattleConfiguration
m_Chance,1,
m_AdditionalBattleConfigurationTableId,death_mashes,
m_EnemyActors,plague_eater_lord,plague_eater_dinner_cart,
m_CompleteLootTables,road_faction_rewards_all,
m_CompleteStoryLootTables,resistance_faction_rewards_all,
m_EnemySummonControllerConfigurationId,death_wave,
m_IsRollBattleModifier,True,
element_end
element_start,plague_eater_mash_110,BattleConfiguration
m_Chance,1,
m_AdditionalBattleConfigurationTableId,death_mashes,
m_EnemyActors,plague_eater_livestock,plague_eater_maid,plague_eater_lord,
m_CompleteLootTables,road_faction_rewards_all,
m_CompleteStoryLootTables,resistance_faction_rewards_all,
m_EnemySummonControllerConfigurationId,death_wave,
m_IsRollBattleModifier,True,
element_end
element_start,plague_eater_mash_111,BattleConfiguration
m_Chance,1,
m_AdditionalBattleConfigurationTableId,death_mashes,
m_EnemyActors,plague_eater_livestock,plague_eater_livestock,plague_eater_lord,
m_CompleteLootTables,road_faction_rewards_all,
m_CompleteStoryLootTables,resistance_faction_rewards_all,
m_EnemySummonControllerConfigurationId,death_wave,
m_IsRollBattleModifier,True,
element_end
element_start,plague_eater_mash_201,BattleConfiguration
m_Chance,1,
m_AdditionalBattleConfigurationTableId,death_mashes,
m_EnemyActors,plague_eater_lady,plague_eater_livestock,plague_eater_lord,
m_CompleteLootTables,road_faction_rewards_all,
m_CompleteStoryLootTables,resistance_faction_rewards_all,
m_EnemySummonControllerConfigurationId,death_wave,
m_IsRollBattleModifier,True,
element_end
element_start,plague_eater_mash_202,BattleConfiguration
m_Chance,1,
m_AdditionalBattleConfigurationTableId,death_mashes,
m_EnemyActors,plague_eater_livestock,plague_eater_livestock,plague_eater_butcher,plague_eater_maid,
m_CompleteLootTables,road_faction_rewards_all,
m_CompleteStoryLootTables,resistance_faction_rewards_all,
m_EnemySummonControllerConfigurationId,death_wave,
m_IsRollBattleModifier,True,
element_end
element_start,plague_eater_mash_203,BattleConfiguration
m_Chance,1,
m_AdditionalBattleConfigurationTableId,death_mashes,
m_EnemyActors,plague_eater_livestock,plague_eater_butcher,plague_eater_lord,
m_CompleteLootTables,road_faction_rewards_all,
m_CompleteStoryLootTables,resistance_faction_rewards_all,
m_EnemySummonControllerConfigurationId,death_wave,
m_IsRollBattleModifier,True,
element_end
element_start,plague_eater_mash_204,BattleConfiguration
m_Chance,1,
m_AdditionalBattleConfigurationTableId,death_mashes,
m_EnemyActors,plague_eater_livestock,plague_eater_livestock,plague_eater_lord,
m_CompleteLootTables,road_faction_rewards_all,
m_CompleteStoryLootTables,resistance_faction_rewards_all,
m_EnemySummonControllerConfigurationId,death_wave,
m_IsRollBattleModifier,True,
element_end
element_start,plague_eater_mash_205,BattleConfiguration
m_Chance,1,
m_AdditionalBattleConfigurationTableId,death_mashes,
m_EnemyActors,plague_eater_butcher,plague_eater_butcher,plague_eater_maid,plague_eater_lady,
m_CompleteLootTables,road_faction_rewards_all,
m_CompleteStoryLootTables,resistance_faction_rewards_all,
m_EnemySummonControllerConfigurationId,death_wave,
m_IsRollBattleModifier,True,
element_end
element_start,plague_eater_mash_206,BattleConfiguration
m_Chance,1,
m_AdditionalBattleConfigurationTableId,death_mashes,
m_EnemyActors,plague_eater_butcher,plague_eater_butcher,plague_eater_maid,plague_eater_maid,
m_CompleteLootTables,road_faction_rewards_all,
m_CompleteStoryLootTables,resistance_faction_rewards_all,
m_EnemySummonControllerConfigurationId,death_wave,
m_IsRollBattleModifier,True,
element_end
element_start,plague_eater_mash_207,BattleConfiguration
m_Chance,1,
m_AdditionalBattleConfigurationTableId,death_mashes,
m_EnemyActors,shared_lost_soul,shared_lost_soul,plague_eater_lord,
m_CompleteLootTables,road_faction_rewards_all,
m_CompleteStoryLootTables,resistance_faction_rewards_all,
m_EnemySummonControllerConfigurationId,death_wave,
m_IsRollBattleModifier,True,
element_end
element_start,plague_eater_mash_208,BattleConfiguration
m_Chance,1,
m_AdditionalBattleConfigurationTableId,death_mashes,
m_EnemyActors,plague_eater_lord,plague_eater_dinner_cart,
m_CompleteLootTables,road_faction_rewards_all,
m_CompleteStoryLootTables,resistance_faction_rewards_all,
m_EnemySummonControllerConfigurationId,death_wave,
m_IsRollBattleModifier,True,
element_end
element_start,plague_eater_mash_209,BattleConfiguration
m_Chance,1,
m_AdditionalBattleConfigurationTableId,death_mashes,
m_EnemyActors,plague_eater_dinner_cart,plague_eater_dinner_cart,
m_CompleteLootTables,road_faction_rewards_all,
m_CompleteStoryLootTables,resistance_faction_rewards_all,
m_EnemySummonControllerConfigurationId,death_wave,
m_IsRollBattleModifier,True,
element_end
element_start,plague_eater_mash_210,BattleConfiguration
m_Chance,1,
m_AdditionalBattleConfigurationTableId,death_mashes,
m_EnemyActors,plague_eater_livestock,plague_eater_butcher,plague_eater_dinner_cart,
m_CompleteLootTables,road_faction_rewards_all,
m_CompleteStoryLootTables,resistance_faction_rewards_all,
m_EnemySummonControllerConfigurationId,death_wave,
m_IsRollBattleModifier,True,
element_end
element_start,plague_eater_mash_211,BattleConfiguration
m_Chance,1,
m_AdditionalBattleConfigurationTableId,death_mashes,
m_EnemyActors,plague_eater_butcher,plague_eater_butcher,plague_eater_dinner_cart,
m_CompleteLootTables,road_faction_rewards_all,
m_CompleteStoryLootTables,resistance_faction_rewards_all,
m_EnemySummonControllerConfigurationId,death_wave,
m_IsRollBattleModifier,True,
element_end
element_start,plague_eater_mash_212,BattleConfiguration
m_Chance,1,
m_AdditionalBattleConfigurationTableId,death_mashes,
m_EnemyActors,plague_eater_livestock,plague_eater_lady,plague_eater_dinner_cart,
m_CompleteLootTables,road_faction_rewards_all,
m_CompleteStoryLootTables,resistance_faction_rewards_all,
m_EnemySummonControllerConfigurationId,death_wave,
m_IsRollBattleModifier,True,
element_end
element_start,plague_eater_mash_213,BattleConfiguration
m_Chance,1,
m_AdditionalBattleConfigurationTableId,death_mashes,
m_EnemyActors,plague_eater_lady,plague_eater_livestock,plague_eater_lord,
m_CompleteLootTables,road_faction_rewards_all,
m_CompleteStoryLootTables,resistance_faction_rewards_all,
m_EnemySummonControllerConfigurationId,death_wave,
m_IsRollBattleModifier,True,
element_end
element_start,plague_eater_mash_301,BattleConfiguration
m_Chance,1,
m_AdditionalBattleConfigurationTableId,death_mashes,
m_EnemyActors,plague_eater_lady,plague_eater_lord,plague_eater_lady,
m_CompleteLootTables,road_faction_rewards_all,
m_CompleteStoryLootTables,resistance_faction_rewards_all,
m_EnemySummonControllerConfigurationId,death_wave,
m_IsRollBattleModifier,True,
element_end
element_start,plague_eater_mash_302,BattleConfiguration
m_Chance,1,
m_AdditionalBattleConfigurationTableId,death_mashes,
m_EnemyActors,plague_eater_lady,plague_eater_livestock,plague_eater_lord,
m_CompleteLootTables,road_faction_rewards_all,
m_CompleteStoryLootTables,resistance_faction_rewards_all,
m_EnemySummonControllerConfigurationId,death_wave,
m_IsRollBattleModifier,True,
element_end
element_start,plague_eater_mash_303,BattleConfiguration
m_Chance,1,
m_AdditionalBattleConfigurationTableId,death_mashes,
m_EnemyActors,plague_eater_livestock,plague_eater_maid,plague_eater_lord,
m_CompleteLootTables,road_faction_rewards_all,
m_CompleteStoryLootTables,resistance_faction_rewards_all,
m_EnemySummonControllerConfigurationId,death_wave,
m_IsRollBattleModifier,True,
element_end
element_start,plague_eater_mash_304,BattleConfiguration
m_Chance,1,
m_AdditionalBattleConfigurationTableId,death_mashes,
m_EnemyActors,plague_eater_livestock,plague_eater_livestock,plague_eater_maid,plague_eater_lady,
m_CompleteLootTables,road_faction_rewards_all,
m_CompleteStoryLootTables,resistance_faction_rewards_all,
m_EnemySummonControllerConfigurationId,death_wave,
m_IsRollBattleModifier,True,
element_end
element_start,plague_eater_mash_305,BattleConfiguration
m_Chance,1,
m_AdditionalBattleConfigurationTableId,death_mashes,
m_EnemyActors,plague_eater_livestock,plague_eater_livestock,plague_eater_lord,
m_CompleteLootTables,road_faction_rewards_all,
m_CompleteStoryLootTables,resistance_faction_rewards_all,
m_EnemySummonControllerConfigurationId,death_wave,
m_IsRollBattleModifier,True,
element_end
element_start,plague_eater_mash_306,BattleConfiguration
m_Chance,1,
m_AdditionalBattleConfigurationTableId,death_mashes,
m_EnemyActors,plague_eater_lady,plague_eater_lady,plague_eater_dinner_cart,
m_CompleteLootTables,road_faction_rewards_all,
m_CompleteStoryLootTables,resistance_faction_rewards_all,
m_EnemySummonControllerConfigurationId,death_wave,
m_IsRollBattleModifier,True,
element_end
element_start,plague_eater_mash_307,BattleConfiguration
m_Chance,1,
m_AdditionalBattleConfigurationTableId,death_mashes,
m_EnemyActors,plague_eater_butcher,plague_eater_butcher,plague_eater_maid,plague_eater_lady,
m_CompleteLootTables,road_faction_rewards_all,
m_CompleteStoryLootTables,resistance_faction_rewards_all,
m_EnemySummonControllerConfigurationId,death_wave,
m_IsRollBattleModifier,True,
element_end
element_start,plague_eater_mash_308,BattleConfiguration
m_Chance,1,
m_AdditionalBattleConfigurationTableId,death_mashes,
m_EnemyActors,plague_eater_butcher,plague_eater_butcher,plague_eater_maid,plague_eater_maid,
m_CompleteLootTables,road_faction_rewards_all,
m_CompleteStoryLootTables,resistance_faction_rewards_all,
m_EnemySummonControllerConfigurationId,death_wave,
m_IsRollBattleModifier,True,
element_end
element_start,plague_eater_mash_101C,BattleConfiguration
m_Chance,1,
m_AdditionalBattleConfigurationTableId,death_mashes,
m_EnemyActors,plague_eater_livestock_b,plague_eater_livestock,plague_eater_butcher,plague_eater_butcher,
m_CompleteLootTables,road_faction_rewards_all,
m_CompleteStoryLootTables,resistance_faction_rewards_all,
m_EnemySummonControllerConfigurationId,death_wave,
m_IsRollBattleModifier,True,
element_end
element_start,plague_eater_mash_102C,BattleConfiguration
m_Chance,1,
m_AdditionalBattleConfigurationTableId,death_mashes,
m_EnemyActors,plague_eater_livestock_b,plague_eater_livestock,plague_eater_butcher,
m_CompleteLootTables,road_faction_rewards_all,
m_CompleteStoryLootTables,resistance_faction_rewards_all,
m_EnemySummonControllerConfigurationId,death_wave,
m_IsRollBattleModifier,True,
element_end
element_start,plague_eater_mash_103C,BattleConfiguration
m_Chance,1,
m_AdditionalBattleConfigurationTableId,death_mashes,
m_EnemyActors,plague_eater_livestock_b,plague_eater_livestock,plague_eater_maid,
m_CompleteLootTables,road_faction_rewards_all,
m_CompleteStoryLootTables,resistance_faction_rewards_all,
m_EnemySummonControllerConfigurationId,death_wave,
m_IsRollBattleModifier,True,
element_end
element_start,plague_eater_mash_104C,BattleConfiguration
m_Chance,1,
m_AdditionalBattleConfigurationTableId,death_mashes,
m_EnemyActors,plague_eater_livestock_b,plague_eater_livestock,plague_eater_lady,
m_CompleteLootTables,road_faction_rewards_all,
m_CompleteStoryLootTables,resistance_faction_rewards_all,
m_EnemySummonControllerConfigurationId,death_wave,
m_IsRollBattleModifier,True,
element_end
element_start,plague_eater_mash_105C,BattleConfiguration
m_Chance,1,
m_AdditionalBattleConfigurationTableId,death_mashes,
m_EnemyActors,shared_lost_soul,shared_lost_soul,plague_eater_livestock_b,plague_eater_maid,
m_CompleteLootTables,road_faction_rewards_all,
m_CompleteStoryLootTables,resistance_faction_rewards_all,
m_EnemySummonControllerConfigurationId,death_wave,
m_IsRollBattleModifier,True,
element_end
element_start,plague_eater_mash_106C,BattleConfiguration
m_Chance,1,
m_AdditionalBattleConfigurationTableId,death_mashes,
m_EnemyActors,plague_eater_livestock_b,plague_eater_butcher,plague_eater_lord,
m_CompleteLootTables,road_faction_rewards_all,
m_CompleteStoryLootTables,resistance_faction_rewards_all,
m_EnemySummonControllerConfigurationId,death_wave,
m_IsRollBattleModifier,True,
element_end
element_start,plague_eater_mash_107C,BattleConfiguration
m_Chance,1,
m_AdditionalBattleConfigurationTableId,death_mashes,
m_EnemyActors,plague_eater_livestock_b,plague_eater_livestock,plague_eater_lord,
m_CompleteLootTables,road_faction_rewards_all,
m_CompleteStoryLootTables,resistance_faction_rewards_all,
m_EnemySummonControllerConfigurationId,death_wave,
m_IsRollBattleModifier,True,
element_end
element_start,plague_eater_mash_110C,BattleConfiguration
m_Chance,1,
m_AdditionalBattleConfigurationTableId,death_mashes,
m_EnemyActors,plague_eater_livestock_b,plague_eater_maid,plague_eater_lord,
m_CompleteLootTables,road_faction_rewards_all,
m_CompleteStoryLootTables,resistance_faction_rewards_all,
m_EnemySummonControllerConfigurationId,death_wave,
m_IsRollBattleModifier,True,
element_end
element_start,plague_eater_mash_111C,BattleConfiguration
m_Chance,1,
m_AdditionalBattleConfigurationTableId,death_mashes,
m_EnemyActors,plague_eater_livestock_b,plague_eater_livestock,plague_eater_lord,
m_CompleteLootTables,road_faction_rewards_all,
m_CompleteStoryLootTables,resistance_faction_rewards_all,
m_EnemySummonControllerConfigurationId,death_wave,
m_IsRollBattleModifier,True,
element_end
element_start,plague_eater_mash_201C,BattleConfiguration
m_Chance,1,
m_AdditionalBattleConfigurationTableId,death_mashes,
m_EnemyActors,plague_eater_lady,plague_eater_livestock_b,plague_eater_lord,
m_CompleteLootTables,road_faction_rewards_all,
m_CompleteStoryLootTables,resistance_faction_rewards_all,
m_EnemySummonControllerConfigurationId,death_wave,
m_IsRollBattleModifier,True,
element_end
element_start,plague_eater_mash_202C,BattleConfiguration
m_Chance,1,
m_AdditionalBattleConfigurationTableId,death_mashes,
m_EnemyActors,plague_eater_livestock_b,plague_eater_livestock,plague_eater_butcher,plague_eater_maid,
m_CompleteLootTables,road_faction_rewards_all,
m_CompleteStoryLootTables,resistance_faction_rewards_all,
m_EnemySummonControllerConfigurationId,death_wave,
m_IsRollBattleModifier,True,
element_end
element_start,plague_eater_mash_202C_2,BattleConfiguration
m_Chance,1,
m_AdditionalBattleConfigurationTableId,death_mashes,
m_EnemyActors,plague_eater_livestock,plague_eater_livestock,plague_eater_butcher_b,plague_eater_maid,
m_CompleteLootTables,road_faction_rewards_all,
m_CompleteStoryLootTables,resistance_faction_rewards_all,
m_EnemySummonControllerConfigurationId,death_wave,
m_IsRollBattleModifier,True,
element_end
element_start,plague_eater_mash_203C_2,BattleConfiguration
m_Chance,1,
m_AdditionalBattleConfigurationTableId,death_mashes,
m_EnemyActors,plague_eater_livestock,plague_eater_butcher_b,plague_eater_lord,
m_CompleteLootTables,road_faction_rewards_all,
m_CompleteStoryLootTables,resistance_faction_rewards_all,
m_EnemySummonControllerConfigurationId,death_wave,
m_IsRollBattleModifier,True,
element_end
element_start,plague_eater_mash_205C_2,BattleConfiguration
m_Chance,1,
m_AdditionalBattleConfigurationTableId,death_mashes,
m_EnemyActors,plague_eater_butcher_b,plague_eater_butcher,plague_eater_maid,plague_eater_lady,
m_CompleteLootTables,road_faction_rewards_all,
m_CompleteStoryLootTables,resistance_faction_rewards_all,
m_EnemySummonControllerConfigurationId,death_wave,
m_IsRollBattleModifier,True,
element_end
element_start,plague_eater_mash_206C_2,BattleConfiguration
m_Chance,1,
m_AdditionalBattleConfigurationTableId,death_mashes,
m_EnemyActors,plague_eater_butcher,plague_eater_butcher_b,plague_eater_maid,plague_eater_maid,
m_CompleteLootTables,road_faction_rewards_all,
m_CompleteStoryLootTables,resistance_faction_rewards_all,
m_EnemySummonControllerConfigurationId,death_wave,
m_IsRollBattleModifier,True,
element_end
element_start,plague_eater_mash_210C,BattleConfiguration
m_Chance,1,
m_AdditionalBattleConfigurationTableId,death_mashes,
m_EnemyActors,plague_eater_livestock_b,plague_eater_butcher,plague_eater_dinner_cart,
m_CompleteLootTables,road_faction_rewards_all,
m_CompleteStoryLootTables,resistance_faction_rewards_all,
m_EnemySummonControllerConfigurationId,death_wave,
m_IsRollBattleModifier,True,
element_end
element_start,plague_eater_mash_210C_2,BattleConfiguration
m_Chance,1,
m_AdditionalBattleConfigurationTableId,death_mashes,
m_EnemyActors,plague_eater_livestock,plague_eater_butcher_b,plague_eater_dinner_cart,
m_CompleteLootTables,road_faction_rewards_all,
m_CompleteStoryLootTables,resistance_faction_rewards_all,
m_EnemySummonControllerConfigurationId,death_wave,
m_IsRollBattleModifier,True,
element_end
element_start,plague_eater_mash_211C_2,BattleConfiguration
m_Chance,1,
m_AdditionalBattleConfigurationTableId,death_mashes,
m_EnemyActors,plague_eater_butcher_b,plague_eater_butcher,plague_eater_dinner_cart,
m_CompleteLootTables,road_faction_rewards_all,
m_CompleteStoryLootTables,resistance_faction_rewards_all,
m_EnemySummonControllerConfigurationId,death_wave,
m_IsRollBattleModifier,True,
element_end
element_start,plague_eater_mash_212C,BattleConfiguration
m_Chance,1,
m_AdditionalBattleConfigurationTableId,death_mashes,
m_EnemyActors,plague_eater_livestock_b,plague_eater_lady,plague_eater_dinner_cart,
m_CompleteLootTables,road_faction_rewards_all,
m_CompleteStoryLootTables,resistance_faction_rewards_all,
m_EnemySummonControllerConfigurationId,death_wave,
m_IsRollBattleModifier,True,
element_end
element_start,plague_eater_mash_213C,BattleConfiguration
m_Chance,1,
m_AdditionalBattleConfigurationTableId,death_mashes,
m_EnemyActors,plague_eater_lady,plague_eater_livestock_b,plague_eater_lord,
m_CompleteLootTables,road_faction_rewards_all,
m_CompleteStoryLootTables,resistance_faction_rewards_all,
m_EnemySummonControllerConfigurationId,death_wave,
m_IsRollBattleModifier,True,
element_end
element_start,plague_eater_mash_304C,BattleConfiguration
m_Chance,1,
m_AdditionalBattleConfigurationTableId,death_mashes,
m_EnemyActors,plague_eater_livestock_b,plague_eater_livestock,plague_eater_maid,plague_eater_lady,
m_CompleteLootTables,road_faction_rewards_all,
m_CompleteStoryLootTables,resistance_faction_rewards_all,
m_EnemySummonControllerConfigurationId,death_wave,
m_IsRollBattleModifier,True,
element_end
element_start,plague_eater_mash_304C_B,BattleConfiguration
m_Chance,1,
m_AdditionalBattleConfigurationTableId,death_mashes,
m_EnemyActors,plague_eater_livestock,plague_eater_livestock_b,plague_eater_maid,plague_eater_lady,
m_CompleteLootTables,road_faction_rewards_all,
m_CompleteStoryLootTables,resistance_faction_rewards_all,
m_EnemySummonControllerConfigurationId,death_wave,
m_IsRollBattleModifier,True,
element_end
element_start,plague_eater_mash_307C_2,BattleConfiguration
m_Chance,1,
m_AdditionalBattleConfigurationTableId,death_mashes,
m_EnemyActors,plague_eater_butcher_b,plague_eater_butcher,plague_eater_maid,plague_eater_lady,
m_CompleteLootTables,road_faction_rewards_all,
m_CompleteStoryLootTables,resistance_faction_rewards_all,
m_EnemySummonControllerConfigurationId,death_wave,
m_IsRollBattleModifier,True,
element_end
element_start,plague_eater_mash_307C_2B,BattleConfiguration
m_Chance,1,
m_AdditionalBattleConfigurationTableId,death_mashes,
m_EnemyActors,plague_eater_butcher,plague_eater_butcher_b,plague_eater_maid,plague_eater_lady,
m_CompleteLootTables,road_faction_rewards_all,
m_CompleteStoryLootTables,resistance_faction_rewards_all,
m_EnemySummonControllerConfigurationId,death_wave,
m_IsRollBattleModifier,True,
element_end
element_start,plague_eater_mash_308C_2,BattleConfiguration
m_Chance,1,
m_AdditionalBattleConfigurationTableId,death_mashes,
m_EnemyActors,plague_eater_butcher_b,plague_eater_butcher,plague_eater_maid,plague_eater_maid,
m_CompleteLootTables,road_faction_rewards_all,
m_CompleteStoryLootTables,resistance_faction_rewards_all,
m_EnemySummonControllerConfigurationId,death_wave,
m_IsRollBattleModifier,True,
element_end
element_start,plague_eater_mash_308C_2B,BattleConfiguration
m_Chance,1,
m_AdditionalBattleConfigurationTableId,death_mashes,
m_EnemyActors,plague_eater_butcher,plague_eater_butcher_b,plague_eater_maid,plague_eater_maid,
m_CompleteLootTables,road_faction_rewards_all,
m_CompleteStoryLootTables,resistance_faction_rewards_all,
m_EnemySummonControllerConfigurationId,death_wave,
m_IsRollBattleModifier,True,
element_end
element_start,plague_eater_mash_309C_2,BattleConfiguration
m_Chance,1,
m_AdditionalBattleConfigurationTableId,death_mashes,
m_EnemyActors,plague_eater_livestock,plague_eater_livestock,plague_eater_butcher_b,plague_eater_maid,
m_CompleteLootTables,road_faction_rewards_all,
m_CompleteStoryLootTables,resistance_faction_rewards_all,
m_EnemySummonControllerConfigurationId,death_wave,
m_IsRollBattleModifier,True,
element_end
element_start,plague_eater_mash_310C_2,BattleConfiguration
m_Chance,1,
m_AdditionalBattleConfigurationTableId,death_mashes,
m_EnemyActors,plague_eater_livestock,plague_eater_butcher_b,plague_eater_butcher,plague_eater_maid,
m_CompleteLootTables,road_faction_rewards_all,
m_CompleteStoryLootTables,resistance_faction_rewards_all,
m_EnemySummonControllerConfigurationId,death_wave,
m_IsRollBattleModifier,True,
element_end
element_start,plague_eater_mash_BC_01,BattleConfiguration
m_Chance,1,
m_AdditionalBattleConfigurationTableId,death_mashes,
m_EnemyActors,plague_eater_livestock,plague_eater_livestock_b,plague_eater_butcher_b,plague_eater_maid,
m_CompleteLootTables,road_faction_rewards_all,
m_CompleteStoryLootTables,resistance_faction_rewards_all,
m_EnemySummonControllerConfigurationId,death_wave,
m_IsRollBattleModifier,True,
element_end
element_start,plague_eater_mash_BC_02,BattleConfiguration
m_Chance,1,
m_AdditionalBattleConfigurationTableId,death_mashes,
m_EnemyActors,plague_eater_livestock_b,plague_eater_butcher_b,plague_eater_lord,
m_CompleteLootTables,road_faction_rewards_all,
m_CompleteStoryLootTables,resistance_faction_rewards_all,
m_EnemySummonControllerConfigurationId,death_wave,
m_IsRollBattleModifier,True,
element_end
element_start,plague_eater_mash_BC_03,BattleConfiguration
m_Chance,1,
m_AdditionalBattleConfigurationTableId,death_mashes,
m_EnemyActors,plague_eater_butcher_b,plague_eater_livestock_b,plague_eater_butcher,plague_eater_maid,
m_CompleteLootTables,road_faction_rewards_all,
m_CompleteStoryLootTables,resistance_faction_rewards_all,
m_EnemySummonControllerConfigurationId,death_wave,
m_IsRollBattleModifier,True,
element_end
element_start,plague_eater_mash_BC_04,BattleConfiguration
m_Chance,1,
m_AdditionalBattleConfigurationTableId,death_mashes,
m_EnemyActors,plague_eater_lady,plague_eater_livestock_b,plague_eater_butcher_b,plague_eater_maid,
m_CompleteLootTables,road_faction_rewards_all,
m_CompleteStoryLootTables,resistance_faction_rewards_all,
m_EnemySummonControllerConfigurationId,death_wave,
m_IsRollBattleModifier,True,
element_end
element_start,forest_dungeon_1a,BattleConfiguration
m_Chance,1,
m_BackgroundSceneOverride,combat_arena_forest_dungeon_exterior,
m_NextBattleConfigurationTableId,biome_forest_dungeon_round2,
m_IsNextBattleOptional,True,
m_EnemyActors,lost_battalion_foot_soldier,lost_battalion_foot_soldier,lost_battalion_foot_soldier,lost_battalion_drummer,
m_CompleteLootTables,lair_prewave_1_rewards_all,
m_IsRollBattleModifier,True,
element_end
element_start,forest_dungeon_1b,BattleConfiguration
m_Chance,1,
m_BackgroundSceneOverride,combat_arena_forest_dungeon_exterior,
m_NextBattleConfigurationTableId,biome_forest_dungeon_round2,
m_IsNextBattleOptional,True,
m_EnemyActors,shared_lost_soul,lost_battalion_foot_soldier,lost_battalion_foot_soldier,lost_battalion_arbalist,
m_CompleteLootTables,lair_prewave_1_rewards_all,
m_IsRollBattleModifier,True,
element_end
element_start,forest_dungeon_1c,BattleConfiguration
m_Chance,1,
m_BackgroundSceneOverride,combat_arena_forest_dungeon_exterior,
m_NextBattleConfigurationTableId,biome_forest_dungeon_round2,
m_IsNextBattleOptional,True,
m_EnemyActors,lost_battalion_foot_soldier,lost_battalion_foot_soldier,lost_battalion_arbalist,lost_battalion_arbalist,
m_CompleteLootTables,lair_prewave_1_rewards_all,
m_IsRollBattleModifier,True,
element_end
element_start,forest_dungeon_1d,BattleConfiguration
m_Chance,1,
m_BackgroundSceneOverride,combat_arena_forest_dungeon_exterior,
m_NextBattleConfigurationTableId,biome_forest_dungeon_round2,
m_IsNextBattleOptional,True,
m_EnemyActors,lost_battalion_foot_soldier,shared_lost_soul,lost_battalion_foot_soldier,lost_battalion_arbalist,
m_CompleteLootTables,lair_prewave_1_rewards_all,
m_IsRollBattleModifier,True,
element_end
element_start,forest_dungeon_1e,BattleConfiguration
m_Chance,1,
m_BackgroundSceneOverride,combat_arena_forest_dungeon_exterior,
m_NextBattleConfigurationTableId,biome_forest_dungeon_round2,
m_IsNextBattleOptional,True,
m_EnemyActors,lost_battalion_foot_soldier,lost_battalion_foot_soldier,shared_lost_soul_widow,lost_battalion_arbalist,
m_CompleteLootTables,lair_prewave_1_rewards_all,
m_IsRollBattleModifier,True,
element_end
element_start,forest_dungeon_2a,BattleConfiguration
m_Chance,1,
m_BackgroundSceneOverride,combat_arena_forest_dungeon_interior,
m_NextBattleConfigurationId,forest_dungeon_3,
m_IsNextBattleOptional,True,
m_EnemyActors,lost_battalion_knight,lost_battalion_drummer,lost_battalion_bishop,
m_CompleteLootTables,lair_prewave_2_rewards_all,
hero_effects,lair_midfight_heal,
m_IsRollBattleModifier,True,
element_end
element_start,forest_dungeon_2b,BattleConfiguration
m_Chance,1,
m_BackgroundSceneOverride,combat_arena_forest_dungeon_interior,
m_NextBattleConfigurationId,forest_dungeon_3,
m_IsNextBattleOptional,True,
m_EnemyActors,lost_battalion_foot_soldier,lost_battalion_knight,lost_battalion_bishop,
m_CompleteLootTables,lair_prewave_2_rewards_all,
hero_effects,lair_midfight_heal,
m_IsRollBattleModifier,True,
element_end
element_start,forest_dungeon_2c,BattleConfiguration
m_Chance,1,
m_BackgroundSceneOverride,combat_arena_forest_dungeon_interior,
m_NextBattleConfigurationId,forest_dungeon_3,
m_IsNextBattleOptional,True,
m_EnemyActors,lost_battalion_foot_soldier,lost_battalion_foot_soldier,lost_battalion_bishop,lost_battalion_drummer,
m_CompleteLootTables,lair_prewave_2_rewards_all,
hero_effects,lair_midfight_heal,
m_IsRollBattleModifier,True,
element_end
element_start,forest_dungeon_2d,BattleConfiguration
m_Chance,1,
m_BackgroundSceneOverride,combat_arena_forest_dungeon_interior,
m_NextBattleConfigurationId,forest_dungeon_3,
m_IsNextBattleOptional,True,
m_EnemyActors,lost_battalion_foot_soldier,lost_battalion_foot_soldier,lost_battalion_drummer,lost_battalion_bishop,
m_CompleteLootTables,lair_prewave_2_rewards_all,
hero_effects,lair_midfight_heal,
m_IsRollBattleModifier,True,
element_end
element_start,forest_dungeon_2e,BattleConfiguration
m_Chance,1,
m_BackgroundSceneOverride,combat_arena_forest_dungeon_interior,
m_NextBattleConfigurationId,forest_dungeon_3,
m_IsNextBattleOptional,True,
m_EnemyActors,lost_battalion_foot_soldier,lost_battalion_arbalist,lost_battalion_bishop,lost_battalion_drummer,
m_CompleteLootTables,lair_prewave_2_rewards_all,
hero_effects,lair_midfight_heal,
m_IsRollBattleModifier,True,
element_end
element_start,forest_dungeon_2f,BattleConfiguration
m_Chance,1,
m_BackgroundSceneOverride,combat_arena_forest_dungeon_interior,
m_NextBattleConfigurationId,forest_dungeon_3,
m_IsNextBattleOptional,True,
m_EnemyActors,lost_battalion_knight,lost_battalion_arbalist,lost_battalion_arbalist,
m_CompleteLootTables,lair_prewave_2_rewards_all,
hero_effects,lair_midfight_heal,
m_IsRollBattleModifier,True,
element_end
element_start,forest_dungeon_2g,BattleConfiguration
m_Chance,1,
m_BackgroundSceneOverride,combat_arena_forest_dungeon_interior,
m_NextBattleConfigurationId,forest_dungeon_3,
m_IsNextBattleOptional,True,
m_EnemyActors,lost_battalion_foot_soldier,lost_battalion_knight,lost_battalion_drummer,
m_CompleteLootTables,lair_prewave_2_rewards_all,
hero_effects,lair_midfight_heal,
m_IsRollBattleModifier,True,
element_end
element_start,forest_dungeon_2a_c2,BattleConfiguration
m_Chance,1,
m_BackgroundSceneOverride,combat_arena_forest_dungeon_interior,
m_NextBattleConfigurationId,forest_dungeon_3,
m_IsNextBattleOptional,True,
m_EnemyActors,lost_battalion_knight_b,lost_battalion_drummer,lost_battalion_bishop,
m_CompleteLootTables,lair_prewave_2_rewards_all,
hero_effects,lair_midfight_heal,
m_IsRollBattleModifier,True,
element_end
element_start,forest_dungeon_2b_c2,BattleConfiguration
m_Chance,1,
m_BackgroundSceneOverride,combat_arena_forest_dungeon_interior,
m_NextBattleConfigurationId,forest_dungeon_3,
m_IsNextBattleOptional,True,
m_EnemyActors,lost_battalion_foot_soldier,lost_battalion_knight_b,lost_battalion_bishop,
m_CompleteLootTables,lair_prewave_2_rewards_all,
hero_effects,lair_midfight_heal,
m_IsRollBattleModifier,True,
element_end
element_start,forest_dungeon_2e_c,BattleConfiguration
m_Chance,1,
m_BackgroundSceneOverride,combat_arena_forest_dungeon_interior,
m_NextBattleConfigurationId,forest_dungeon_3,
m_IsNextBattleOptional,True,
m_EnemyActors,lost_battalion_foot_soldier,lost_battalion_arbalist_b,lost_battalion_bishop,lost_battalion_drummer,
m_CompleteLootTables,lair_prewave_2_rewards_all,
hero_effects,lair_midfight_heal,
m_IsRollBattleModifier,True,
element_end
element_start,forest_dungeon_2f_c,BattleConfiguration
m_Chance,1,
m_BackgroundSceneOverride,combat_arena_forest_dungeon_interior,
m_NextBattleConfigurationId,forest_dungeon_3,
m_IsNextBattleOptional,True,
m_EnemyActors,lost_battalion_knight,lost_battalion_arbalist,lost_battalion_arbalist_b,
m_CompleteLootTables,lair_prewave_2_rewards_all,
hero_effects,lair_midfight_heal,
m_IsRollBattleModifier,True,
element_end
element_start,forest_dungeon_2f_c1,BattleConfiguration
m_Chance,1,
m_BackgroundSceneOverride,combat_arena_forest_dungeon_interior,
m_NextBattleConfigurationId,forest_dungeon_3,
m_IsNextBattleOptional,True,
m_EnemyActors,lost_battalion_knight,lost_battalion_arbalist_b,lost_battalion_arbalist,
m_CompleteLootTables,lair_prewave_2_rewards_all,
hero_effects,lair_midfight_heal,
m_IsRollBattleModifier,True,
element_end
element_start,forest_dungeon_2f_c2,BattleConfiguration
m_Chance,1,
m_BackgroundSceneOverride,combat_arena_forest_dungeon_interior,
m_NextBattleConfigurationId,forest_dungeon_3,
m_IsNextBattleOptional,True,
m_EnemyActors,lost_battalion_knight_b,lost_battalion_arbalist,lost_battalion_arbalist,
m_CompleteLootTables,lair_prewave_2_rewards_all,
hero_effects,lair_midfight_heal,
m_IsRollBattleModifier,True,
element_end
element_start,forest_dungeon_2g_c2,BattleConfiguration
m_Chance,1,
m_BackgroundSceneOverride,combat_arena_forest_dungeon_interior,
m_NextBattleConfigurationId,forest_dungeon_3,
m_IsNextBattleOptional,True,
m_EnemyActors,lost_battalion_foot_soldier,lost_battalion_knight_b,lost_battalion_drummer,
m_CompleteLootTables,lair_prewave_2_rewards_all,
hero_effects,lair_midfight_heal,
m_IsRollBattleModifier,True,
element_end
element_start,forest_dungeon_3,BattleConfiguration
m_Chance,1,
m_BackgroundSceneOverride,combat_arena_forest_dungeon_interior,
m_IsNextBattleOptional,True,
m_RunDataStatsId,no_retreat,
m_EnemyActors,lost_battalion_boss_dreaming_general,lost_battalion_boss_taproot,
m_CompleteLootTables,lair_boss_rewards_all,
hero_effects,lair_midfight_heal,
m_IsRollBattleModifier,False,
m_Tags,glossary_forest_boss,
element_end
element_start,lost_battalion_mash_102,BattleConfiguration
m_Chance,1,
m_AdditionalBattleConfigurationTableId,death_mashes,
m_EnemyActors,lost_battalion_foot_soldier,lost_battalion_foot_soldier,lost_battalion_bishop,
m_CompleteLootTables,road_faction_rewards_all,
m_CompleteStoryLootTables,resistance_faction_rewards_all,
m_EnemySummonControllerConfigurationId,death_wave,
m_IsRollBattleModifier,True,
element_end
element_start,lost_battalion_mash_104,BattleConfiguration
m_Chance,1,
m_AdditionalBattleConfigurationTableId,death_mashes,
m_EnemyActors,lost_battalion_foot_soldier,lost_battalion_knight,
m_CompleteLootTables,road_faction_rewards_all,
m_CompleteStoryLootTables,resistance_faction_rewards_all,
m_EnemySummonControllerConfigurationId,death_wave,
m_IsRollBattleModifier,True,
element_end
element_start,lost_battalion_mash_201,BattleConfiguration
m_Chance,1,
m_AdditionalBattleConfigurationTableId,death_mashes,
m_EnemyActors,lost_battalion_foot_soldier,lost_battalion_foot_soldier,lost_battalion_foot_soldier,lost_battalion_arbalist,
m_CompleteLootTables,road_faction_rewards_all,
m_CompleteStoryLootTables,resistance_faction_rewards_all,
m_EnemySummonControllerConfigurationId,death_wave,
m_IsRollBattleModifier,True,
element_end
element_start,lost_battalion_mash_202,BattleConfiguration
m_Chance,1,
m_AdditionalBattleConfigurationTableId,death_mashes,
m_EnemyActors,lost_battalion_foot_soldier,lost_battalion_foot_soldier,lost_battalion_foot_soldier,lost_battalion_drummer,
m_CompleteLootTables,road_faction_rewards_all,
m_CompleteStoryLootTables,resistance_faction_rewards_all,
m_EnemySummonControllerConfigurationId,death_wave,
m_IsRollBattleModifier,True,
element_end
element_start,lost_battalion_mash_203,BattleConfiguration
m_Chance,1,
m_AdditionalBattleConfigurationTableId,death_mashes,
m_EnemyActors,lost_battalion_foot_soldier,lost_battalion_foot_soldier,lost_battalion_arbalist,lost_battalion_bishop,
m_CompleteLootTables,road_faction_rewards_all,
m_CompleteStoryLootTables,resistance_faction_rewards_all,
m_EnemySummonControllerConfigurationId,death_wave,
m_IsRollBattleModifier,True,
element_end
element_start,lost_battalion_mash_204,BattleConfiguration
m_Chance,1,
m_AdditionalBattleConfigurationTableId,death_mashes,
m_EnemyActors,lost_battalion_foot_soldier,lost_battalion_foot_soldier,lost_battalion_arbalist,lost_battalion_drummer,
m_CompleteLootTables,road_faction_rewards_all,
m_CompleteStoryLootTables,resistance_faction_rewards_all,
m_EnemySummonControllerConfigurationId,death_wave,
m_IsRollBattleModifier,True,
element_end
element_start,lost_battalion_mash_205,BattleConfiguration
m_Chance,1,
m_AdditionalBattleConfigurationTableId,death_mashes,
m_EnemyActors,lost_battalion_foot_soldier,lost_battalion_knight,lost_battalion_bishop,
m_CompleteLootTables,road_faction_rewards_all,
m_CompleteStoryLootTables,resistance_faction_rewards_all,
m_EnemySummonControllerConfigurationId,death_wave,
m_IsRollBattleModifier,True,
element_end
element_start,lost_battalion_mash_206,BattleConfiguration
m_Chance,1,
m_AdditionalBattleConfigurationTableId,death_mashes,
m_EnemyActors,lost_battalion_foot_soldier,lost_battalion_foot_soldier,lost_battalion_bishop,lost_battalion_drummer,
m_CompleteLootTables,road_faction_rewards_all,
m_CompleteStoryLootTables,resistance_faction_rewards_all,
m_EnemySummonControllerConfigurationId,death_wave,
m_IsRollBattleModifier,True,
element_end
element_start,lost_battalion_mash_207,BattleConfiguration
m_Chance,1,
m_AdditionalBattleConfigurationTableId,death_mashes,
m_EnemyActors,lost_battalion_foot_soldier,lost_battalion_foot_soldier,lost_battalion_drummer,lost_battalion_arbalist,
m_CompleteLootTables,road_faction_rewards_all,
m_CompleteStoryLootTables,resistance_faction_rewards_all,
m_EnemySummonControllerConfigurationId,death_wave,
m_IsRollBattleModifier,True,
element_end
element_start,lost_battalion_mash_208,BattleConfiguration
m_Chance,1,
m_AdditionalBattleConfigurationTableId,death_mashes,
m_EnemyActors,lost_battalion_foot_soldier,lost_battalion_foot_soldier,lost_battalion_bishop,lost_battalion_bishop,
m_CompleteLootTables,road_faction_rewards_all,
m_CompleteStoryLootTables,resistance_faction_rewards_all,
m_EnemySummonControllerConfigurationId,death_wave,
m_IsRollBattleModifier,True,
element_end
element_start,lost_battalion_mash_209,BattleConfiguration
m_Chance,1,
m_AdditionalBattleConfigurationTableId,death_mashes,
m_EnemyActors,lost_battalion_foot_soldier,lost_battalion_foot_soldier,lost_battalion_arbalist,lost_battalion_bishop,
m_CompleteLootTables,road_faction_rewards_all,
m_CompleteStoryLootTables,resistance_faction_rewards_all,
m_EnemySummonControllerConfigurationId,death_wave,
m_IsRollBattleModifier,True,
element_end
element_start,lost_battalion_mash_210,BattleConfiguration
m_Chance,1,
m_AdditionalBattleConfigurationTableId,death_mashes,
m_EnemyActors,lost_battalion_foot_soldier,lost_battalion_foot_soldier,lost_battalion_bishop,lost_battalion_drummer,
m_CompleteLootTables,road_faction_rewards_all,
m_CompleteStoryLootTables,resistance_faction_rewards_all,
m_EnemySummonControllerConfigurationId,death_wave,
m_IsRollBattleModifier,True,
element_end
element_start,lost_battalion_mash_211,BattleConfiguration
m_Chance,1,
m_AdditionalBattleConfigurationTableId,death_mashes,
m_EnemyActors,lost_battalion_foot_soldier,lost_battalion_foot_soldier,lost_battalion_bishop,lost_battalion_arbalist,
m_CompleteLootTables,road_faction_rewards_all,
m_CompleteStoryLootTables,resistance_faction_rewards_all,
m_EnemySummonControllerConfigurationId,death_wave,
m_IsRollBattleModifier,True,
element_end
element_start,lost_battalion_mash_212,BattleConfiguration
m_Chance,1,
m_AdditionalBattleConfigurationTableId,death_mashes,
m_EnemyActors,lost_battalion_knight,lost_battalion_bishop,lost_battalion_bishop,
m_CompleteLootTables,road_faction_rewards_all,
m_CompleteStoryLootTables,resistance_faction_rewards_all,
m_EnemySummonControllerConfigurationId,death_wave,
m_IsRollBattleModifier,True,
element_end
element_start,lost_battalion_mash_213,BattleConfiguration
m_Chance,1,
m_AdditionalBattleConfigurationTableId,death_mashes,
m_EnemyActors,lost_battalion_foot_soldier,lost_battalion_arbalist,lost_battalion_foot_soldier,lost_battalion_drummer,
m_CompleteLootTables,road_faction_rewards_all,
m_CompleteStoryLootTables,resistance_faction_rewards_all,
m_EnemySummonControllerConfigurationId,death_wave,
m_IsRollBattleModifier,True,
element_end
element_start,lost_battalion_mash_214,BattleConfiguration
m_Chance,1,
m_AdditionalBattleConfigurationTableId,death_mashes,
m_EnemyActors,lost_battalion_foot_soldier,lost_battalion_arbalist,lost_battalion_foot_soldier,lost_battalion_arbalist,
m_CompleteLootTables,road_faction_rewards_all,
m_CompleteStoryLootTables,resistance_faction_rewards_all,
m_EnemySummonControllerConfigurationId,death_wave,
m_IsRollBattleModifier,True,
element_end
element_start,lost_battalion_mash_215,BattleConfiguration
m_Chance,1,
m_AdditionalBattleConfigurationTableId,death_mashes,
m_EnemyActors,lost_battalion_foot_soldier,lost_battalion_arbalist,lost_battalion_arbalist,lost_battalion_arbalist,
m_CompleteLootTables,road_faction_rewards_all,
m_CompleteStoryLootTables,resistance_faction_rewards_all,
m_EnemySummonControllerConfigurationId,death_wave,
m_IsRollBattleModifier,True,
element_end
element_start,lost_battalion_mash_216,BattleConfiguration
m_Chance,1,
m_AdditionalBattleConfigurationTableId,death_mashes,
m_EnemyActors,lost_battalion_foot_soldier,lost_battalion_arbalist,lost_battalion_arbalist,lost_battalion_bishop,
m_CompleteLootTables,road_faction_rewards_all,
m_CompleteStoryLootTables,resistance_faction_rewards_all,
m_EnemySummonControllerConfigurationId,death_wave,
m_IsRollBattleModifier,True,
element_end
element_start,lost_battalion_mash_217,BattleConfiguration
m_Chance,1,
m_AdditionalBattleConfigurationTableId,death_mashes,
m_EnemyActors,lost_battalion_foot_soldier,lost_battalion_arbalist,lost_battalion_bishop,lost_battalion_arbalist,
m_CompleteLootTables,road_faction_rewards_all,
m_CompleteStoryLootTables,resistance_faction_rewards_all,
m_EnemySummonControllerConfigurationId,death_wave,
m_IsRollBattleModifier,True,
element_end
element_start,lost_battalion_mash_218,BattleConfiguration
m_Chance,1,
m_AdditionalBattleConfigurationTableId,death_mashes,
m_EnemyActors,shared_lost_soul_yeoman,lost_battalion_arbalist,lost_battalion_arbalist,
m_CompleteLootTables,road_faction_rewards_all,
m_CompleteStoryLootTables,resistance_faction_rewards_all,
m_EnemySummonControllerConfigurationId,death_wave,
m_IsRollBattleModifier,True,
element_end
element_start,lost_battalion_mash_219,BattleConfiguration
m_Chance,1,
m_AdditionalBattleConfigurationTableId,death_mashes,
m_EnemyActors,shared_lost_soul_yeoman,lost_battalion_drummer,lost_battalion_arbalist,
m_CompleteLootTables,road_faction_rewards_all,
m_CompleteStoryLootTables,resistance_faction_rewards_all,
m_EnemySummonControllerConfigurationId,death_wave,
m_IsRollBattleModifier,True,
element_end
element_start,lost_battalion_mash_301,BattleConfiguration
m_Chance,1,
m_AdditionalBattleConfigurationTableId,death_mashes,
m_EnemyActors,lost_battalion_foot_soldier,lost_battalion_foot_soldier,shared_ghoul,
m_CompleteLootTables,road_faction_rewards_all,
m_CompleteStoryLootTables,resistance_faction_rewards_all,
m_EnemySummonControllerConfigurationId,death_wave,
m_IsRollBattleModifier,True,
element_end
element_start,lost_battalion_mash_302,BattleConfiguration
m_Chance,1,
m_AdditionalBattleConfigurationTableId,death_mashes,
m_EnemyActors,lost_battalion_foot_soldier,lost_battalion_arbalist,lost_battalion_bishop,lost_battalion_drummer,
m_CompleteLootTables,road_faction_rewards_all,
m_CompleteStoryLootTables,resistance_faction_rewards_all,
m_EnemySummonControllerConfigurationId,death_wave,
m_IsRollBattleModifier,True,
element_end
element_start,lost_battalion_mash_303,BattleConfiguration
m_Chance,1,
m_AdditionalBattleConfigurationTableId,death_mashes,
m_EnemyActors,lost_battalion_knight,lost_battalion_arbalist,lost_battalion_arbalist,
m_CompleteLootTables,road_faction_rewards_all,
m_CompleteStoryLootTables,resistance_faction_rewards_all,
m_EnemySummonControllerConfigurationId,death_wave,
m_IsRollBattleModifier,True,
element_end
element_start,lost_battalion_mash_304,BattleConfiguration
m_Chance,1,
m_AdditionalBattleConfigurationTableId,death_mashes,
m_EnemyActors,lost_battalion_foot_soldier,lost_battalion_knight,lost_battalion_drummer,
m_CompleteLootTables,road_faction_rewards_all,
m_CompleteStoryLootTables,resistance_faction_rewards_all,
m_EnemySummonControllerConfigurationId,death_wave,
m_IsRollBattleModifier,True,
element_end
element_start,lost_battalion_mash_305,BattleConfiguration
m_Chance,1,
m_AdditionalBattleConfigurationTableId,death_mashes,
m_EnemyActors,lost_battalion_foot_soldier,lost_battalion_foot_soldier,lost_battalion_arbalist,lost_battalion_arbalist,
m_CompleteLootTables,road_faction_rewards_all,
m_CompleteStoryLootTables,resistance_faction_rewards_all,
m_EnemySummonControllerConfigurationId,death_wave,
m_IsRollBattleModifier,True,
element_end
element_start,lost_battalion_mash_306,BattleConfiguration
m_Chance,1,
m_AdditionalBattleConfigurationTableId,death_mashes,
m_EnemyActors,lost_battalion_knight,lost_battalion_drummer,lost_battalion_bishop,
m_CompleteLootTables,road_faction_rewards_all,
m_CompleteStoryLootTables,resistance_faction_rewards_all,
m_EnemySummonControllerConfigurationId,death_wave,
m_IsRollBattleModifier,True,
element_end
element_start,lost_battalion_mash_307,BattleConfiguration
m_Chance,1,
m_AdditionalBattleConfigurationTableId,death_mashes,
m_EnemyActors,lost_battalion_knight,lost_battalion_foot_soldier,lost_battalion_drummer,
m_CompleteLootTables,road_faction_rewards_all,
m_CompleteStoryLootTables,resistance_faction_rewards_all,
m_EnemySummonControllerConfigurationId,death_wave,
m_IsRollBattleModifier,True,
element_end
element_start,lost_battalion_mash_308,BattleConfiguration
m_Chance,1,
m_AdditionalBattleConfigurationTableId,death_mashes,
m_EnemyActors,lost_battalion_knight,lost_battalion_foot_soldier,lost_battalion_arbalist,
m_CompleteLootTables,road_faction_rewards_all,
m_CompleteStoryLootTables,resistance_faction_rewards_all,
m_EnemySummonControllerConfigurationId,death_wave,
m_IsRollBattleModifier,True,
element_end
element_start,lost_battalion_mash_309,BattleConfiguration
m_Chance,1,
m_AdditionalBattleConfigurationTableId,death_mashes,
m_EnemyActors,lost_battalion_knight,lost_battalion_arbalist,lost_battalion_drummer,
m_CompleteLootTables,road_faction_rewards_all,
m_CompleteStoryLootTables,resistance_faction_rewards_all,
m_EnemySummonControllerConfigurationId,death_wave,
m_IsRollBattleModifier,True,
element_end
element_start,lost_battalion_mash_310,BattleConfiguration
m_Chance,1,
m_AdditionalBattleConfigurationTableId,death_mashes,
m_EnemyActors,lost_battalion_knight,lost_battalion_drummer,lost_battalion_arbalist,
m_CompleteLootTables,road_faction_rewards_all,
m_CompleteStoryLootTables,resistance_faction_rewards_all,
m_EnemySummonControllerConfigurationId,death_wave,
m_IsRollBattleModifier,True,
element_end
element_start,lost_battalion_mash_311,BattleConfiguration
m_Chance,1,
m_AdditionalBattleConfigurationTableId,death_mashes,
m_EnemyActors,lost_battalion_knight,lost_battalion_bishop,lost_battalion_bishop,
m_CompleteLootTables,road_faction_rewards_all,
m_CompleteStoryLootTables,resistance_faction_rewards_all,
m_EnemySummonControllerConfigurationId,death_wave,
m_IsRollBattleModifier,True,
element_end
element_start,lost_battalion_mash_312,BattleConfiguration
m_Chance,1,
m_AdditionalBattleConfigurationTableId,death_mashes,
m_EnemyActors,lost_battalion_knight,lost_battalion_bishop,lost_battalion_drummer,
m_CompleteLootTables,road_faction_rewards_all,
m_CompleteStoryLootTables,resistance_faction_rewards_all,
m_EnemySummonControllerConfigurationId,death_wave,
m_IsRollBattleModifier,True,
element_end
element_start,lost_battalion_mash_313,BattleConfiguration
m_Chance,1,
m_AdditionalBattleConfigurationTableId,death_mashes,
m_EnemyActors,lost_battalion_knight,lost_battalion_arbalist,lost_battalion_bishop,
m_CompleteLootTables,road_faction_rewards_all,
m_CompleteStoryLootTables,resistance_faction_rewards_all,
m_EnemySummonControllerConfigurationId,death_wave,
m_IsRollBattleModifier,True,
element_end
element_start,lost_battalion_mash_314,BattleConfiguration
m_Chance,1,
m_AdditionalBattleConfigurationTableId,death_mashes,
m_EnemyActors,lost_battalion_knight,lost_battalion_bishop,lost_battalion_arbalist,
m_CompleteLootTables,road_faction_rewards_all,
m_CompleteStoryLootTables,resistance_faction_rewards_all,
m_EnemySummonControllerConfigurationId,death_wave,
m_IsRollBattleModifier,True,
element_end
element_start,lost_battalion_mash_315,BattleConfiguration
m_Chance,1,
m_AdditionalBattleConfigurationTableId,death_mashes,
m_EnemyActors,lost_battalion_knight,shared_ghoul,
m_CompleteLootTables,road_faction_rewards_all,
m_CompleteStoryLootTables,resistance_faction_rewards_all,
m_EnemySummonControllerConfigurationId,death_wave,
m_IsRollBattleModifier,True,
element_end
element_start,lost_battalion_mash_316,BattleConfiguration
m_Chance,1,
m_AdditionalBattleConfigurationTableId,death_mashes,
m_EnemyActors,lost_battalion_foot_soldier,lost_battalion_arbalist,lost_battalion_drummer,lost_battalion_bishop,
m_CompleteLootTables,road_faction_rewards_all,
m_CompleteStoryLootTables,resistance_faction_rewards_all,
m_EnemySummonControllerConfigurationId,death_wave,
m_IsRollBattleModifier,True,
element_end
element_start,lost_battalion_mash_317,BattleConfiguration
m_Chance,1,
m_AdditionalBattleConfigurationTableId,death_mashes,
m_EnemyActors,lost_battalion_foot_soldier,lost_battalion_arbalist,lost_battalion_arbalist,lost_battalion_drummer,
m_CompleteLootTables,road_faction_rewards_all,
m_CompleteStoryLootTables,resistance_faction_rewards_all,
m_EnemySummonControllerConfigurationId,death_wave,
m_IsRollBattleModifier,True,
element_end
element_start,lost_battalion_mash_318,BattleConfiguration
m_Chance,1,
m_AdditionalBattleConfigurationTableId,death_mashes,
m_EnemyActors,lost_battalion_foot_soldier,lost_battalion_arbalist,lost_battalion_drummer,lost_battalion_arbalist,
m_CompleteLootTables,road_faction_rewards_all,
m_CompleteStoryLootTables,resistance_faction_rewards_all,
m_EnemySummonControllerConfigurationId,death_wave,
m_IsRollBattleModifier,True,
element_end
element_start,lost_battalion_mash_319,BattleConfiguration
m_Chance,1,
m_AdditionalBattleConfigurationTableId,death_mashes,
m_EnemyActors,lost_battalion_foot_soldier,lost_battalion_arbalist,shared_ghoul,
m_CompleteLootTables,road_faction_rewards_all,
m_CompleteStoryLootTables,resistance_faction_rewards_all,
m_EnemySummonControllerConfigurationId,death_wave,
m_IsRollBattleModifier,True,
element_end
element_start,lost_battalion_mash_320,BattleConfiguration
m_Chance,1,
m_AdditionalBattleConfigurationTableId,death_mashes,
m_EnemyActors,shared_ghoul,lost_battalion_arbalist,lost_battalion_drummer,
m_CompleteLootTables,road_faction_rewards_all,
m_CompleteStoryLootTables,resistance_faction_rewards_all,
m_EnemySummonControllerConfigurationId,death_wave,
m_IsRollBattleModifier,True,
element_end
element_start,lost_battalion_mash_321,BattleConfiguration
m_Chance,1,
m_AdditionalBattleConfigurationTableId,death_mashes,
m_EnemyActors,shared_ghoul,lost_battalion_arbalist,lost_battalion_arbalist,
m_CompleteLootTables,road_faction_rewards_all,
m_CompleteStoryLootTables,resistance_faction_rewards_all,
m_EnemySummonControllerConfigurationId,death_wave,
m_IsRollBattleModifier,True,
element_end
element_start,lost_battalion_mash_203C,BattleConfiguration
m_Chance,1,
m_AdditionalBattleConfigurationTableId,death_mashes,
m_EnemyActors,lost_battalion_foot_soldier,lost_battalion_foot_soldier,lost_battalion_arbalist_b,lost_battalion_bishop,
m_CompleteLootTables,road_faction_rewards_all,
m_CompleteStoryLootTables,resistance_faction_rewards_all,
m_EnemySummonControllerConfigurationId,death_wave,
m_IsRollBattleModifier,True,
element_end
element_start,lost_battalion_mash_204C,BattleConfiguration
m_Chance,1,
m_AdditionalBattleConfigurationTableId,death_mashes,
m_EnemyActors,lost_battalion_foot_soldier,lost_battalion_foot_soldier,lost_battalion_arbalist_b,lost_battalion_drummer,
m_CompleteLootTables,road_faction_rewards_all,
m_CompleteStoryLootTables,resistance_faction_rewards_all,
m_EnemySummonControllerConfigurationId,death_wave,
m_IsRollBattleModifier,True,
element_end
element_start,lost_battalion_mash_205C_2,BattleConfiguration
m_Chance,1,
m_AdditionalBattleConfigurationTableId,death_mashes,
m_EnemyActors,lost_battalion_foot_soldier,lost_battalion_knight_b,lost_battalion_bishop,
m_CompleteLootTables,road_faction_rewards_all,
m_CompleteStoryLootTables,resistance_faction_rewards_all,
m_EnemySummonControllerConfigurationId,death_wave,
m_IsRollBattleModifier,True,
element_end
element_start,lost_battalion_mash_207C,BattleConfiguration
m_Chance,1,
m_AdditionalBattleConfigurationTableId,death_mashes,
m_EnemyActors,lost_battalion_foot_soldier,lost_battalion_foot_soldier,lost_battalion_drummer,lost_battalion_arbalist_b,
m_CompleteLootTables,road_faction_rewards_all,
m_CompleteStoryLootTables,resistance_faction_rewards_all,
m_EnemySummonControllerConfigurationId,death_wave,
m_IsRollBattleModifier,True,
element_end
element_start,lost_battalion_mash_209C,BattleConfiguration
m_Chance,1,
m_AdditionalBattleConfigurationTableId,death_mashes,
m_EnemyActors,lost_battalion_foot_soldier,lost_battalion_foot_soldier,lost_battalion_arbalist_b,lost_battalion_bishop,
m_CompleteLootTables,road_faction_rewards_all,
m_CompleteStoryLootTables,resistance_faction_rewards_all,
m_EnemySummonControllerConfigurationId,death_wave,
m_IsRollBattleModifier,True,
element_end
element_start,lost_battalion_mash_211C,BattleConfiguration
m_Chance,1,
m_AdditionalBattleConfigurationTableId,death_mashes,
m_EnemyActors,lost_battalion_foot_soldier,lost_battalion_foot_soldier,lost_battalion_bishop,lost_battalion_arbalist_b,
m_CompleteLootTables,road_faction_rewards_all,
m_CompleteStoryLootTables,resistance_faction_rewards_all,
m_EnemySummonControllerConfigurationId,death_wave,
m_IsRollBattleModifier,True,
element_end
element_start,lost_battalion_mash_213C,BattleConfiguration
m_Chance,1,
m_AdditionalBattleConfigurationTableId,death_mashes,
m_EnemyActors,lost_battalion_foot_soldier,lost_battalion_arbalist_b,lost_battalion_foot_soldier,lost_battalion_drummer,
m_CompleteLootTables,road_faction_rewards_all,
m_CompleteStoryLootTables,resistance_faction_rewards_all,
m_EnemySummonControllerConfigurationId,death_wave,
m_IsRollBattleModifier,True,
element_end
element_start,lost_battalion_mash_214C,BattleConfiguration
m_Chance,1,
m_AdditionalBattleConfigurationTableId,death_mashes,
m_EnemyActors,lost_battalion_foot_soldier,lost_battalion_arbalist,lost_battalion_foot_soldier,lost_battalion_arbalist_b,
m_CompleteLootTables,road_faction_rewards_all,
m_CompleteStoryLootTables,resistance_faction_rewards_all,
m_EnemySummonControllerConfigurationId,death_wave,
m_IsRollBattleModifier,True,
element_end
element_start,lost_battalion_mash_215C,BattleConfiguration
m_Chance,1,
m_AdditionalBattleConfigurationTableId,death_mashes,
m_EnemyActors,lost_battalion_foot_soldier,lost_battalion_arbalist,lost_battalion_arbalist,lost_battalion_arbalist_b,
m_CompleteLootTables,road_faction_rewards_all,
m_CompleteStoryLootTables,resistance_faction_rewards_all,
m_EnemySummonControllerConfigurationId,death_wave,
m_IsRollBattleModifier,True,
element_end
element_start,lost_battalion_mash_216C,BattleConfiguration
m_Chance,1,
m_AdditionalBattleConfigurationTableId,death_mashes,
m_EnemyActors,lost_battalion_foot_soldier,lost_battalion_arbalist,lost_battalion_arbalist_b,lost_battalion_bishop,
m_CompleteLootTables,road_faction_rewards_all,
m_CompleteStoryLootTables,resistance_faction_rewards_all,
m_EnemySummonControllerConfigurationId,death_wave,
m_IsRollBattleModifier,True,
element_end
element_start,lost_battalion_mash_217C,BattleConfiguration
m_Chance,1,
m_AdditionalBattleConfigurationTableId,death_mashes,
m_EnemyActors,lost_battalion_foot_soldier,lost_battalion_arbalist,lost_battalion_bishop,lost_battalion_arbalist_b,
m_CompleteLootTables,road_faction_rewards_all,
m_CompleteStoryLootTables,resistance_faction_rewards_all,
m_EnemySummonControllerConfigurationId,death_wave,
m_IsRollBattleModifier,True,
element_end
element_start,lost_battalion_mash_218C,BattleConfiguration
m_Chance,1,
m_AdditionalBattleConfigurationTableId,death_mashes,
m_EnemyActors,shared_ghoul,lost_battalion_arbalist_b,lost_battalion_arbalist,
m_CompleteLootTables,road_faction_rewards_all,
m_CompleteStoryLootTables,resistance_faction_rewards_all,
m_EnemySummonControllerConfigurationId,death_wave,
m_IsRollBattleModifier,True,
element_end
element_start,lost_battalion_mash_219C,BattleConfiguration
m_Chance,1,
m_AdditionalBattleConfigurationTableId,death_mashes,
m_EnemyActors,shared_ghoul,lost_battalion_drummer,lost_battalion_arbalist_b,
m_CompleteLootTables,road_faction_rewards_all,
m_CompleteStoryLootTables,resistance_faction_rewards_all,
m_EnemySummonControllerConfigurationId,death_wave,
m_IsRollBattleModifier,True,
element_end
element_start,lost_battalion_mash_302C,BattleConfiguration
m_Chance,1,
m_AdditionalBattleConfigurationTableId,death_mashes,
m_EnemyActors,lost_battalion_foot_soldier,lost_battalion_arbalist_b,lost_battalion_bishop,lost_battalion_drummer,
m_CompleteLootTables,road_faction_rewards_all,
m_CompleteStoryLootTables,resistance_faction_rewards_all,
m_EnemySummonControllerConfigurationId,death_wave,
m_IsRollBattleModifier,True,
element_end
element_start,lost_battalion_mash_303C,BattleConfiguration
m_Chance,1,
m_AdditionalBattleConfigurationTableId,death_mashes,
m_EnemyActors,lost_battalion_knight,lost_battalion_arbalist,lost_battalion_arbalist_b,
m_CompleteLootTables,road_faction_rewards_all,
m_CompleteStoryLootTables,resistance_faction_rewards_all,
m_EnemySummonControllerConfigurationId,death_wave,
m_IsRollBattleModifier,True,
element_end
element_start,lost_battalion_mash_303C_2,BattleConfiguration
m_Chance,1,
m_AdditionalBattleConfigurationTableId,death_mashes,
m_EnemyActors,lost_battalion_knight_b,lost_battalion_arbalist,lost_battalion_arbalist,
m_CompleteLootTables,road_faction_rewards_all,
m_CompleteStoryLootTables,resistance_faction_rewards_all,
m_EnemySummonControllerConfigurationId,death_wave,
m_IsRollBattleModifier,True,
element_end
element_start,lost_battalion_mash_304C_2,BattleConfiguration
m_Chance,1,
m_AdditionalBattleConfigurationTableId,death_mashes,
m_EnemyActors,lost_battalion_foot_soldier,lost_battalion_knight_b,lost_battalion_drummer,
m_CompleteLootTables,road_faction_rewards_all,
m_CompleteStoryLootTables,resistance_faction_rewards_all,
m_EnemySummonControllerConfigurationId,death_wave,
m_IsRollBattleModifier,True,
element_end
element_start,lost_battalion_mash_305C,BattleConfiguration
m_Chance,1,
m_AdditionalBattleConfigurationTableId,death_mashes,
m_EnemyActors,lost_battalion_foot_soldier,lost_battalion_foot_soldier,lost_battalion_arbalist_b,lost_battalion_arbalist,
m_CompleteLootTables,road_faction_rewards_all,
m_CompleteStoryLootTables,resistance_faction_rewards_all,
m_EnemySummonControllerConfigurationId,death_wave,
m_IsRollBattleModifier,True,
element_end
element_start,lost_battalion_mash_306C_2,BattleConfiguration
m_Chance,1,
m_AdditionalBattleConfigurationTableId,death_mashes,
m_EnemyActors,lost_battalion_knight_b,lost_battalion_drummer,lost_battalion_bishop,
m_CompleteLootTables,road_faction_rewards_all,
m_CompleteStoryLootTables,resistance_faction_rewards_all,
m_EnemySummonControllerConfigurationId,death_wave,
m_IsRollBattleModifier,True,
element_end
element_start,lost_battalion_mash_307C_2,BattleConfiguration
m_Chance,1,
m_AdditionalBattleConfigurationTableId,death_mashes,
m_EnemyActors,lost_battalion_knight_b,lost_battalion_foot_soldier,lost_battalion_drummer,
m_CompleteLootTables,road_faction_rewards_all,
m_CompleteStoryLootTables,resistance_faction_rewards_all,
m_EnemySummonControllerConfigurationId,death_wave,
m_IsRollBattleModifier,True,
element_end
element_start,lost_battalion_mash_308C,BattleConfiguration
m_Chance,1,
m_AdditionalBattleConfigurationTableId,death_mashes,
m_EnemyActors,lost_battalion_knight,lost_battalion_foot_soldier,lost_battalion_arbalist_b,
m_CompleteLootTables,road_faction_rewards_all,
m_CompleteStoryLootTables,resistance_faction_rewards_all,
m_EnemySummonControllerConfigurationId,death_wave,
m_IsRollBattleModifier,True,
element_end
element_start,lost_battalion_mash_308C_2,BattleConfiguration
m_Chance,1,
m_AdditionalBattleConfigurationTableId,death_mashes,
m_EnemyActors,lost_battalion_knight_b,lost_battalion_foot_soldier,lost_battalion_arbalist,
m_CompleteLootTables,road_faction_rewards_all,
m_CompleteStoryLootTables,resistance_faction_rewards_all,
m_EnemySummonControllerConfigurationId,death_wave,
m_IsRollBattleModifier,True,
element_end
element_start,lost_battalion_mash_309C,BattleConfiguration
m_Chance,1,
m_AdditionalBattleConfigurationTableId,death_mashes,
m_EnemyActors,lost_battalion_knight,lost_battalion_arbalist_b,lost_battalion_drummer,
m_CompleteLootTables,road_faction_rewards_all,
m_CompleteStoryLootTables,resistance_faction_rewards_all,
m_EnemySummonControllerConfigurationId,death_wave,
m_IsRollBattleModifier,True,
element_end
element_start,lost_battalion_mash_309C_2,BattleConfiguration
m_Chance,1,
m_AdditionalBattleConfigurationTableId,death_mashes,
m_EnemyActors,lost_battalion_knight_b,lost_battalion_arbalist,lost_battalion_drummer,
m_CompleteLootTables,road_faction_rewards_all,
m_CompleteStoryLootTables,resistance_faction_rewards_all,
m_EnemySummonControllerConfigurationId,death_wave,
m_IsRollBattleModifier,True,
element_end
element_start,lost_battalion_mash_310C,BattleConfiguration
m_Chance,1,
m_AdditionalBattleConfigurationTableId,death_mashes,
m_EnemyActors,lost_battalion_knight,lost_battalion_drummer,lost_battalion_arbalist_b,
m_CompleteLootTables,road_faction_rewards_all,
m_CompleteStoryLootTables,resistance_faction_rewards_all,
m_EnemySummonControllerConfigurationId,death_wave,
m_IsRollBattleModifier,True,
element_end
element_start,lost_battalion_mash_310C_2,BattleConfiguration
m_Chance,1,
m_AdditionalBattleConfigurationTableId,death_mashes,
m_EnemyActors,lost_battalion_knight_b,lost_battalion_drummer,lost_battalion_arbalist,
m_CompleteLootTables,road_faction_rewards_all,
m_CompleteStoryLootTables,resistance_faction_rewards_all,
m_EnemySummonControllerConfigurationId,death_wave,
m_IsRollBattleModifier,True,
element_end
element_start,lost_battalion_mash_312C_2,BattleConfiguration
m_Chance,1,
m_AdditionalBattleConfigurationTableId,death_mashes,
m_EnemyActors,lost_battalion_knight_b,lost_battalion_bishop,lost_battalion_drummer,
m_CompleteLootTables,road_faction_rewards_all,
m_CompleteStoryLootTables,resistance_faction_rewards_all,
m_EnemySummonControllerConfigurationId,death_wave,
m_IsRollBattleModifier,True,
element_end
element_start,lost_battalion_mash_313C_2,BattleConfiguration
m_Chance,1,
m_AdditionalBattleConfigurationTableId,death_mashes,
m_EnemyActors,lost_battalion_knight_b,lost_battalion_arbalist,lost_battalion_bishop,
m_CompleteLootTables,road_faction_rewards_all,
m_CompleteStoryLootTables,resistance_faction_rewards_all,
m_EnemySummonControllerConfigurationId,death_wave,
m_IsRollBattleModifier,True,
element_end
element_start,lost_battalion_mash_314C_2,BattleConfiguration
m_Chance,1,
m_AdditionalBattleConfigurationTableId,death_mashes,
m_EnemyActors,lost_battalion_knight_b,lost_battalion_bishop,lost_battalion_arbalist,
m_CompleteLootTables,road_faction_rewards_all,
m_CompleteStoryLootTables,resistance_faction_rewards_all,
m_EnemySummonControllerConfigurationId,death_wave,
m_IsRollBattleModifier,True,
element_end
element_start,lost_battalion_mash_315C_2,BattleConfiguration
m_Chance,1,
m_AdditionalBattleConfigurationTableId,death_mashes,
m_EnemyActors,lost_battalion_knight_b,shared_ghoul,
m_CompleteLootTables,road_faction_rewards_all,
m_CompleteStoryLootTables,resistance_faction_rewards_all,
m_EnemySummonControllerConfigurationId,death_wave,
m_IsRollBattleModifier,True,
element_end
element_start,lost_battalion_mash_316C,BattleConfiguration
m_Chance,1,
m_AdditionalBattleConfigurationTableId,death_mashes,
m_EnemyActors,lost_battalion_foot_soldier,lost_battalion_arbalist_b,lost_battalion_drummer,lost_battalion_bishop,
m_CompleteLootTables,road_faction_rewards_all,
m_CompleteStoryLootTables,resistance_faction_rewards_all,
m_EnemySummonControllerConfigurationId,death_wave,
m_IsRollBattleModifier,True,
element_end
element_start,lost_battalion_mash_317C,BattleConfiguration
m_Chance,1,
m_AdditionalBattleConfigurationTableId,death_mashes,
m_EnemyActors,lost_battalion_foot_soldier,lost_battalion_arbalist,lost_battalion_arbalist_b,lost_battalion_drummer,
m_CompleteLootTables,road_faction_rewards_all,
m_CompleteStoryLootTables,resistance_faction_rewards_all,
m_EnemySummonControllerConfigurationId,death_wave,
m_IsRollBattleModifier,True,
element_end
element_start,lost_battalion_mash_318C,BattleConfiguration
m_Chance,1,
m_AdditionalBattleConfigurationTableId,death_mashes,
m_EnemyActors,lost_battalion_foot_soldier,lost_battalion_arbalist,lost_battalion_drummer,lost_battalion_arbalist_b,
m_CompleteLootTables,road_faction_rewards_all,
m_CompleteStoryLootTables,resistance_faction_rewards_all,
m_EnemySummonControllerConfigurationId,death_wave,
m_IsRollBattleModifier,True,
element_end
element_start,lost_battalion_mash_319C,BattleConfiguration
m_Chance,1,
m_AdditionalBattleConfigurationTableId,death_mashes,
m_EnemyActors,lost_battalion_foot_soldier,lost_battalion_arbalist_b,shared_ghoul,
m_CompleteLootTables,road_faction_rewards_all,
m_CompleteStoryLootTables,resistance_faction_rewards_all,
m_EnemySummonControllerConfigurationId,death_wave,
m_IsRollBattleModifier,True,
element_end
element_start,lost_battalion_mash_320C,BattleConfiguration
m_Chance,1,
m_AdditionalBattleConfigurationTableId,death_mashes,
m_EnemyActors,shared_ghoul,lost_battalion_arbalist_b,lost_battalion_drummer,
m_CompleteLootTables,road_faction_rewards_all,
m_CompleteStoryLootTables,resistance_faction_rewards_all,
m_EnemySummonControllerConfigurationId,death_wave,
m_IsRollBattleModifier,True,
element_end
element_start,lost_battalion_mash_321C,BattleConfiguration
m_Chance,1,
m_AdditionalBattleConfigurationTableId,death_mashes,
m_EnemyActors,shared_ghoul,lost_battalion_arbalist,lost_battalion_arbalist_b,
m_CompleteLootTables,road_faction_rewards_all,
m_CompleteStoryLootTables,resistance_faction_rewards_all,
m_EnemySummonControllerConfigurationId,death_wave,
m_IsRollBattleModifier,True,
element_end
element_start,lost_battalion_mash_BC_01,BattleConfiguration
m_Chance,1,
m_AdditionalBattleConfigurationTableId,death_mashes,
m_EnemyActors,lost_battalion_knight_b,lost_battalion_drummer,lost_battalion_arbalist_b,
m_CompleteLootTables,road_faction_rewards_all,
m_CompleteStoryLootTables,resistance_faction_rewards_all,
m_EnemySummonControllerConfigurationId,death_wave,
m_IsRollBattleModifier,True,
element_end
element_start,lost_battalion_mash_BC_02,BattleConfiguration
m_Chance,1,
m_AdditionalBattleConfigurationTableId,death_mashes,
m_EnemyActors,lost_battalion_knight_b,lost_battalion_arbalist_b,lost_battalion_drummer,
m_CompleteLootTables,road_faction_rewards_all,
m_CompleteStoryLootTables,resistance_faction_rewards_all,
m_EnemySummonControllerConfigurationId,death_wave,
m_IsRollBattleModifier,True,
element_end
element_start,lost_battalion_mash_BC_03,BattleConfiguration
m_Chance,1,
m_AdditionalBattleConfigurationTableId,death_mashes,
m_EnemyActors,lost_battalion_knight_b,lost_battalion_arbalist_b,lost_battalion_arbalist,
m_CompleteLootTables,road_faction_rewards_all,
m_CompleteStoryLootTables,resistance_faction_rewards_all,
m_EnemySummonControllerConfigurationId,death_wave,
m_IsRollBattleModifier,True,
element_end
element_start,lost_battalion_mash_BC_04,BattleConfiguration
m_Chance,1,
m_AdditionalBattleConfigurationTableId,death_mashes,
m_EnemyActors,lost_battalion_foot_soldier,lost_battalion_knight_b,lost_battalion_arbalist_b,
m_CompleteLootTables,road_faction_rewards_all,
m_CompleteStoryLootTables,resistance_faction_rewards_all,
m_EnemySummonControllerConfigurationId,death_wave,
m_IsRollBattleModifier,True,
element_end
element_start,swine_mash_101,BattleConfiguration
m_Chance,1,
m_AdditionalBattleConfigurationTableId,death_mashes,
m_EnemyActors,cave_swine_skulker,cave_swine_skulker,cave_swine_skulker,
m_CompleteLootTables,road_caves_rewards_all,
m_CompleteStoryLootTables,resistance_caves_rewards_all,
m_EnemySummonControllerConfigurationId,death_wave,
m_IsRollBattleModifier,True,
element_end
element_start,swine_mash_102,BattleConfiguration
m_Chance,1,
m_AdditionalBattleConfigurationTableId,death_mashes,
m_EnemyActors,cave_swine_skulker,cave_swine_brute,
m_CompleteLootTables,road_caves_rewards_all,
m_CompleteStoryLootTables,resistance_caves_rewards_all,
m_EnemySummonControllerConfigurationId,death_wave,
m_IsRollBattleModifier,True,
element_end
element_start,swine_mash_201,BattleConfiguration
m_Chance,1,
m_AdditionalBattleConfigurationTableId,death_mashes,
m_EnemyActors,cave_swine_skulker,cave_swine_skulker,cave_swine_skulker,cave_swine_skulker,
m_CompleteLootTables,road_caves_rewards_all,
m_CompleteStoryLootTables,resistance_caves_rewards_all,
m_EnemySummonControllerConfigurationId,death_wave,
m_IsRollBattleModifier,True,
element_end
element_start,swine_mash_202,BattleConfiguration
m_Chance,1,
m_AdditionalBattleConfigurationTableId,death_mashes,
m_EnemyActors,cave_swine_skulker,cave_swine_brute,cave_swine_skulker,
m_CompleteLootTables,road_caves_rewards_all,
m_CompleteStoryLootTables,resistance_caves_rewards_all,
m_EnemySummonControllerConfigurationId,death_wave,
m_IsRollBattleModifier,True,
element_end
element_start,swine_mash_203,BattleConfiguration
m_Chance,1,
m_AdditionalBattleConfigurationTableId,death_mashes,
m_EnemyActors,cave_swine_brute,cave_swine_skulker,cave_swine_skulker,
m_CompleteLootTables,road_caves_rewards_all,
m_CompleteStoryLootTables,resistance_caves_rewards_all,
m_EnemySummonControllerConfigurationId,death_wave,
m_IsRollBattleModifier,True,
element_end
element_start,swine_mash_204,BattleConfiguration
m_Chance,1,
m_AdditionalBattleConfigurationTableId,death_mashes,
m_EnemyActors,cave_swine_brute,cave_swine_skiver,cave_swine_skulker,
m_CompleteLootTables,road_caves_rewards_all,
m_CompleteStoryLootTables,resistance_caves_rewards_all,
m_EnemySummonControllerConfigurationId,death_wave,
m_IsRollBattleModifier,True,
element_end
element_start,swine_mash_205,BattleConfiguration
m_Chance,1,
m_AdditionalBattleConfigurationTableId,death_mashes,
m_EnemyActors,cave_swine_skulker,cave_swine_skulker,cave_swine_skiver,cave_swine_skulker,
m_CompleteLootTables,road_caves_rewards_all,
m_CompleteStoryLootTables,resistance_caves_rewards_all,
m_EnemySummonControllerConfigurationId,death_wave,
m_IsRollBattleModifier,True,
element_end
element_start,swine_mash_206,BattleConfiguration
m_Chance,1,
m_AdditionalBattleConfigurationTableId,death_mashes,
m_EnemyActors,cave_swine_skulker,cave_swine_skulker,cave_swine_brute,
m_CompleteLootTables,road_caves_rewards_all,
m_CompleteStoryLootTables,resistance_caves_rewards_all,
m_EnemySummonControllerConfigurationId,death_wave,
m_IsRollBattleModifier,True,
element_end
element_start,swine_mash_207,BattleConfiguration
m_Chance,1,
m_AdditionalBattleConfigurationTableId,death_mashes,
m_EnemyActors,cave_swine_skulker,shared_carrion_eater,cave_swine_skulker,cave_swine_skulker,
m_CompleteLootTables,road_caves_rewards_all,
m_CompleteStoryLootTables,resistance_caves_rewards_all,
m_EnemySummonControllerConfigurationId,death_wave,
m_IsRollBattleModifier,True,
element_end
element_start,swine_mash_208,BattleConfiguration
m_Chance,1,
m_AdditionalBattleConfigurationTableId,death_mashes,
m_EnemyActors,cave_swine_skulker,shared_carrion_eater,cave_swine_skiver,cave_swine_skulker,
m_CompleteLootTables,road_caves_rewards_all,
m_CompleteStoryLootTables,resistance_caves_rewards_all,
m_EnemySummonControllerConfigurationId,death_wave,
m_IsRollBattleModifier,True,
element_end
element_start,swine_mash_209,BattleConfiguration
m_Chance,1,
m_AdditionalBattleConfigurationTableId,death_mashes,
m_EnemyActors,cave_swine_skulker,shared_carrion_eater,cave_swine_brute,
m_CompleteLootTables,road_caves_rewards_all,
m_CompleteStoryLootTables,resistance_caves_rewards_all,
m_EnemySummonControllerConfigurationId,death_wave,
m_IsRollBattleModifier,True,
element_end
element_start,swine_mash_210,BattleConfiguration
m_Chance,1,
m_AdditionalBattleConfigurationTableId,death_mashes,
m_EnemyActors,shared_carrion_eater,cave_swine_skulker,cave_swine_skulker,cave_swine_skulker,
m_CompleteLootTables,road_caves_rewards_all,
m_CompleteStoryLootTables,resistance_caves_rewards_all,
m_EnemySummonControllerConfigurationId,death_wave,
m_IsRollBattleModifier,True,
element_end
element_start,swine_mash_211,BattleConfiguration
m_Chance,1,
m_AdditionalBattleConfigurationTableId,death_mashes,
m_EnemyActors,shared_carrion_eater,cave_swine_skulker,cave_swine_skiver,cave_swine_skulker,
m_CompleteLootTables,road_caves_rewards_all,
m_CompleteStoryLootTables,resistance_caves_rewards_all,
m_EnemySummonControllerConfigurationId,death_wave,
m_IsRollBattleModifier,True,
element_end
element_start,swine_mash_212,BattleConfiguration
m_Chance,1,
m_AdditionalBattleConfigurationTableId,death_mashes,
m_EnemyActors,shared_carrion_eater,cave_swine_skulker,cave_swine_brute,
m_CompleteLootTables,road_caves_rewards_all,
m_CompleteStoryLootTables,resistance_caves_rewards_all,
m_EnemySummonControllerConfigurationId,death_wave,
m_IsRollBattleModifier,True,
element_end
element_start,swine_mash_213,BattleConfiguration
m_Chance,1,
m_AdditionalBattleConfigurationTableId,death_mashes,
m_EnemyActors,cave_swine_skulker,cave_swine_brute,shared_carrion_eater,
m_CompleteLootTables,road_caves_rewards_all,
m_CompleteStoryLootTables,resistance_caves_rewards_all,
m_EnemySummonControllerConfigurationId,death_wave,
m_IsRollBattleModifier,True,
element_end
element_start,swine_mash_214,BattleConfiguration
m_Chance,1,
m_AdditionalBattleConfigurationTableId,death_mashes,
m_EnemyActors,cave_swine_skulker,cave_swine_brute,shared_carrion_eater_mutated,
m_CompleteLootTables,road_caves_rewards_all,
m_CompleteStoryLootTables,resistance_caves_rewards_all,
m_EnemySummonControllerConfigurationId,death_wave,
m_IsRollBattleModifier,True,
element_end
element_start,swine_mash_215,BattleConfiguration
m_Chance,1,
m_AdditionalBattleConfigurationTableId,death_mashes,
m_EnemyActors,shared_carrion_eater,cave_swine_brute,cave_swine_skulker,
m_CompleteLootTables,road_caves_rewards_all,
m_CompleteStoryLootTables,resistance_caves_rewards_all,
m_EnemySummonControllerConfigurationId,death_wave,
m_IsRollBattleModifier,True,
element_end
element_start,swine_mash_301,BattleConfiguration
m_Chance,1,
m_AdditionalBattleConfigurationTableId,death_mashes,
m_EnemyActors,cave_swine_brute,cave_swine_brute,
m_CompleteLootTables,road_caves_rewards_all,
m_CompleteStoryLootTables,resistance_caves_rewards_all,
m_EnemySummonControllerConfigurationId,death_wave,
m_IsRollBattleModifier,True,
element_end
element_start,swine_mash_302,BattleConfiguration
m_Chance,1,
m_AdditionalBattleConfigurationTableId,death_mashes,
m_EnemyActors,cave_swine_skulker,shared_carrion_eater,cave_swine_skulker,cave_swine_skiver,
m_CompleteLootTables,road_caves_rewards_all,
m_CompleteStoryLootTables,resistance_caves_rewards_all,
m_EnemySummonControllerConfigurationId,death_wave,
m_IsRollBattleModifier,True,
element_end
element_start,swine_mash_303,BattleConfiguration
m_Chance,1,
m_AdditionalBattleConfigurationTableId,death_mashes,
m_EnemyActors,cave_swine_skulker,shared_carrion_eater_mutated,cave_swine_skulker,cave_swine_skulker,
m_CompleteLootTables,road_caves_rewards_all,
m_CompleteStoryLootTables,resistance_caves_rewards_all,
m_EnemySummonControllerConfigurationId,death_wave,
m_IsRollBattleModifier,True,
element_end
element_start,swine_mash_304,BattleConfiguration
m_Chance,1,
m_AdditionalBattleConfigurationTableId,death_mashes,
m_EnemyActors,cave_swine_skulker,shared_carrion_eater_mutated,cave_swine_skulker,cave_swine_skiver,
m_CompleteLootTables,road_caves_rewards_all,
m_CompleteStoryLootTables,resistance_caves_rewards_all,
m_EnemySummonControllerConfigurationId,death_wave,
m_IsRollBattleModifier,True,
element_end
element_start,swine_mash_305,BattleConfiguration
m_Chance,1,
m_AdditionalBattleConfigurationTableId,death_mashes,
m_EnemyActors,cave_swine_skulker,cave_swine_skulker,cave_swine_skulker,cave_swine_skiver,
m_CompleteLootTables,road_caves_rewards_all,
m_CompleteStoryLootTables,resistance_caves_rewards_all,
m_EnemySummonControllerConfigurationId,death_wave,
m_IsRollBattleModifier,True,
element_end
element_start,swine_mash_306,BattleConfiguration
m_Chance,1,
m_AdditionalBattleConfigurationTableId,death_mashes,
m_EnemyActors,cave_swine_brute,cave_swine_skulker,cave_swine_skiver,
m_CompleteLootTables,road_caves_rewards_all,
m_CompleteStoryLootTables,resistance_caves_rewards_all,
m_EnemySummonControllerConfigurationId,death_wave,
m_IsRollBattleModifier,True,
element_end
element_start,swine_mash_307,BattleConfiguration
m_Chance,1,
m_AdditionalBattleConfigurationTableId,death_mashes,
m_EnemyActors,cave_swine_skulker,shared_carrion_eater_mutated,cave_swine_skiver,cave_swine_skulker,
m_CompleteLootTables,road_caves_rewards_all,
m_CompleteStoryLootTables,resistance_caves_rewards_all,
m_EnemySummonControllerConfigurationId,death_wave,
m_IsRollBattleModifier,True,
element_end
element_start,swine_mash_308,BattleConfiguration
m_Chance,1,
m_AdditionalBattleConfigurationTableId,death_mashes,
m_EnemyActors,cave_swine_skulker,shared_carrion_eater_mutated,cave_swine_brute,
m_CompleteLootTables,road_caves_rewards_all,
m_CompleteStoryLootTables,resistance_caves_rewards_all,
m_EnemySummonControllerConfigurationId,death_wave,
m_IsRollBattleModifier,True,
element_end
element_start,swine_mash_309,BattleConfiguration
m_Chance,1,
m_AdditionalBattleConfigurationTableId,death_mashes,
m_EnemyActors,shared_carrion_eater,cave_swine_skulker,cave_swine_skulker,cave_swine_skiver,
m_CompleteLootTables,road_caves_rewards_all,
m_CompleteStoryLootTables,resistance_caves_rewards_all,
m_EnemySummonControllerConfigurationId,death_wave,
m_IsRollBattleModifier,True,
element_end
element_start,swine_mash_310,BattleConfiguration
m_Chance,1,
m_AdditionalBattleConfigurationTableId,death_mashes,
m_EnemyActors,shared_carrion_eater_mutated,cave_swine_skulker,cave_swine_skulker,cave_swine_skulker,
m_CompleteLootTables,road_caves_rewards_all,
m_CompleteStoryLootTables,resistance_caves_rewards_all,
m_EnemySummonControllerConfigurationId,death_wave,
m_IsRollBattleModifier,True,
element_end
element_start,swine_mash_311,BattleConfiguration
m_Chance,1,
m_AdditionalBattleConfigurationTableId,death_mashes,
m_EnemyActors,shared_carrion_eater_mutated,cave_swine_skulker,cave_swine_skulker,cave_swine_skiver,
m_CompleteLootTables,road_caves_rewards_all,
m_CompleteStoryLootTables,resistance_caves_rewards_all,
m_EnemySummonControllerConfigurationId,death_wave,
m_IsRollBattleModifier,True,
element_end
element_start,swine_mash_312,BattleConfiguration
m_Chance,1,
m_AdditionalBattleConfigurationTableId,death_mashes,
m_EnemyActors,shared_carrion_eater_mutated,cave_swine_skulker,cave_swine_skiver,cave_swine_skulker,
m_CompleteLootTables,road_caves_rewards_all,
m_CompleteStoryLootTables,resistance_caves_rewards_all,
m_EnemySummonControllerConfigurationId,death_wave,
m_IsRollBattleModifier,True,
element_end
element_start,swine_mash_313,BattleConfiguration
m_Chance,1,
m_AdditionalBattleConfigurationTableId,death_mashes,
m_EnemyActors,shared_carrion_eater_mutated,cave_swine_skulker,cave_swine_brute,
m_CompleteLootTables,road_caves_rewards_all,
m_CompleteStoryLootTables,resistance_caves_rewards_all,
m_EnemySummonControllerConfigurationId,death_wave,
m_IsRollBattleModifier,True,
element_end
element_start,swine_mash_314,BattleConfiguration
m_Chance,1,
m_AdditionalBattleConfigurationTableId,death_mashes,
m_EnemyActors,shared_carrion_eater_mutated,shared_carrion_eater,cave_swine_skulker,cave_swine_skulker,
m_CompleteLootTables,road_caves_rewards_all,
m_CompleteStoryLootTables,resistance_caves_rewards_all,
m_EnemySummonControllerConfigurationId,death_wave,
m_IsRollBattleModifier,True,
element_end
element_start,swine_mash_315,BattleConfiguration
m_Chance,1,
m_AdditionalBattleConfigurationTableId,death_mashes,
m_EnemyActors,shared_carrion_eater_mutated,shared_carrion_eater,cave_swine_skulker,cave_swine_skiver,
m_CompleteLootTables,road_caves_rewards_all,
m_CompleteStoryLootTables,resistance_caves_rewards_all,
m_EnemySummonControllerConfigurationId,death_wave,
m_IsRollBattleModifier,True,
element_end
element_start,swine_mash_316,BattleConfiguration
m_Chance,1,
m_AdditionalBattleConfigurationTableId,death_mashes,
m_EnemyActors,shared_carrion_eater_mutated,shared_carrion_eater,cave_swine_skiver,cave_swine_skulker,
m_CompleteLootTables,road_caves_rewards_all,
m_CompleteStoryLootTables,resistance_caves_rewards_all,
m_EnemySummonControllerConfigurationId,death_wave,
m_IsRollBattleModifier,True,
element_end
element_start,swine_mash_317,BattleConfiguration
m_Chance,1,
m_AdditionalBattleConfigurationTableId,death_mashes,
m_EnemyActors,cave_swine_skulker,cave_swine_brute,cave_swine_skiver,
m_CompleteLootTables,road_caves_rewards_all,
m_CompleteStoryLootTables,resistance_caves_rewards_all,
m_EnemySummonControllerConfigurationId,death_wave,
m_IsRollBattleModifier,True,
element_end
element_start,swine_mash_318,BattleConfiguration
m_Chance,1,
m_AdditionalBattleConfigurationTableId,death_mashes,
m_EnemyActors,shared_carrion_eater_mutated,cave_swine_brute,cave_swine_skulker,
m_CompleteLootTables,road_caves_rewards_all,
m_CompleteStoryLootTables,resistance_caves_rewards_all,
m_EnemySummonControllerConfigurationId,death_wave,
m_IsRollBattleModifier,True,
element_end
element_start,swine_mash_319,BattleConfiguration
m_Chance,1,
m_AdditionalBattleConfigurationTableId,death_mashes,
m_EnemyActors,shared_carrion_eater,cave_swine_brute,cave_swine_skiver,
m_CompleteLootTables,road_caves_rewards_all,
m_CompleteStoryLootTables,resistance_caves_rewards_all,
m_EnemySummonControllerConfigurationId,death_wave,
m_IsRollBattleModifier,True,
element_end
element_start,swine_mash_320,BattleConfiguration
m_Chance,1,
m_AdditionalBattleConfigurationTableId,death_mashes,
m_EnemyActors,shared_carrion_eater_mutated,cave_swine_brute,cave_swine_skiver,
m_CompleteLootTables,road_caves_rewards_all,
m_CompleteStoryLootTables,resistance_caves_rewards_all,
m_EnemySummonControllerConfigurationId,death_wave,
m_IsRollBattleModifier,True,
element_end
element_start,swine_mash_102C,BattleConfiguration
m_Chance,1,
m_AdditionalBattleConfigurationTableId,death_mashes,
m_EnemyActors,cave_swine_skulker,cave_swine_brute_b,
m_CompleteLootTables,road_caves_rewards_all,
m_CompleteStoryLootTables,resistance_caves_rewards_all,
m_EnemySummonControllerConfigurationId,death_wave,
m_IsRollBattleModifier,True,
element_end
element_start,swine_mash_202C,BattleConfiguration
m_Chance,1,
m_AdditionalBattleConfigurationTableId,death_mashes,
m_EnemyActors,cave_swine_brute_b,cave_swine_skulker,cave_swine_skulker,
m_CompleteLootTables,road_caves_rewards_all,
m_CompleteStoryLootTables,resistance_caves_rewards_all,
m_EnemySummonControllerConfigurationId,death_wave,
m_IsRollBattleModifier,True,
element_end
element_start,swine_mash_204C,BattleConfiguration
m_Chance,1,
m_AdditionalBattleConfigurationTableId,death_mashes,
m_EnemyActors,cave_swine_brute_b,cave_swine_skiver,cave_swine_skulker,
m_CompleteLootTables,road_caves_rewards_all,
m_CompleteStoryLootTables,resistance_caves_rewards_all,
m_EnemySummonControllerConfigurationId,death_wave,
m_IsRollBattleModifier,True,
element_end
element_start,swine_mash_204C_2,BattleConfiguration
m_Chance,1,
m_AdditionalBattleConfigurationTableId,death_mashes,
m_EnemyActors,cave_swine_brute,cave_swine_skiver_b,cave_swine_skulker,
m_CompleteLootTables,road_caves_rewards_all,
m_CompleteStoryLootTables,resistance_caves_rewards_all,
m_EnemySummonControllerConfigurationId,death_wave,
m_IsRollBattleModifier,True,
element_end
element_start,swine_mash_205C_2,BattleConfiguration
m_Chance,1,
m_AdditionalBattleConfigurationTableId,death_mashes,
m_EnemyActors,cave_swine_skulker,cave_swine_skulker,cave_swine_skiver_b,cave_swine_skulker,
m_CompleteLootTables,road_caves_rewards_all,
m_CompleteStoryLootTables,resistance_caves_rewards_all,
m_EnemySummonControllerConfigurationId,death_wave,
m_IsRollBattleModifier,True,
element_end
element_start,swine_mash_206C,BattleConfiguration
m_Chance,1,
m_AdditionalBattleConfigurationTableId,death_mashes,
m_EnemyActors,cave_swine_skulker,cave_swine_skulker,cave_swine_brute_b,
m_CompleteLootTables,road_caves_rewards_all,
m_CompleteStoryLootTables,resistance_caves_rewards_all,
m_EnemySummonControllerConfigurationId,death_wave,
m_IsRollBattleModifier,True,
element_end
element_start,swine_mash_208C_2,BattleConfiguration
m_Chance,1,
m_AdditionalBattleConfigurationTableId,death_mashes,
m_EnemyActors,cave_swine_skulker,shared_carrion_eater,cave_swine_skiver_b,cave_swine_skulker,
m_CompleteLootTables,road_caves_rewards_all,
m_CompleteStoryLootTables,resistance_caves_rewards_all,
m_EnemySummonControllerConfigurationId,death_wave,
m_IsRollBattleModifier,True,
element_end
element_start,swine_mash_211C_2,BattleConfiguration
m_Chance,1,
m_AdditionalBattleConfigurationTableId,death_mashes,
m_EnemyActors,shared_carrion_eater,cave_swine_skulker,cave_swine_skiver_b,cave_swine_skulker,
m_CompleteLootTables,road_caves_rewards_all,
m_CompleteStoryLootTables,resistance_caves_rewards_all,
m_EnemySummonControllerConfigurationId,death_wave,
m_IsRollBattleModifier,True,
element_end
element_start,swine_mash_212C,BattleConfiguration
m_Chance,1,
m_AdditionalBattleConfigurationTableId,death_mashes,
m_EnemyActors,shared_carrion_eater,cave_swine_skulker,cave_swine_brute_b,
m_CompleteLootTables,road_caves_rewards_all,
m_CompleteStoryLootTables,resistance_caves_rewards_all,
m_EnemySummonControllerConfigurationId,death_wave,
m_IsRollBattleModifier,True,
element_end
element_start,swine_mash_215C,BattleConfiguration
m_Chance,1,
m_AdditionalBattleConfigurationTableId,death_mashes,
m_EnemyActors,shared_carrion_eater,cave_swine_brute_b,cave_swine_skulker,
m_CompleteLootTables,road_caves_rewards_all,
m_CompleteStoryLootTables,resistance_caves_rewards_all,
m_EnemySummonControllerConfigurationId,death_wave,
m_IsRollBattleModifier,True,
element_end
element_start,swine_mash_301C,BattleConfiguration
m_Chance,1,
m_AdditionalBattleConfigurationTableId,death_mashes,
m_EnemyActors,cave_swine_brute,cave_swine_brute_b,
m_CompleteLootTables,road_caves_rewards_all,
m_CompleteStoryLootTables,resistance_caves_rewards_all,
m_EnemySummonControllerConfigurationId,death_wave,
m_IsRollBattleModifier,True,
element_end
element_start,swine_mash_302C_2,BattleConfiguration
m_Chance,1,
m_AdditionalBattleConfigurationTableId,death_mashes,
m_EnemyActors,cave_swine_skulker,shared_carrion_eater,cave_swine_skulker,cave_swine_skiver_b,
m_CompleteLootTables,road_caves_rewards_all,
m_CompleteStoryLootTables,resistance_caves_rewards_all,
m_EnemySummonControllerConfigurationId,death_wave,
m_IsRollBattleModifier,True,
element_end
element_start,swine_mash_304C_2,BattleConfiguration
m_Chance,1,
m_AdditionalBattleConfigurationTableId,death_mashes,
m_EnemyActors,cave_swine_skulker,shared_carrion_eater_mutated,cave_swine_skulker,cave_swine_skiver_b,
m_CompleteLootTables,road_caves_rewards_all,
m_CompleteStoryLootTables,resistance_caves_rewards_all,
m_EnemySummonControllerConfigurationId,death_wave,
m_IsRollBattleModifier,True,
element_end
element_start,swine_mash_305C_2,BattleConfiguration
m_Chance,1,
m_AdditionalBattleConfigurationTableId,death_mashes,
m_EnemyActors,cave_swine_skulker,cave_swine_skulker,cave_swine_skulker,cave_swine_skiver_b,
m_CompleteLootTables,road_caves_rewards_all,
m_CompleteStoryLootTables,resistance_caves_rewards_all,
m_EnemySummonControllerConfigurationId,death_wave,
m_IsRollBattleModifier,True,
element_end
element_start,swine_mash_306C,BattleConfiguration
m_Chance,1,
m_AdditionalBattleConfigurationTableId,death_mashes,
m_EnemyActors,cave_swine_brute_b,cave_swine_skulker,cave_swine_skiver,
m_CompleteLootTables,road_caves_rewards_all,
m_CompleteStoryLootTables,resistance_caves_rewards_all,
m_EnemySummonControllerConfigurationId,death_wave,
m_IsRollBattleModifier,True,
element_end
element_start,swine_mash_306C_2,BattleConfiguration
m_Chance,1,
m_AdditionalBattleConfigurationTableId,death_mashes,
m_EnemyActors,cave_swine_brute,cave_swine_skulker,cave_swine_skiver_b,
m_CompleteLootTables,road_caves_rewards_all,
m_CompleteStoryLootTables,resistance_caves_rewards_all,
m_EnemySummonControllerConfigurationId,death_wave,
m_IsRollBattleModifier,True,
element_end
element_start,swine_mash_307C_2,BattleConfiguration
m_Chance,1,
m_AdditionalBattleConfigurationTableId,death_mashes,
m_EnemyActors,cave_swine_skulker,shared_carrion_eater_mutated,cave_swine_skiver_b,cave_swine_skulker,
m_CompleteLootTables,road_caves_rewards_all,
m_CompleteStoryLootTables,resistance_caves_rewards_all,
m_EnemySummonControllerConfigurationId,death_wave,
m_IsRollBattleModifier,True,
element_end
element_start,swine_mash_308C,BattleConfiguration
m_Chance,1,
m_AdditionalBattleConfigurationTableId,death_mashes,
m_EnemyActors,cave_swine_skulker,shared_carrion_eater_mutated,cave_swine_brute_b,
m_CompleteLootTables,road_caves_rewards_all,
m_CompleteStoryLootTables,resistance_caves_rewards_all,
m_EnemySummonControllerConfigurationId,death_wave,
m_IsRollBattleModifier,True,
element_end
element_start,swine_mash_309C_2,BattleConfiguration
m_Chance,1,
m_AdditionalBattleConfigurationTableId,death_mashes,
m_EnemyActors,shared_carrion_eater,cave_swine_skulker,cave_swine_skulker,cave_swine_skiver_b,
m_CompleteLootTables,road_caves_rewards_all,
m_CompleteStoryLootTables,resistance_caves_rewards_all,
m_EnemySummonControllerConfigurationId,death_wave,
m_IsRollBattleModifier,True,
element_end
element_start,swine_mash_311C_2,BattleConfiguration
m_Chance,1,
m_AdditionalBattleConfigurationTableId,death_mashes,
m_EnemyActors,shared_carrion_eater_mutated,cave_swine_skulker,cave_swine_skulker,cave_swine_skiver_b,
m_CompleteLootTables,road_caves_rewards_all,
m_CompleteStoryLootTables,resistance_caves_rewards_all,
m_EnemySummonControllerConfigurationId,death_wave,
m_IsRollBattleModifier,True,
element_end
element_start,swine_mash_312C_2,BattleConfiguration
m_Chance,1,
m_AdditionalBattleConfigurationTableId,death_mashes,
m_EnemyActors,shared_carrion_eater_mutated,cave_swine_skulker,cave_swine_skiver_b,cave_swine_skulker,
m_CompleteLootTables,road_caves_rewards_all,
m_CompleteStoryLootTables,resistance_caves_rewards_all,
m_EnemySummonControllerConfigurationId,death_wave,
m_IsRollBattleModifier,True,
element_end
element_start,swine_mash_313C,BattleConfiguration
m_Chance,1,
m_AdditionalBattleConfigurationTableId,death_mashes,
m_EnemyActors,shared_carrion_eater_mutated,cave_swine_skulker,cave_swine_brute_b,
m_CompleteLootTables,road_caves_rewards_all,
m_CompleteStoryLootTables,resistance_caves_rewards_all,
m_EnemySummonControllerConfigurationId,death_wave,
m_IsRollBattleModifier,True,
element_end
element_start,swine_mash_315C_2,BattleConfiguration
m_Chance,1,
m_AdditionalBattleConfigurationTableId,death_mashes,
m_EnemyActors,shared_carrion_eater_mutated,shared_carrion_eater,cave_swine_skulker,cave_swine_skiver_b,
m_CompleteLootTables,road_caves_rewards_all,
m_CompleteStoryLootTables,resistance_caves_rewards_all,
m_EnemySummonControllerConfigurationId,death_wave,
m_IsRollBattleModifier,True,
element_end
element_start,swine_mash_316C_2,BattleConfiguration
m_Chance,1,
m_AdditionalBattleConfigurationTableId,death_mashes,
m_EnemyActors,shared_carrion_eater_mutated,shared_carrion_eater,cave_swine_skiver_b,cave_swine_skulker,
m_CompleteLootTables,road_caves_rewards_all,
m_CompleteStoryLootTables,resistance_caves_rewards_all,
m_EnemySummonControllerConfigurationId,death_wave,
m_IsRollBattleModifier,True,
element_end
element_start,swine_mash_317C,BattleConfiguration
m_Chance,1,
m_AdditionalBattleConfigurationTableId,death_mashes,
m_EnemyActors,cave_swine_skulker,cave_swine_brute_b,cave_swine_skiver,
m_CompleteLootTables,road_caves_rewards_all,
m_CompleteStoryLootTables,resistance_caves_rewards_all,
m_EnemySummonControllerConfigurationId,death_wave,
m_IsRollBattleModifier,True,
element_end
element_start,swine_mash_317C_2,BattleConfiguration
m_Chance,1,
m_AdditionalBattleConfigurationTableId,death_mashes,
m_EnemyActors,cave_swine_skulker,cave_swine_brute,cave_swine_skiver_b,
m_CompleteLootTables,road_caves_rewards_all,
m_CompleteStoryLootTables,resistance_caves_rewards_all,
m_EnemySummonControllerConfigurationId,death_wave,
m_IsRollBattleModifier,True,
element_end
element_start,swine_mash_318C,BattleConfiguration
m_Chance,1,
m_AdditionalBattleConfigurationTableId,death_mashes,
m_EnemyActors,shared_carrion_eater_mutated,cave_swine_brute_b,cave_swine_skulker,
m_CompleteLootTables,road_caves_rewards_all,
m_CompleteStoryLootTables,resistance_caves_rewards_all,
m_EnemySummonControllerConfigurationId,death_wave,
m_IsRollBattleModifier,True,
element_end
element_start,swine_mash_320C,BattleConfiguration
m_Chance,1,
m_AdditionalBattleConfigurationTableId,death_mashes,
m_EnemyActors,shared_carrion_eater_mutated,cave_swine_brute_b,cave_swine_skiver,
m_CompleteLootTables,road_caves_rewards_all,
m_CompleteStoryLootTables,resistance_caves_rewards_all,
m_EnemySummonControllerConfigurationId,death_wave,
m_IsRollBattleModifier,True,
element_end
element_start,swine_mash_320C_2,BattleConfiguration
m_Chance,1,
m_AdditionalBattleConfigurationTableId,death_mashes,
m_EnemyActors,shared_carrion_eater_mutated,cave_swine_brute,cave_swine_skiver_b,
m_CompleteLootTables,road_caves_rewards_all,
m_CompleteStoryLootTables,resistance_caves_rewards_all,
m_EnemySummonControllerConfigurationId,death_wave,
m_IsRollBattleModifier,True,
element_end
element_start,swine_mash_BC_01,BattleConfiguration
m_Chance,1,
m_AdditionalBattleConfigurationTableId,death_mashes,
m_EnemyActors,cave_swine_brute_b,cave_swine_skulker,cave_swine_skiver_b,
m_CompleteLootTables,road_caves_rewards_all,
m_CompleteStoryLootTables,resistance_caves_rewards_all,
m_EnemySummonControllerConfigurationId,death_wave,
m_IsRollBattleModifier,True,
element_end
element_start,swine_mash_BC_02,BattleConfiguration
m_Chance,1,
m_AdditionalBattleConfigurationTableId,death_mashes,
m_EnemyActors,cave_swine_brute_b,cave_swine_skiver_b,cave_swine_skulker,
m_CompleteLootTables,road_caves_rewards_all,
m_CompleteStoryLootTables,resistance_caves_rewards_all,
m_EnemySummonControllerConfigurationId,death_wave,
m_IsRollBattleModifier,True,
element_end
element_start,swine_mash_BC_03,BattleConfiguration
m_Chance,1,
m_AdditionalBattleConfigurationTableId,death_mashes,
m_EnemyActors,cave_swine_skulker,cave_swine_brute_b,cave_swine_skiver_b,
m_CompleteLootTables,road_caves_rewards_all,
m_CompleteStoryLootTables,resistance_caves_rewards_all,
m_EnemySummonControllerConfigurationId,death_wave,
m_IsRollBattleModifier,True,
element_end
element_start,swine_hazard_mash_301,BattleConfiguration
m_Chance,1,
m_BattleModifierOverrideId,urgent_repairs,
m_RunDataStatsId,no_retreat,
m_EnemyActors,cave_swine_brute,cave_swine_brute,
m_CompleteLootTables,hazard_shared_rewards_all,
m_Tags,glossary_repair,
element_end
element_start,swine_hazard_mash_302,BattleConfiguration
m_Chance,1,
m_BattleModifierOverrideId,urgent_repairs,
m_RunDataStatsId,no_retreat,
m_EnemyActors,cave_swine_brute,cave_swine_skulker,cave_swine_skulker,
m_CompleteLootTables,hazard_shared_rewards_all,
m_Tags,glossary_repair,
element_end
element_start,swine_hazard_mash_303,BattleConfiguration
m_Chance,1,
m_BattleModifierOverrideId,urgent_repairs,
m_RunDataStatsId,no_retreat,
m_EnemyActors,cave_swine_skulker,cave_swine_brute,cave_swine_skulker,
m_CompleteLootTables,hazard_shared_rewards_all,
m_Tags,glossary_repair,
element_end
element_start,swine_hazard_mash_304,BattleConfiguration
m_Chance,1,
m_BattleModifierOverrideId,urgent_repairs,
m_RunDataStatsId,no_retreat,
m_EnemyActors,cave_swine_skulker,cave_swine_skulker,cave_swine_skiver,cave_swine_skulker,
m_CompleteLootTables,hazard_shared_rewards_all,
m_Tags,glossary_repair,
element_end
element_start,swine_hazard_mash_305,BattleConfiguration
m_Chance,1,
m_BattleModifierOverrideId,urgent_repairs,
m_RunDataStatsId,no_retreat,
m_EnemyActors,cave_swine_skulker,cave_swine_skulker,cave_swine_skulker,cave_swine_skiver,
m_CompleteLootTables,hazard_shared_rewards_all,
m_Tags,glossary_repair,
element_end
element_start,swine_hazard_mash_306,BattleConfiguration
m_Chance,1,
m_BattleModifierOverrideId,urgent_repairs,
m_RunDataStatsId,no_retreat,
m_EnemyActors,cave_swine_brute,cave_swine_skulker,cave_swine_skiver,
m_CompleteLootTables,hazard_shared_rewards_all,
m_Tags,glossary_repair,
element_end
element_start,swine_hazard_mash_307,BattleConfiguration
m_Chance,1,
m_BattleModifierOverrideId,urgent_repairs,
m_RunDataStatsId,no_retreat,
m_EnemyActors,cave_swine_brute,cave_swine_skiver,cave_swine_skulker,
m_CompleteLootTables,hazard_shared_rewards_all,
m_Tags,glossary_repair,
element_end
element_start,swine_hazard_mash_102C,BattleConfiguration
m_Chance,1,
m_BattleModifierOverrideId,urgent_repairs,
m_RunDataStatsId,no_retreat,
m_EnemyActors,cave_swine_skulker,cave_swine_brute_b,
m_CompleteLootTables,hazard_shared_rewards_all,
m_Tags,glossary_repair,
element_end
element_start,swine_hazard_mash_203C,BattleConfiguration
m_Chance,1,
m_BattleModifierOverrideId,urgent_repairs,
m_RunDataStatsId,no_retreat,
m_EnemyActors,cave_swine_brute_b,cave_swine_skulker,cave_swine_skulker,
m_CompleteLootTables,hazard_shared_rewards_all,
m_Tags,glossary_repair,
element_end
element_start,swine_hazard_mash_301C,BattleConfiguration
m_Chance,1,
m_BattleModifierOverrideId,urgent_repairs,
m_RunDataStatsId,no_retreat,
m_EnemyActors,cave_swine_brute,cave_swine_brute_b,
m_CompleteLootTables,hazard_shared_rewards_all,
m_Tags,glossary_repair,
element_end
element_start,swine_hazard_mash_302C,BattleConfiguration
m_Chance,1,
m_BattleModifierOverrideId,urgent_repairs,
m_RunDataStatsId,no_retreat,
m_EnemyActors,cave_swine_brute_b,cave_swine_skulker,cave_swine_skulker,
m_CompleteLootTables,hazard_shared_rewards_all,
m_Tags,glossary_repair,
element_end
element_start,swine_hazard_mash_303C,BattleConfiguration
m_Chance,1,
m_BattleModifierOverrideId,urgent_repairs,
m_RunDataStatsId,no_retreat,
m_EnemyActors,cave_swine_skulker,cave_swine_brute_b,cave_swine_skulker,
m_CompleteLootTables,hazard_shared_rewards_all,
m_Tags,glossary_repair,
element_end
element_start,swine_hazard_mash_304C_2,BattleConfiguration
m_Chance,1,
m_BattleModifierOverrideId,urgent_repairs,
m_RunDataStatsId,no_retreat,
m_EnemyActors,cave_swine_skulker,cave_swine_skulker,cave_swine_skiver_b,cave_swine_skulker,
m_CompleteLootTables,hazard_shared_rewards_all,
m_Tags,glossary_repair,
element_end
element_start,swine_hazard_mash_305C_2,BattleConfiguration
m_Chance,1,
m_BattleModifierOverrideId,urgent_repairs,
m_RunDataStatsId,no_retreat,
m_EnemyActors,cave_swine_skulker,cave_swine_skulker,cave_swine_skulker,cave_swine_skiver_b,
m_CompleteLootTables,hazard_shared_rewards_all,
m_Tags,glossary_repair,
element_end
element_start,swine_hazard_mash_306C,BattleConfiguration
m_Chance,1,
m_BattleModifierOverrideId,urgent_repairs,
m_RunDataStatsId,no_retreat,
m_EnemyActors,cave_swine_brute_b,cave_swine_skulker,cave_swine_skiver,
m_CompleteLootTables,hazard_shared_rewards_all,
m_Tags,glossary_repair,
element_end
element_start,swine_hazard_mash_307C,BattleConfiguration
m_Chance,1,
m_BattleModifierOverrideId,urgent_repairs,
m_RunDataStatsId,no_retreat,
m_EnemyActors,cave_swine_brute_b,cave_swine_skiver,cave_swine_skulker,
m_CompleteLootTables,hazard_shared_rewards_all,
m_Tags,glossary_repair,
element_end
element_start,swine_rough_patch_mash_301,BattleConfiguration
m_Chance,1,
m_BattleModifierOverrideId,urgent_repairs_wheels,
m_RunDataStatsId,no_retreat,
m_EnemyActors,cave_swine_brute,cave_swine_brute,
m_CompleteLootTables,rough_patch_shared_rewards_all,
m_Tags,glossary_repair_wheels,
element_end
element_start,swine_rough_patch_mash_302,BattleConfiguration
m_Chance,1,
m_BattleModifierOverrideId,urgent_repairs_wheels,
m_RunDataStatsId,no_retreat,
m_EnemyActors,cave_swine_brute,cave_swine_skulker,cave_swine_skulker,
m_CompleteLootTables,rough_patch_shared_rewards_all,
m_Tags,glossary_repair_wheels,
element_end
element_start,swine_rough_patch_mash_303,BattleConfiguration
m_Chance,1,
m_BattleModifierOverrideId,urgent_repairs_wheels,
m_RunDataStatsId,no_retreat,
m_EnemyActors,cave_swine_skulker,cave_swine_brute,cave_swine_skulker,
m_CompleteLootTables,rough_patch_shared_rewards_all,
m_Tags,glossary_repair_wheels,
element_end
element_start,swine_rough_patch_mash_304,BattleConfiguration
m_Chance,1,
m_BattleModifierOverrideId,urgent_repairs_wheels,
m_RunDataStatsId,no_retreat,
m_EnemyActors,cave_swine_skulker,cave_swine_skulker,cave_swine_skiver,cave_swine_skulker,
m_CompleteLootTables,rough_patch_shared_rewards_all,
m_Tags,glossary_repair_wheels,
element_end
element_start,swine_rough_patch_mash_305,BattleConfiguration
m_Chance,1,
m_BattleModifierOverrideId,urgent_repairs_wheels,
m_RunDataStatsId,no_retreat,
m_EnemyActors,cave_swine_skulker,cave_swine_skulker,cave_swine_skulker,cave_swine_skiver,
m_CompleteLootTables,rough_patch_shared_rewards_all,
m_Tags,glossary_repair_wheels,
element_end
element_start,swine_rough_patch_mash_306,BattleConfiguration
m_Chance,1,
m_BattleModifierOverrideId,urgent_repairs_wheels,
m_RunDataStatsId,no_retreat,
m_EnemyActors,cave_swine_brute,cave_swine_skulker,cave_swine_skiver,
m_CompleteLootTables,rough_patch_shared_rewards_all,
m_Tags,glossary_repair_wheels,
element_end
element_start,swine_rough_patch_mash_307,BattleConfiguration
m_Chance,1,
m_BattleModifierOverrideId,urgent_repairs_wheels,
m_RunDataStatsId,no_retreat,
m_EnemyActors,cave_swine_brute,cave_swine_skiver,cave_swine_skulker,
m_CompleteLootTables,rough_patch_shared_rewards_all,
m_Tags,glossary_repair_wheels,
element_end
element_start,swine_rough_patch_mash_102C,BattleConfiguration
m_Chance,1,
m_BattleModifierOverrideId,urgent_repairs_wheels,
m_RunDataStatsId,no_retreat,
m_EnemyActors,cave_swine_skulker,cave_swine_brute_b,
m_CompleteLootTables,rough_patch_shared_rewards_all,
m_Tags,glossary_repair_wheels,
element_end
element_start,swine_rough_patch_mash_203C,BattleConfiguration
m_Chance,1,
m_BattleModifierOverrideId,urgent_repairs_wheels,
m_RunDataStatsId,no_retreat,
m_EnemyActors,cave_swine_brute_b,cave_swine_skulker,cave_swine_skulker,
m_CompleteLootTables,rough_patch_shared_rewards_all,
m_Tags,glossary_repair_wheels,
element_end
element_start,swine_rough_patch_mash_301C,BattleConfiguration
m_Chance,1,
m_BattleModifierOverrideId,urgent_repairs_wheels,
m_RunDataStatsId,no_retreat,
m_EnemyActors,cave_swine_brute,cave_swine_brute_b,
m_CompleteLootTables,rough_patch_shared_rewards_all,
m_Tags,glossary_repair_wheels,
element_end
element_start,swine_rough_patch_mash_302C,BattleConfiguration
m_Chance,1,
m_BattleModifierOverrideId,urgent_repairs_wheels,
m_RunDataStatsId,no_retreat,
m_EnemyActors,cave_swine_brute_b,cave_swine_skulker,cave_swine_skulker,
m_CompleteLootTables,rough_patch_shared_rewards_all,
m_Tags,glossary_repair_wheels,
element_end
element_start,swine_rough_patch_mash_303C,BattleConfiguration
m_Chance,1,
m_BattleModifierOverrideId,urgent_repairs_wheels,
m_RunDataStatsId,no_retreat,
m_EnemyActors,cave_swine_skulker,cave_swine_brute_b,cave_swine_skulker,
m_CompleteLootTables,rough_patch_shared_rewards_all,
m_Tags,glossary_repair_wheels,
element_end
element_start,swine_rough_patch_mash_304C_2,BattleConfiguration
m_Chance,1,
m_BattleModifierOverrideId,urgent_repairs_wheels,
m_RunDataStatsId,no_retreat,
m_EnemyActors,cave_swine_skulker,cave_swine_skulker,cave_swine_skiver_b,cave_swine_skulker,
m_CompleteLootTables,rough_patch_shared_rewards_all,
m_Tags,glossary_repair_wheels,
element_end
element_start,swine_rough_patch_mash_305C_2,BattleConfiguration
m_Chance,1,
m_BattleModifierOverrideId,urgent_repairs_wheels,
m_RunDataStatsId,no_retreat,
m_EnemyActors,cave_swine_skulker,cave_swine_skulker,cave_swine_skulker,cave_swine_skiver_b,
m_CompleteLootTables,rough_patch_shared_rewards_all,
m_Tags,glossary_repair_wheels,
element_end
element_start,swine_rough_patch_mash_306C,BattleConfiguration
m_Chance,1,
m_BattleModifierOverrideId,urgent_repairs_wheels,
m_RunDataStatsId,no_retreat,
m_EnemyActors,cave_swine_brute_b,cave_swine_skulker,cave_swine_skiver,
m_CompleteLootTables,rough_patch_shared_rewards_all,
m_Tags,glossary_repair_wheels,
element_end
element_start,swine_rough_patch_mash_307C,BattleConfiguration
m_Chance,1,
m_BattleModifierOverrideId,urgent_repairs_wheels,
m_RunDataStatsId,no_retreat,
m_EnemyActors,cave_swine_brute_b,cave_swine_skiver,cave_swine_skulker,
m_CompleteLootTables,rough_patch_shared_rewards_all,
m_Tags,glossary_repair_wheels,
element_end
element_start,pillager_mash_101,BattleConfiguration
m_Chance,1,
m_EnemyActors,shared_pillager_melee,shared_pillager_melee,shared_pillager_ranged,
m_CompleteLootTables,road_pillager_rewards_all,
m_IsRollBattleModifier,True,
element_end
element_start,pillager_mash_102,BattleConfiguration
m_Chance,1,
m_EnemyActors,shared_pillager_melee,shared_pillager_ranged,shared_pillager_ranged,
m_CompleteLootTables,road_pillager_rewards_all,
m_IsRollBattleModifier,True,
element_end
element_start,pillager_mash_103,BattleConfiguration
m_Chance,1,
m_EnemyActors,shared_pillager_melee,shared_pillager_melee,shared_pillager_melee,
m_CompleteLootTables,road_pillager_rewards_all,
m_IsRollBattleModifier,True,
element_end
element_start,pillager_mash_104,BattleConfiguration
m_Chance,1,
m_EnemyActors,shared_pillager_melee,shared_pillager_melee,
m_CompleteLootTables,road_pillager_rewards_all,
m_IsRollBattleModifier,True,
element_end
element_start,pillager_mash_105,BattleConfiguration
m_Chance,1,
m_EnemyActors,shared_pillager_melee,shared_pillager_ranged,
m_CompleteLootTables,road_pillager_rewards_all,
m_IsRollBattleModifier,True,
element_end
element_start,pillager_mash_106,BattleConfiguration
m_Chance,1,
m_EnemyActors,shared_pillager_melee,shared_pillager_mongrel,shared_pillager_mongrel,
m_CompleteLootTables,road_pillager_rewards_all,
m_IsRollBattleModifier,True,
element_end
element_start,pillager_mash_201,BattleConfiguration
m_Chance,1,
m_EnemyActors,shared_pillager_melee,shared_pillager_melee,shared_pillager_ranged,shared_pillager_ranged,
m_CompleteLootTables,road_pillager_rewards_all,
m_IsRollBattleModifier,True,
element_end
element_start,pillager_mash_202,BattleConfiguration
m_Chance,1,
m_EnemyActors,shared_pillager_melee,shared_pillager_melee,shared_pillager_mongrel,shared_pillager_ranged,
m_CompleteLootTables,road_pillager_rewards_all,
m_IsRollBattleModifier,True,
element_end
element_start,pillager_mash_203,BattleConfiguration
m_Chance,1,
m_EnemyActors,shared_pillager_melee,shared_pillager_mongrel,shared_pillager_mongrel,shared_pillager_ranged,
m_CompleteLootTables,road_pillager_rewards_all,
m_IsRollBattleModifier,True,
element_end
element_start,pillager_mash_204,BattleConfiguration
m_Chance,1,
m_EnemyActors,shared_pillager_melee,shared_pillager_artillery,shared_pillager_ranged,
m_CompleteLootTables,road_pillager_rewards_all,
m_IsRollBattleModifier,True,
element_end
element_start,pillager_mash_205,BattleConfiguration
m_Chance,1,
m_EnemyActors,shared_pillager_melee,shared_pillager_mongrel,shared_pillager_ranged,shared_pillager_firemouth,
m_CompleteLootTables,road_pillager_rewards_all,
m_IsRollBattleModifier,True,
element_end
element_start,pillager_mash_206,BattleConfiguration
m_Chance,1,
m_EnemyActors,shared_pillager_mongrel,shared_pillager_melee,shared_pillager_firemouth,shared_pillager_ranged,
m_CompleteLootTables,road_pillager_rewards_all,
m_IsRollBattleModifier,True,
element_end
element_start,pillager_mash_301,BattleConfiguration
m_Chance,1,
m_EnemyActors,shared_pillager_melee,shared_pillager_melee,shared_pillager_melee,shared_pillager_ranged,
m_CompleteLootTables,road_pillager_rewards_all,
m_IsRollBattleModifier,True,
element_end
element_start,pillager_mash_302,BattleConfiguration
m_Chance,1,
m_EnemyActors,shared_pillager_melee,shared_pillager_ranged,shared_pillager_melee,shared_pillager_ranged,
m_CompleteLootTables,road_pillager_rewards_all,
m_IsRollBattleModifier,True,
element_end
element_start,pillager_mash_303,BattleConfiguration
m_Chance,1,
m_EnemyActors,shared_pillager_melee,shared_pillager_artillery,shared_pillager_firemouth,
m_CompleteLootTables,road_pillager_rewards_all,
m_IsRollBattleModifier,True,
element_end
element_start,pillager_mash_304,BattleConfiguration
m_Chance,1,
m_EnemyActors,shared_pillager_melee,shared_pillager_artillery,shared_pillager_ranged,
m_CompleteLootTables,road_pillager_rewards_all,
m_IsRollBattleModifier,True,
element_end
element_start,pillager_mash_305,BattleConfiguration
m_Chance,1,
m_EnemyActors,shared_pillager_melee,shared_pillager_ranged,shared_pillager_artillery,
m_CompleteLootTables,road_pillager_rewards_all,
m_IsRollBattleModifier,True,
element_end
element_start,pillager_mash_306,BattleConfiguration
m_Chance,1,
m_EnemyActors,shared_pillager_melee,shared_pillager_melee,shared_pillager_artillery,
m_CompleteLootTables,road_pillager_rewards_all,
m_IsRollBattleModifier,True,
element_end
element_start,pillager_mash_307,BattleConfiguration
m_Chance,1,
m_EnemyActors,shared_pillager_melee,shared_pillager_melee,shared_pillager_firemouth,shared_pillager_ranged,
m_CompleteLootTables,road_pillager_rewards_all,
m_IsRollBattleModifier,True,
element_end
element_start,pillager_mash_308,BattleConfiguration
m_Chance,1,
m_EnemyActors,shared_pillager_melee,shared_pillager_melee,shared_pillager_firemouth,shared_pillager_firemouth,
m_CompleteLootTables,road_pillager_rewards_all,
m_IsRollBattleModifier,True,
element_end
element_start,pillager_mash_309,BattleConfiguration
m_Chance,1,
m_EnemyActors,shared_pillager_melee,shared_pillager_mongrel,shared_pillager_firemouth,shared_pillager_mongrel,
m_CompleteLootTables,road_pillager_rewards_all,
m_IsRollBattleModifier,True,
element_end
element_start,pillager_mash_310,BattleConfiguration
m_Chance,1,
m_EnemyActors,shared_pillager_melee,shared_pillager_firemouth,shared_pillager_firemouth,shared_pillager_ranged,
m_CompleteLootTables,road_pillager_rewards_all,
m_IsRollBattleModifier,True,
element_end
element_start,pillager_mash_antiq_1,BattleConfiguration
m_Chance,1,
m_EnemyActors,shared_pillager_melee,shared_pillager_melee,shared_pillager_antiquarian,shared_pillager_ranged,
m_CompleteLootTables,road_pillager_rewards_all,
m_CompleteStoryLootTables,road_pillager_rewards_all,
m_IsRollBattleModifier,True,
element_end
element_start,pillager_mash_antiq_2,BattleConfiguration
m_Chance,1,
m_EnemyActors,shared_pillager_melee,shared_pillager_ranged,shared_pillager_antiquarian,shared_pillager_ranged,
m_CompleteLootTables,road_pillager_rewards_all,
m_CompleteStoryLootTables,road_pillager_rewards_all,
m_IsRollBattleModifier,True,
element_end
element_start,pillager_mash_antiq_3,BattleConfiguration
m_Chance,1,
m_EnemyActors,shared_pillager_melee,shared_pillager_melee,shared_pillager_melee,shared_pillager_antiquarian,
m_CompleteLootTables,road_pillager_rewards_all,
m_CompleteStoryLootTables,road_pillager_rewards_all,
m_IsRollBattleModifier,True,
element_end
element_start,pillager_mash_antiq_4,BattleConfiguration
m_Chance,1,
m_EnemyActors,shared_pillager_melee,shared_pillager_ranged,shared_pillager_ranged,shared_pillager_antiquarian,
m_CompleteLootTables,road_pillager_rewards_all,
m_CompleteStoryLootTables,road_pillager_rewards_all,
m_IsRollBattleModifier,True,
element_end
element_start,pillager_mash_antiq_5,BattleConfiguration
m_Chance,1,
m_EnemyActors,shared_pillager_melee,shared_pillager_mongrel,shared_pillager_firemouth,shared_pillager_antiquarian,
m_CompleteLootTables,road_pillager_rewards_all,
m_CompleteStoryLootTables,road_pillager_rewards_all,
m_IsRollBattleModifier,True,
element_end
element_start,pillager_mash_antiq_6,BattleConfiguration
m_Chance,1,
m_EnemyActors,shared_pillager_melee,shared_pillager_mongrel,shared_pillager_mongrel,shared_pillager_antiquarian,
m_CompleteLootTables,road_pillager_rewards_all,
m_CompleteStoryLootTables,road_pillager_rewards_all,
m_IsRollBattleModifier,True,
element_end
element_start,pillager_hazard_mash_301,BattleConfiguration
m_Chance,1,
m_BattleModifierOverrideId,urgent_repairs,
m_RunDataStatsId,no_retreat,
m_EnemyActors,shared_pillager_melee,shared_pillager_melee,shared_pillager_melee,shared_pillager_ranged,
m_CompleteLootTables,hazard_shared_rewards_all,
m_Tags,glossary_repair,
element_end
element_start,pillager_hazard_mash_302,BattleConfiguration
m_Chance,1,
m_BattleModifierOverrideId,urgent_repairs,
m_RunDataStatsId,no_retreat,
m_EnemyActors,shared_pillager_melee,shared_pillager_ranged,shared_pillager_melee,shared_pillager_ranged,
m_CompleteLootTables,hazard_shared_rewards_all,
m_Tags,glossary_repair,
element_end
element_start,pillager_hazard_mash_303,BattleConfiguration
m_Chance,1,
m_BattleModifierOverrideId,urgent_repairs,
m_RunDataStatsId,no_retreat,
m_EnemyActors,shared_pillager_melee,shared_pillager_artillery,shared_pillager_firemouth,
m_CompleteLootTables,hazard_shared_rewards_all,
m_Tags,glossary_repair,
element_end
element_start,pillager_hazard_mash_304,BattleConfiguration
m_Chance,1,
m_BattleModifierOverrideId,urgent_repairs,
m_RunDataStatsId,no_retreat,
m_EnemyActors,shared_pillager_melee,shared_pillager_artillery,shared_pillager_ranged,
m_CompleteLootTables,hazard_shared_rewards_all,
m_Tags,glossary_repair,
element_end
element_start,pillager_hazard_mash_305,BattleConfiguration
m_Chance,1,
m_BattleModifierOverrideId,urgent_repairs,
m_RunDataStatsId,no_retreat,
m_EnemyActors,shared_pillager_melee,shared_pillager_ranged,shared_pillager_artillery,
m_CompleteLootTables,hazard_shared_rewards_all,
m_Tags,glossary_repair,
element_end
element_start,pillager_hazard_mash_306,BattleConfiguration
m_Chance,1,
m_BattleModifierOverrideId,urgent_repairs,
m_RunDataStatsId,no_retreat,
m_EnemyActors,shared_pillager_melee,shared_pillager_melee,shared_pillager_artillery,
m_CompleteLootTables,hazard_shared_rewards_all,
m_Tags,glossary_repair,
element_end
element_start,pillager_hazard_mash_307,BattleConfiguration
m_Chance,1,
m_BattleModifierOverrideId,urgent_repairs,
m_RunDataStatsId,no_retreat,
m_EnemyActors,shared_pillager_melee,shared_pillager_melee,shared_pillager_firemouth,shared_pillager_ranged,
m_CompleteLootTables,hazard_shared_rewards_all,
m_Tags,glossary_repair,
element_end
element_start,pillager_hazard_mash_308,BattleConfiguration
m_Chance,1,
m_BattleModifierOverrideId,urgent_repairs,
m_RunDataStatsId,no_retreat,
m_EnemyActors,shared_pillager_melee,shared_pillager_melee,shared_pillager_firemouth,shared_pillager_firemouth,
m_CompleteLootTables,hazard_shared_rewards_all,
m_Tags,glossary_repair,
element_end
element_start,pillager_hazard_mash_309,BattleConfiguration
m_Chance,1,
m_BattleModifierOverrideId,urgent_repairs,
m_RunDataStatsId,no_retreat,
m_EnemyActors,shared_pillager_melee,shared_pillager_mongrel,shared_pillager_firemouth,shared_pillager_mongrel,
m_CompleteLootTables,hazard_shared_rewards_all,
m_Tags,glossary_repair,
element_end
element_start,pillager_hazard_mash_310,BattleConfiguration
m_Chance,1,
m_BattleModifierOverrideId,urgent_repairs,
m_RunDataStatsId,no_retreat,
m_EnemyActors,shared_pillager_melee,shared_pillager_firemouth,shared_pillager_firemouth,shared_pillager_ranged,
m_CompleteLootTables,hazard_shared_rewards_all,
m_Tags,glossary_repair,
element_end
element_start,pillager_hazard_mash_antiq_1,BattleConfiguration
m_Chance,1,
m_BattleModifierOverrideId,urgent_repairs,
m_RunDataStatsId,no_retreat,
m_EnemyActors,shared_pillager_melee,shared_pillager_melee,shared_pillager_antiquarian,shared_pillager_ranged,
m_CompleteLootTables,hazard_shared_rewards_all,
m_Tags,glossary_repair,
element_end
element_start,pillager_hazard_mash_antiq_2,BattleConfiguration
m_Chance,1,
m_BattleModifierOverrideId,urgent_repairs,
m_RunDataStatsId,no_retreat,
m_EnemyActors,shared_pillager_melee,shared_pillager_ranged,shared_pillager_antiquarian,shared_pillager_ranged,
m_CompleteLootTables,hazard_shared_rewards_all,
m_Tags,glossary_repair,
element_end
element_start,pillager_hazard_mash_antiq_3,BattleConfiguration
m_Chance,1,
m_BattleModifierOverrideId,urgent_repairs,
m_RunDataStatsId,no_retreat,
m_EnemyActors,shared_pillager_melee,shared_pillager_melee,shared_pillager_melee,shared_pillager_antiquarian,
m_CompleteLootTables,hazard_shared_rewards_all,
m_Tags,glossary_repair,
element_end
element_start,pillager_hazard_mash_antiq_4,BattleConfiguration
m_Chance,1,
m_BattleModifierOverrideId,urgent_repairs,
m_RunDataStatsId,no_retreat,
m_EnemyActors,shared_pillager_melee,shared_pillager_ranged,shared_pillager_ranged,shared_pillager_antiquarian,
m_CompleteLootTables,hazard_shared_rewards_all,
m_Tags,glossary_repair,
element_end
element_start,pillager_hazard_mash_antiq_5,BattleConfiguration
m_Chance,1,
m_BattleModifierOverrideId,urgent_repairs,
m_RunDataStatsId,no_retreat,
m_EnemyActors,shared_pillager_melee,shared_pillager_mongrel,shared_pillager_firemouth,shared_pillager_antiquarian,
m_CompleteLootTables,hazard_shared_rewards_all,
m_Tags,glossary_repair,
element_end
element_start,pillager_hazard_mash_antiq_6,BattleConfiguration
m_Chance,1,
m_BattleModifierOverrideId,urgent_repairs,
m_RunDataStatsId,no_retreat,
m_EnemyActors,shared_pillager_melee,shared_pillager_mongrel,shared_pillager_mongrel,shared_pillager_antiquarian,
m_CompleteLootTables,hazard_shared_rewards_all,
m_Tags,glossary_repair,
element_end
element_start,pillager_rough_patch_mash_301,BattleConfiguration
m_Chance,1,
m_BattleModifierOverrideId,urgent_repairs_wheels,
m_RunDataStatsId,no_retreat,
m_EnemyActors,shared_pillager_melee,shared_pillager_melee,shared_pillager_melee,shared_pillager_ranged,
m_CompleteLootTables,rough_patch_shared_rewards_all,
m_Tags,glossary_repair_wheels,
element_end
element_start,pillager_rough_patch_mash_302,BattleConfiguration
m_Chance,1,
m_BattleModifierOverrideId,urgent_repairs_wheels,
m_RunDataStatsId,no_retreat,
m_EnemyActors,shared_pillager_melee,shared_pillager_ranged,shared_pillager_melee,shared_pillager_ranged,
m_CompleteLootTables,rough_patch_shared_rewards_all,
m_Tags,glossary_repair_wheels,
element_end
element_start,pillager_rough_patch_mash_303,BattleConfiguration
m_Chance,1,
m_BattleModifierOverrideId,urgent_repairs_wheels,
m_RunDataStatsId,no_retreat,
m_EnemyActors,shared_pillager_melee,shared_pillager_artillery,shared_pillager_firemouth,
m_CompleteLootTables,rough_patch_shared_rewards_all,
m_Tags,glossary_repair_wheels,
element_end
element_start,pillager_rough_patch_mash_304,BattleConfiguration
m_Chance,1,
m_BattleModifierOverrideId,urgent_repairs_wheels,
m_RunDataStatsId,no_retreat,
m_EnemyActors,shared_pillager_melee,shared_pillager_artillery,shared_pillager_ranged,
m_CompleteLootTables,rough_patch_shared_rewards_all,
m_Tags,glossary_repair_wheels,
element_end
element_start,pillager_rough_patch_mash_305,BattleConfiguration
m_Chance,1,
m_BattleModifierOverrideId,urgent_repairs_wheels,
m_RunDataStatsId,no_retreat,
m_EnemyActors,shared_pillager_melee,shared_pillager_ranged,shared_pillager_artillery,
m_CompleteLootTables,rough_patch_shared_rewards_all,
m_Tags,glossary_repair_wheels,
element_end
element_start,pillager_rough_patch_mash_306,BattleConfiguration
m_Chance,1,
m_BattleModifierOverrideId,urgent_repairs_wheels,
m_RunDataStatsId,no_retreat,
m_EnemyActors,shared_pillager_melee,shared_pillager_melee,shared_pillager_artillery,
m_CompleteLootTables,rough_patch_shared_rewards_all,
m_Tags,glossary_repair_wheels,
element_end
element_start,pillager_rough_patch_mash_307,BattleConfiguration
m_Chance,1,
m_BattleModifierOverrideId,urgent_repairs_wheels,
m_RunDataStatsId,no_retreat,
m_EnemyActors,shared_pillager_melee,shared_pillager_melee,shared_pillager_firemouth,shared_pillager_ranged,
m_CompleteLootTables,rough_patch_shared_rewards_all,
m_Tags,glossary_repair_wheels,
element_end
element_start,pillager_rough_patch_mash_308,BattleConfiguration
m_Chance,1,
m_BattleModifierOverrideId,urgent_repairs_wheels,
m_RunDataStatsId,no_retreat,
m_EnemyActors,shared_pillager_melee,shared_pillager_melee,shared_pillager_firemouth,shared_pillager_firemouth,
m_CompleteLootTables,rough_patch_shared_rewards_all,
m_Tags,glossary_repair_wheels,
element_end
element_start,pillager_rough_patch_mash_309,BattleConfiguration
m_Chance,1,
m_BattleModifierOverrideId,urgent_repairs_wheels,
m_RunDataStatsId,no_retreat,
m_EnemyActors,shared_pillager_melee,shared_pillager_mongrel,shared_pillager_firemouth,shared_pillager_mongrel,
m_CompleteLootTables,rough_patch_shared_rewards_all,
m_Tags,glossary_repair_wheels,
element_end
element_start,pillager_rough_patch_mash_310,BattleConfiguration
m_Chance,1,
m_BattleModifierOverrideId,urgent_repairs_wheels,
m_RunDataStatsId,no_retreat,
m_EnemyActors,shared_pillager_melee,shared_pillager_firemouth,shared_pillager_firemouth,shared_pillager_ranged,
m_CompleteLootTables,rough_patch_shared_rewards_all,
m_Tags,glossary_repair_wheels,
element_end
element_start,pillager_rough_patch_mash_antiq_1,BattleConfiguration
m_Chance,1,
m_BattleModifierOverrideId,urgent_repairs_wheels,
m_RunDataStatsId,no_retreat,
m_EnemyActors,shared_pillager_melee,shared_pillager_melee,shared_pillager_antiquarian,shared_pillager_ranged,
m_CompleteLootTables,rough_patch_shared_rewards_all,
m_Tags,glossary_repair_wheels,
element_end
element_start,pillager_rough_patch_mash_antiq_2,BattleConfiguration
m_Chance,1,
m_BattleModifierOverrideId,urgent_repairs_wheels,
m_RunDataStatsId,no_retreat,
m_EnemyActors,shared_pillager_melee,shared_pillager_ranged,shared_pillager_antiquarian,shared_pillager_ranged,
m_CompleteLootTables,rough_patch_shared_rewards_all,
m_Tags,glossary_repair_wheels,
element_end
element_start,pillager_rough_patch_mash_antiq_3,BattleConfiguration
m_Chance,1,
m_BattleModifierOverrideId,urgent_repairs_wheels,
m_RunDataStatsId,no_retreat,
m_EnemyActors,shared_pillager_melee,shared_pillager_melee,shared_pillager_melee,shared_pillager_antiquarian,
m_CompleteLootTables,rough_patch_shared_rewards_all,
m_Tags,glossary_repair_wheels,
element_end
element_start,pillager_rough_patch_mash_antiq_4,BattleConfiguration
m_Chance,1,
m_BattleModifierOverrideId,urgent_repairs_wheels,
m_RunDataStatsId,no_retreat,
m_EnemyActors,shared_pillager_melee,shared_pillager_ranged,shared_pillager_ranged,shared_pillager_antiquarian,
m_CompleteLootTables,rough_patch_shared_rewards_all,
m_Tags,glossary_repair_wheels,
element_end
element_start,pillager_rough_patch_mash_antiq_5,BattleConfiguration
m_Chance,1,
m_BattleModifierOverrideId,urgent_repairs_wheels,
m_RunDataStatsId,no_retreat,
m_EnemyActors,shared_pillager_melee,shared_pillager_mongrel,shared_pillager_firemouth,shared_pillager_antiquarian,
m_CompleteLootTables,rough_patch_shared_rewards_all,
m_Tags,glossary_repair_wheels,
element_end
element_start,pillager_rough_patch_mash_antiq_6,BattleConfiguration
m_Chance,1,
m_BattleModifierOverrideId,urgent_repairs_wheels,
m_RunDataStatsId,no_retreat,
m_EnemyActors,shared_pillager_melee,shared_pillager_mongrel,shared_pillager_mongrel,shared_pillager_antiquarian,
m_CompleteLootTables,rough_patch_shared_rewards_all,
m_Tags,glossary_repair_wheels,
element_end
element_start,gaunt_mash_1,BattleConfiguration
m_Chance,1,
m_EnemyActors,shared_lost_soul,shared_lost_soul,
m_CompleteLootTables,road_gaunt_rewards_all,
m_IsRollBattleModifier,True,
element_end
element_start,gaunt_mash_2,BattleConfiguration
m_Chance,1,
m_EnemyActors,shared_lost_soul,shared_lost_soul,shared_lost_soul,
m_CompleteLootTables,road_gaunt_rewards_all,
m_IsRollBattleModifier,True,
element_end
element_start,gaunt_mash_3,BattleConfiguration
m_Chance,1,
m_EnemyActors,shared_lost_soul,shared_lost_soul_urchin,shared_lost_soul_widow,
m_CompleteLootTables,road_gaunt_rewards_all,
m_IsRollBattleModifier,True,
element_end
element_start,gaunt_mash_4,BattleConfiguration
m_Chance,1,
m_EnemyActors,shared_lost_soul,shared_lost_soul,shared_lost_soul,shared_lost_soul,
m_CompleteLootTables,road_gaunt_rewards_all,
m_IsRollBattleModifier,True,
element_end
element_start,gaunt_mash_5,BattleConfiguration
m_Chance,1,
m_EnemyActors,shared_lost_soul,shared_lost_soul,shared_lost_soul,shared_lost_soul_widow,
m_CompleteLootTables,road_gaunt_rewards_all,
m_IsRollBattleModifier,True,
element_end
element_start,gaunt_mash_6,BattleConfiguration
m_Chance,1,
m_EnemyActors,shared_lost_soul,shared_lost_soul,shared_lost_soul,shared_lost_soul_urchin,
m_CompleteLootTables,road_gaunt_rewards_all,
m_IsRollBattleModifier,True,
element_end
element_start,gaunt_mash_7,BattleConfiguration
m_Chance,1,
m_EnemyActors,shared_lost_soul,shared_lost_soul_urchin,shared_lost_soul_widow,shared_lost_soul,
m_CompleteLootTables,road_gaunt_rewards_all,
m_IsRollBattleModifier,True,
element_end
element_start,gaunt_mash_8,BattleConfiguration
m_Chance,1,
m_EnemyActors,shared_lost_soul,shared_lost_soul,shared_lost_soul_urchin,shared_lost_soul_widow,
m_CompleteLootTables,road_gaunt_rewards_all,
m_IsRollBattleModifier,True,
element_end
element_start,gaunt_mash_9,BattleConfiguration
m_Chance,1,
m_EnemyActors,shared_lost_soul,shared_lost_soul_yeoman,shared_lost_soul_urchin,
m_CompleteLootTables,road_gaunt_rewards_all,
m_IsRollBattleModifier,True,
element_end
element_start,gaunt_mash_10,BattleConfiguration
m_Chance,1,
m_EnemyActors,shared_lost_soul,shared_lost_soul_yeoman,shared_lost_soul_widow,
m_CompleteLootTables,road_gaunt_rewards_all,
m_IsRollBattleModifier,True,
element_end
element_start,gaunt_mash_11,BattleConfiguration
m_Chance,1,
m_EnemyActors,shared_lost_soul_yeoman,shared_lost_soul_widow,shared_lost_soul_widow,
m_CompleteLootTables,road_gaunt_rewards_all,
m_IsRollBattleModifier,True,
element_end
element_start,gaunt_mash_12,BattleConfiguration
m_Chance,1,
m_EnemyActors,shared_lost_soul_yeoman,shared_lost_soul_widow,shared_lost_soul_urchin,
m_CompleteLootTables,road_gaunt_rewards_all,
m_IsRollBattleModifier,True,
element_end
element_start,gaunt_mash_13,BattleConfiguration
m_Chance,1,
m_EnemyActors,shared_lost_soul,shared_lost_soul,shared_lost_soul_widow,shared_lost_soul_urchin,
m_CompleteLootTables,road_gaunt_rewards_all,
m_IsRollBattleModifier,True,
element_end
element_start,gaunt_ghoul_normal_1,BattleConfiguration
m_Chance,1,
m_EnemyActors,shared_ghoul,shared_lost_soul_widow,
m_CompleteLootTables,road_ghoul_rewards_all,
m_IsRollBattleModifier,True,
element_end
element_start,gaunt_ghoul_normal_2,BattleConfiguration
m_Chance,1,
m_EnemyActors,shared_lost_soul,shared_ghoul,
m_CompleteLootTables,road_ghoul_rewards_all,
m_IsRollBattleModifier,True,
element_end
element_start,gaunt_ghoul_normal_3,BattleConfiguration
m_Chance,1,
m_EnemyActors,shared_lost_soul,shared_lost_soul,shared_ghoul,
m_CompleteLootTables,road_ghoul_rewards_all,
m_IsRollBattleModifier,True,
element_end
element_start,gaunt_ghoul_hard_1,BattleConfiguration
m_Chance,1,
m_EnemyActors,shared_ghoul,shared_lost_soul_yeoman,
m_CompleteLootTables,road_ghoul_rewards_all,
m_CompleteStoryLootTables,resistance_ghoul_rewards_all,
m_IsRollBattleModifier,True,
element_end
element_start,gaunt_ghoul_hard_2,BattleConfiguration
m_Chance,1,
m_EnemyActors,shared_ghoul,shared_lost_soul_widow,shared_lost_soul_urchin,
m_CompleteLootTables,road_ghoul_rewards_all,
m_CompleteStoryLootTables,resistance_ghoul_rewards_all,
m_IsRollBattleModifier,True,
element_end
element_start,gaunt_ghoul_hard_3,BattleConfiguration
m_Chance,1,
m_EnemyActors,shared_lost_soul,shared_lost_soul,shared_ghoul,
m_CompleteLootTables,road_ghoul_rewards_all,
m_CompleteStoryLootTables,resistance_ghoul_rewards_all,
m_IsRollBattleModifier,True,
element_end
element_start,gaunt_ghoul_hard_4,BattleConfiguration
m_Chance,1,
m_EnemyActors,shared_lost_soul_yeoman,shared_ghoul,
m_CompleteLootTables,road_ghoul_rewards_all,
m_CompleteStoryLootTables,resistance_ghoul_rewards_all,
m_IsRollBattleModifier,True,
element_end
element_start,gaunt_ghoul_hard_5,BattleConfiguration
m_Chance,1,
m_EnemyActors,shared_ghoul,shared_ghoul,
m_CompleteLootTables,road_ghoul_rewards_all,
m_CompleteStoryLootTables,resistance_ghoul_rewards_all,
m_IsRollBattleModifier,True,
element_end
element_start,gaunts_hazard_1,BattleConfiguration
m_Chance,1,
m_BattleModifierOverrideId,urgent_repairs,
m_RunDataStatsId,no_retreat,
m_EnemyActors,shared_lost_soul_yeoman,shared_lost_soul_widow,shared_lost_soul_urchin,
m_CompleteLootTables,hazard_shared_rewards_all,
m_Tags,glossary_repair,
element_end
element_start,gaunts_hazard_2,BattleConfiguration
m_Chance,1,
m_BattleModifierOverrideId,urgent_repairs,
m_RunDataStatsId,no_retreat,
m_EnemyActors,shared_ghoul,shared_lost_soul_widow,shared_lost_soul_urchin,
m_CompleteLootTables,hazard_shared_rewards_all,
m_Tags,glossary_repair,
element_end
element_start,gaunts_hazard_3,BattleConfiguration
m_Chance,1,
m_BattleModifierOverrideId,urgent_repairs,
m_RunDataStatsId,no_retreat,
m_EnemyActors,shared_lost_soul_yeoman,shared_ghoul,
m_CompleteLootTables,hazard_shared_rewards_all,
m_Tags,glossary_repair,
element_end
element_start,gaunts_hazard_4gg,BattleConfiguration
m_Chance,1,
m_BattleModifierOverrideId,urgent_repairs,
m_RunDataStatsId,no_retreat,
m_EnemyActors,shared_ghoul,shared_ghoul,
m_CompleteLootTables,hazard_shared_rewards_all,
m_Tags,glossary_repair,
element_end
element_start,gaunts_rough_patch_1,BattleConfiguration
m_Chance,1,
m_BattleModifierOverrideId,urgent_repairs_wheels,
m_RunDataStatsId,no_retreat,
m_EnemyActors,shared_lost_soul_yeoman,shared_lost_soul_widow,shared_lost_soul_urchin,
m_CompleteLootTables,rough_patch_shared_rewards_all,
m_Tags,glossary_repair_wheels,
element_end
element_start,gaunts_rough_patch_2,BattleConfiguration
m_Chance,1,
m_BattleModifierOverrideId,urgent_repairs_wheels,
m_RunDataStatsId,no_retreat,
m_EnemyActors,shared_ghoul,shared_lost_soul_widow,shared_lost_soul_urchin,
m_CompleteLootTables,rough_patch_shared_rewards_all,
m_Tags,glossary_repair_wheels,
element_end
element_start,gaunts_rough_patch_3,BattleConfiguration
m_Chance,1,
m_BattleModifierOverrideId,urgent_repairs_wheels,
m_RunDataStatsId,no_retreat,
m_EnemyActors,shared_lost_soul_yeoman,shared_ghoul,
m_CompleteLootTables,rough_patch_shared_rewards_all,
m_Tags,glossary_repair_wheels,
element_end
element_start,gaunts_rough_patch_4gg,BattleConfiguration
m_Chance,1,
m_BattleModifierOverrideId,urgent_repairs_wheels,
m_RunDataStatsId,no_retreat,
m_EnemyActors,shared_ghoul,shared_ghoul,
m_CompleteLootTables,rough_patch_shared_rewards_all,
m_Tags,glossary_repair_wheels,
element_end
element_start,im_just_a_ghoul,BattleConfiguration
m_Chance,1,
m_EnemyActors,shared_ghoul,
m_CompleteLootTables,road_ghoul_rewards_all,
m_CompleteStoryLootTables,resistance_ghoul_rewards_all,
m_IsRollBattleModifier,True,
element_end
element_start,im_just_a_curio_ghoul,BattleConfiguration
m_Chance,1,
m_EnemyActors,shared_lost_soul,shared_lost_soul,shared_ghoul,
m_CompleteLootTables,road_ghoul_rewards_all,
m_CompleteStoryLootTables,resistance_ghoul_rewards_all,
m_IsRollBattleModifier,True,
element_end
element_start,intro_valley_gaunts_1,BattleConfiguration
m_Chance,1,
m_RunLimit,1,
m_EnemyActors,shared_lost_soul,shared_lost_soul,
m_CompleteLootTables,intro_valley_gaunt_rewards_all,
m_IsRollBattleModifier,False,
element_end
element_start,intro_valley_gaunts_2,BattleConfiguration
m_Chance,1,
m_EnemyActors,shared_lost_soul,shared_lost_soul_yeoman,shared_lost_soul_widow,
m_CompleteLootTables,intro_valley_gaunt_rewards_all,
m_IsRollBattleModifier,False,
element_end
element_start,intro_valley_gaunts_3,BattleConfiguration
m_Chance,1,
m_EnemyActors,shared_lost_soul_yeoman,shared_lost_soul_widow,shared_lost_soul_widow,
m_CompleteLootTables,intro_valley_gaunt_rewards_all,
m_IsRollBattleModifier,False,
element_end
element_start,intro_valley_gaunts_4,BattleConfiguration
m_Chance,1,
m_EnemyActors,shared_lost_soul_yeoman,shared_lost_soul,shared_lost_soul,
m_CompleteLootTables,intro_valley_gaunt_rewards_all,
m_IsRollBattleModifier,False,
element_end
element_start,valley_gaunts_1,BattleConfiguration
m_Chance,1,
m_EnemyActors,shared_lost_soul,shared_lost_soul,
m_CompleteLootTables,road_valley_rewards_all,
m_IsRollBattleModifier,False,
element_end
element_start,valley_gaunts_2,BattleConfiguration
m_Chance,1,
m_EnemyActors,shared_lost_soul,shared_lost_soul,shared_lost_soul_widow,
m_CompleteLootTables,road_valley_rewards_all,
m_IsRollBattleModifier,False,
element_end
element_start,valley_gaunts_3,BattleConfiguration
m_Chance,1,
m_EnemyActors,shared_lost_soul,shared_lost_soul,shared_lost_soul,
m_CompleteLootTables,road_valley_rewards_all,
m_IsRollBattleModifier,False,
element_end
element_start,valley_gaunts_4,BattleConfiguration
m_Chance,1,
m_EnemyActors,shared_lost_soul,shared_lost_soul_urchin,shared_lost_soul_widow,
m_CompleteLootTables,road_valley_rewards_all,
m_IsRollBattleModifier,False,
element_end
element_start,valley_gaunts_5,BattleConfiguration
m_Chance,1,
m_EnemyActors,shared_lost_soul,shared_lost_soul,shared_lost_soul,shared_lost_soul,
m_CompleteLootTables,road_valley_rewards_all,
m_IsRollBattleModifier,False,
element_end
element_start,valley_gaunts_6,BattleConfiguration
m_Chance,1,
m_EnemyActors,shared_lost_soul,shared_lost_soul,shared_lost_soul,shared_lost_soul_widow,
m_CompleteLootTables,road_valley_rewards_all,
m_IsRollBattleModifier,False,
element_end
element_start,valley_gaunts_7,BattleConfiguration
m_Chance,1,
m_EnemyActors,shared_lost_soul,shared_lost_soul,shared_lost_soul,shared_lost_soul_urchin,
m_CompleteLootTables,road_valley_rewards_all,
m_IsRollBattleModifier,False,
element_end
element_start,valley_gaunts_8,BattleConfiguration
m_Chance,1,
m_EnemyActors,shared_lost_soul,shared_lost_soul_urchin,shared_lost_soul_widow,shared_lost_soul,
m_CompleteLootTables,road_valley_rewards_all,
m_IsRollBattleModifier,False,
element_end
element_start,valley_gaunts_9,BattleConfiguration
m_Chance,1,
m_EnemyActors,shared_lost_soul,shared_lost_soul,shared_lost_soul_urchin,shared_lost_soul_widow,
m_CompleteLootTables,road_valley_rewards_all,
m_IsRollBattleModifier,False,
element_end
element_start,valley_gaunts_10,BattleConfiguration
m_Chance,1,
m_EnemyActors,shared_lost_soul,shared_lost_soul_yeoman,shared_lost_soul_urchin,
m_CompleteLootTables,road_valley_rewards_all,
m_IsRollBattleModifier,False,
element_end
element_start,valley_gaunts_11,BattleConfiguration
m_Chance,1,
m_EnemyActors,shared_lost_soul,shared_lost_soul_yeoman,shared_lost_soul_widow,
m_CompleteLootTables,road_valley_rewards_all,
m_IsRollBattleModifier,False,
element_end
element_start,valley_gaunts_12,BattleConfiguration
m_Chance,1,
m_EnemyActors,shared_lost_soul_yeoman,shared_lost_soul_widow,shared_lost_soul_widow,
m_CompleteLootTables,road_valley_rewards_all,
m_IsRollBattleModifier,False,
element_end
element_start,valley_gaunts_13,BattleConfiguration
m_Chance,1,
m_EnemyActors,shared_lost_soul_yeoman,shared_lost_soul_widow,shared_lost_soul_urchin,
m_CompleteLootTables,road_valley_rewards_all,
m_IsRollBattleModifier,False,
element_end
element_start,valley_gaunts_14,BattleConfiguration
m_Chance,1,
m_EnemyActors,shared_lost_soul,shared_lost_soul,shared_lost_soul_widow,shared_lost_soul_urchin,
m_CompleteLootTables,road_valley_rewards_all,
m_IsRollBattleModifier,False,
element_end
element_start,valley_gaunts_15,BattleConfiguration
m_Chance,1,
m_EnemyActors,shared_lost_soul_yeoman,shared_lost_soul,shared_lost_soul,
m_CompleteLootTables,road_valley_rewards_all,
m_IsRollBattleModifier,False,
element_end
element_start,valley_gaunts_16,BattleConfiguration
m_Chance,1,
m_EnemyActors,shared_lost_soul,shared_lost_soul,shared_ghoul,
m_CompleteLootTables,road_valley_rewards_all,
m_IsRollBattleModifier,False,
element_end
element_start,surgeon_gaunt_101a,BattleConfiguration
m_Chance,1,
m_AdditionalBattleConfigurationTableId,surgeon_node_mashes_a,
m_EnemyActors,shared_lost_soul_patient,shared_lost_soul_widow,shared_lost_soul_patient,shared_lost_soul_urchin,
m_EnemySummonControllerConfigurationId,wave,
m_IsRollBattleModifier,True,
element_end
element_start,surgeon_gaunt_102a,BattleConfiguration
m_Chance,1,
m_AdditionalBattleConfigurationTableId,surgeon_node_mashes_a,
m_EnemyActors,shared_lost_soul_patient,shared_lost_soul_patient,shared_lost_soul_widow,shared_lost_soul_urchin,
m_EnemySummonControllerConfigurationId,wave,
m_IsRollBattleModifier,True,
element_end
element_start,surgeon_gaunt_103a,BattleConfiguration
m_Chance,1,
m_AdditionalBattleConfigurationTableId,surgeon_node_mashes_a,
m_EnemyActors,shared_lost_soul_patient,shared_lost_soul_patient,shared_lost_soul_urchin,shared_lost_soul_urchin,
m_EnemySummonControllerConfigurationId,wave,
m_IsRollBattleModifier,True,
element_end
element_start,surgeon_gaunt_104a,BattleConfiguration
m_Chance,1,
m_AdditionalBattleConfigurationTableId,surgeon_node_mashes_a,
m_EnemyActors,shared_lost_soul_patient,shared_lost_soul_patient,shared_lost_soul_widow,shared_lost_soul_widow,
m_EnemySummonControllerConfigurationId,wave,
m_IsRollBattleModifier,True,
element_end
element_start,surgeon_gaunt_101b,BattleConfiguration
m_Chance,1,
m_AdditionalBattleConfigurationTableId,surgeon_node_mashes_b,
m_EnemyActors,shared_lost_soul_patient,shared_ghoul,shared_lost_soul_patient,
m_EnemySummonControllerConfigurationId,wave,
m_IsRollBattleModifier,True,
element_end
element_start,surgeon_gaunt_102b,BattleConfiguration
m_Chance,1,
m_AdditionalBattleConfigurationTableId,surgeon_node_mashes_b,
m_EnemyActors,shared_lost_soul_patient,shared_ghoul,shared_lost_soul_urchin,
m_EnemySummonControllerConfigurationId,wave,
m_IsRollBattleModifier,True,
element_end
element_start,surgeon_gaunt_103b,BattleConfiguration
m_Chance,1,
m_AdditionalBattleConfigurationTableId,surgeon_node_mashes_b,
m_EnemyActors,shared_lost_soul_patient,shared_ghoul,shared_lost_soul_widow,
m_EnemySummonControllerConfigurationId,wave,
m_IsRollBattleModifier,True,
element_end
element_start,surgeon_gaunt_104b,BattleConfiguration
m_Chance,1,
m_AdditionalBattleConfigurationTableId,surgeon_node_mashes_b,
m_EnemyActors,shared_lost_soul_patient,shared_lost_soul_widow,shared_lost_soul_yeoman,
m_EnemySummonControllerConfigurationId,wave,
m_IsRollBattleModifier,True,
element_end
element_start,surgeon_gaunt_105b,BattleConfiguration
m_Chance,1,
m_AdditionalBattleConfigurationTableId,surgeon_node_mashes_b,
m_EnemyActors,shared_lost_soul_patient,shared_lost_soul_yeoman,shared_lost_soul_urchin,
m_EnemySummonControllerConfigurationId,wave,
m_IsRollBattleModifier,True,
element_end
element_start,surgeon_gaunt_201a,BattleConfiguration
m_Chance,1,
m_EnemyActors,shared_lost_soul_yeoman,shared_lost_soul_patient,shared_lost_soul_chirurgeon,
m_CompleteLootTables,chirurgeon_rewards_all,
m_CompleteStoryLootTables,chirurgeon_rewards_all,
m_IsRollBattleModifier,True,
element_end
element_start,surgeon_gaunt_202a,BattleConfiguration
m_Chance,1,
m_EnemyActors,shared_lost_soul_yeoman,shared_lost_soul_urchin,shared_lost_soul_chirurgeon,
m_CompleteLootTables,chirurgeon_rewards_all,
m_CompleteStoryLootTables,chirurgeon_rewards_all,
m_IsRollBattleModifier,True,
element_end
element_start,surgeon_gaunt_203a,BattleConfiguration
m_Chance,1,
m_EnemyActors,shared_lost_soul_yeoman,shared_lost_soul_widow,shared_lost_soul_chirurgeon,
m_CompleteLootTables,chirurgeon_rewards_all,
m_CompleteStoryLootTables,chirurgeon_rewards_all,
m_IsRollBattleModifier,True,
element_end
element_start,surgeon_gaunt_204a,BattleConfiguration
m_Chance,1,
m_EnemyActors,shared_ghoul,shared_lost_soul_patient,shared_lost_soul_chirurgeon,
m_CompleteLootTables,chirurgeon_rewards_all,
m_CompleteStoryLootTables,chirurgeon_rewards_all,
m_IsRollBattleModifier,True,
element_end
element_start,surgeon_gaunt_205a,BattleConfiguration
m_Chance,1,
m_EnemyActors,shared_ghoul,shared_lost_soul_urchin,shared_lost_soul_chirurgeon,
m_CompleteLootTables,chirurgeon_rewards_all,
m_CompleteStoryLootTables,chirurgeon_rewards_all,
m_IsRollBattleModifier,True,
element_end
element_start,surgeon_gaunt_206a,BattleConfiguration
m_Chance,1,
m_EnemyActors,shared_ghoul,shared_lost_soul_widow,shared_lost_soul_chirurgeon,
m_CompleteLootTables,chirurgeon_rewards_all,
m_CompleteStoryLootTables,chirurgeon_rewards_all,
m_IsRollBattleModifier,True,
element_end
element_start,surgeon_gaunt_201b,BattleConfiguration
m_Chance,1,
m_EnemyActors,shared_lost_soul_patient,shared_lost_soul_widow,shared_lost_soul_urchin,shared_lost_soul_chirurgeon,
m_CompleteLootTables,chirurgeon_rewards_all,
m_CompleteStoryLootTables,chirurgeon_rewards_all,
m_IsRollBattleModifier,True,
element_end
element_start,surgeon_gaunt_202b,BattleConfiguration
m_Chance,1,
m_EnemyActors,shared_lost_soul_patient,shared_lost_soul_patient,shared_lost_soul_widow,shared_lost_soul_chirurgeon,
m_CompleteLootTables,chirurgeon_rewards_all,
m_CompleteStoryLootTables,chirurgeon_rewards_all,
m_IsRollBattleModifier,True,
element_end
element_start,surgeon_gaunt_203b,BattleConfiguration
m_Chance,1,
m_EnemyActors,shared_lost_soul_patient,shared_lost_soul_patient,shared_lost_soul_urchin,shared_lost_soul_chirurgeon,
m_CompleteLootTables,chirurgeon_rewards_all,
m_CompleteStoryLootTables,chirurgeon_rewards_all,
m_IsRollBattleModifier,True,
element_end
element_start,surgeon_gaunt_204b,BattleConfiguration
m_Chance,1,
m_EnemyActors,shared_lost_soul_patient,shared_lost_soul_widow,shared_lost_soul_patient,shared_lost_soul_chirurgeon,
m_CompleteLootTables,chirurgeon_rewards_all,
m_CompleteStoryLootTables,chirurgeon_rewards_all,
m_IsRollBattleModifier,True,
element_end
element_start,patient_mash_1,BattleConfiguration
m_Chance,1,
m_EnemyActors,shared_lost_soul_patient,shared_lost_soul_urchin,shared_lost_soul_widow,shared_lost_soul,
m_CompleteLootTables,road_gaunt_rewards_all,
m_IsRollBattleModifier,True,
element_end
element_start,patient_mash_2,BattleConfiguration
m_Chance,1,
m_EnemyActors,shared_lost_soul_patient,shared_lost_soul,shared_lost_soul_patient,shared_lost_soul,
m_CompleteLootTables,road_gaunt_rewards_all,
m_IsRollBattleModifier,True,
element_end
element_start,patient_mash_3,BattleConfiguration
m_Chance,1,
m_EnemyActors,shared_lost_soul_patient,shared_lost_soul,shared_lost_soul_patient,shared_lost_soul_widow,
m_CompleteLootTables,road_gaunt_rewards_all,
m_IsRollBattleModifier,True,
element_end
element_start,patient_mash_4,BattleConfiguration
m_Chance,1,
m_EnemyActors,shared_lost_soul,shared_lost_soul_patient,shared_lost_soul_patient,shared_lost_soul_urchin,
m_CompleteLootTables,road_gaunt_rewards_all,
m_IsRollBattleModifier,True,
element_end
element_start,patient_mash_5,BattleConfiguration
m_Chance,1,
m_EnemyActors,shared_lost_soul,shared_lost_soul_urchin,shared_lost_soul_widow,shared_lost_soul_patient,
m_CompleteLootTables,road_gaunt_rewards_all,
m_IsRollBattleModifier,True,
element_end
element_start,patient_mash_6,BattleConfiguration
m_Chance,1,
m_EnemyActors,shared_lost_soul_patient,shared_lost_soul,shared_lost_soul_urchin,shared_lost_soul_widow,
m_CompleteLootTables,road_gaunt_rewards_all,
m_IsRollBattleModifier,True,
element_end
element_start,patient_mash_7,BattleConfiguration
m_Chance,1,
m_EnemyActors,shared_lost_soul_patient,shared_lost_soul_yeoman,shared_lost_soul_urchin,
m_CompleteLootTables,road_gaunt_rewards_all,
m_IsRollBattleModifier,True,
element_end
element_start,patient_mash_8,BattleConfiguration
m_Chance,1,
m_EnemyActors,shared_lost_soul_patient,shared_lost_soul_yeoman,shared_lost_soul_widow,
m_CompleteLootTables,road_gaunt_rewards_all,
m_IsRollBattleModifier,True,
element_end
element_start,patient_mash_9,BattleConfiguration
m_Chance,1,
m_EnemyActors,shared_lost_soul_patient,shared_lost_soul_patient,shared_lost_soul_widow,shared_lost_soul_urchin,
m_CompleteLootTables,road_gaunt_rewards_all,
m_IsRollBattleModifier,True,
element_end
element_start,patient_mash_10,BattleConfiguration
m_Chance,1,
m_EnemyActors,shared_lost_soul_patient,shared_ghoul,
m_CompleteLootTables,road_ghoul_rewards_all,
m_IsRollBattleModifier,True,
element_end
element_start,patient_mash_11,BattleConfiguration
m_Chance,1,
m_EnemyActors,shared_lost_soul_patient,shared_lost_soul,shared_ghoul,
m_CompleteLootTables,road_ghoul_rewards_all,
m_IsRollBattleModifier,True,
element_end
element_start,cultist_mash_1,BattleConfiguration
m_Chance,1,
m_EnemyActors,cultist_evangelist,cultist_evangelist,cultist_cherub,cultist_cherub,
m_CompleteLootTables,story_cultist_rewards_all,
m_IsRollBattleModifier,True,
m_Tags,cultist,
element_end
element_start,cultist_mash_2,BattleConfiguration
m_Chance,1,
m_EnemyActors,cultist_evangelist,cultist_evangelist,cultist_cherub,cultist_altar,
m_CompleteLootTables,story_cultist_rewards_all,
m_IsRollBattleModifier,True,
m_Tags,cultist,
element_end
element_start,cultist_mash_3,BattleConfiguration
m_Chance,1,
m_EnemyActors,cultist_evangelist,cultist_evangelist,cultist_altar,cultist_cherub,
m_CompleteLootTables,story_cultist_rewards_all,
m_IsRollBattleModifier,True,
m_Tags,cultist,
element_end
element_start,cultist_mash_4,BattleConfiguration
m_Chance,1,
m_EnemyActors,cultist_evangelist,cultist_evangelist,cultist_altar,cultist_herald,
m_CompleteLootTables,story_cultist_rewards_all,
m_IsRollBattleModifier,True,
m_Tags,cultist,
element_end
element_start,cultist_mash_5,BattleConfiguration
m_Chance,1,
m_EnemyActors,cultist_evangelist,cultist_evangelist,cultist_herald,cultist_altar,
m_CompleteLootTables,story_cultist_rewards_all,
m_IsRollBattleModifier,True,
m_Tags,cultist,
element_end
element_start,cultist_mash_6,BattleConfiguration
m_Chance,1,
m_EnemyActors,cultist_evangelist,cultist_evangelist,cultist_herald,cultist_cherub,
m_CompleteLootTables,story_cultist_rewards_all,
m_IsRollBattleModifier,True,
m_Tags,cultist,
element_end
element_start,cultist_mash_7,BattleConfiguration
m_Chance,1,
m_EnemyActors,cultist_evangelist,cultist_evangelist,cultist_cherub,cultist_herald,
m_CompleteLootTables,story_cultist_rewards_all,
m_IsRollBattleModifier,True,
m_Tags,cultist,
element_end
element_start,cultist_mash_8,BattleConfiguration
m_Chance,1,
m_EnemyActors,cultist_evangelist,cultist_evangelist,cultist_herald,cultist_herald,
m_CompleteLootTables,story_cultist_rewards_all,
m_IsRollBattleModifier,True,
m_Tags,cultist,
element_end
element_start,cultist_mash_9,BattleConfiguration
m_Chance,1,
m_EnemyActors,cultist_evangelist,cultist_altar,cultist_herald,cultist_herald,
m_CompleteLootTables,story_cultist_rewards_all,
m_IsRollBattleModifier,True,
m_Tags,cultist,
element_end
element_start,cultist_mash_10,BattleConfiguration
m_Chance,1,
m_EnemyActors,cultist_evangelist,cultist_altar,cultist_cherub,cultist_cherub,
m_CompleteLootTables,story_cultist_rewards_all,
m_IsRollBattleModifier,True,
m_Tags,cultist,
element_end
element_start,cultist_mash_11,BattleConfiguration
m_Chance,1,
m_EnemyActors,cultist_evangelist,cultist_altar,cultist_herald,cultist_cherub,
m_CompleteLootTables,story_cultist_rewards_all,
m_IsRollBattleModifier,True,
m_Tags,cultist,
element_end
element_start,cultist_mash_12,BattleConfiguration
m_Chance,1,
m_EnemyActors,cultist_evangelist,cultist_altar,cultist_cherub,cultist_herald,
m_CompleteLootTables,story_cultist_rewards_all,
m_IsRollBattleModifier,True,
m_Tags,cultist,
element_end
element_start,cultist_torch_ambush_1,BattleConfiguration
m_Chance,1,
m_RunDataStatsId,ambush,
m_EnemyActors,cultist_deacon,cultist_altar,cultist_herald,
m_CompleteLootTables,ambush_cultist_rewards_all,
m_IsRollBattleModifier,True,
m_Tags,cultist,
element_end
element_start,cultist_torch_ambush_2,BattleConfiguration
m_Chance,1,
m_RunDataStatsId,ambush,
m_EnemyActors,cultist_deacon,cultist_altar,cultist_cherub,
m_CompleteLootTables,ambush_cultist_rewards_all,
m_IsRollBattleModifier,True,
m_Tags,cultist,
element_end
element_start,cultist_torch_ambush_3,BattleConfiguration
m_Chance,1,
m_RunDataStatsId,ambush,
m_EnemyActors,cultist_deacon,cultist_herald,cultist_altar,
m_CompleteLootTables,ambush_cultist_rewards_all,
m_IsRollBattleModifier,True,
m_Tags,cultist,
element_end
element_start,cultist_torch_ambush_4,BattleConfiguration
m_Chance,1,
m_RunDataStatsId,ambush,
m_EnemyActors,cultist_deacon,cultist_cherub,cultist_altar,
m_CompleteLootTables,ambush_cultist_rewards_all,
m_IsRollBattleModifier,True,
m_Tags,cultist,
element_end
element_start,cultist_torch_ambush_5,BattleConfiguration
m_Chance,1,
m_RunDataStatsId,ambush,
m_EnemyActors,cultist_deacon,cultist_cherub,cultist_cherub,
m_CompleteLootTables,ambush_cultist_rewards_all,
m_IsRollBattleModifier,True,
m_Tags,cultist,
element_end
element_start,cultist_torch_ambush_6,BattleConfiguration
m_Chance,1,
m_RunDataStatsId,ambush,
m_EnemyActors,cultist_evangelist,cultist_deacon,cultist_altar,
m_CompleteLootTables,ambush_cultist_rewards_all,
m_IsRollBattleModifier,True,
m_Tags,cultist,
element_end
element_start,cultist_torch_ambush_7,BattleConfiguration
m_Chance,1,
m_RunDataStatsId,ambush,
m_EnemyActors,cultist_evangelist,cultist_evangelist,cultist_cardinal,
m_CompleteLootTables,ambush_cultist_rewards_all,
m_IsRollBattleModifier,True,
m_Tags,cultist,
element_end
element_start,cultist_torch_ambush_8,BattleConfiguration
m_Chance,1,
m_RunDataStatsId,ambush,
m_EnemyActors,cultist_evangelist,cultist_cardinal,cultist_altar,
m_CompleteLootTables,ambush_cultist_rewards_all,
m_IsRollBattleModifier,True,
m_Tags,cultist,
element_end
element_start,cultist_torch_ambush_9,BattleConfiguration
m_Chance,1,
m_RunDataStatsId,ambush,
m_EnemyActors,cultist_evangelist,cultist_cardinal,cultist_herald,
m_CompleteLootTables,ambush_cultist_rewards_all,
m_IsRollBattleModifier,True,
m_Tags,cultist,
element_end
element_start,cultist_torch_ambush_10,BattleConfiguration
m_Chance,1,
m_RunDataStatsId,ambush,
m_EnemyActors,cultist_evangelist,cultist_cardinal,cultist_cherub,
m_CompleteLootTables,ambush_cultist_rewards_all,
m_IsRollBattleModifier,True,
m_Tags,cultist,
element_end
element_start,cultist_torch_ambush_low_1,BattleConfiguration
m_Chance,1,
m_RunDataStatsId,ambush,
m_EnemyActors,cultist_evangelist,cultist_evangelist,cultist_cherub,cultist_cherub,
m_CompleteLootTables,ambush_cultist_rewards_all,
m_IsRollBattleModifier,True,
m_Tags,cultist,
element_end
element_start,cultist_torch_ambush_low_2,BattleConfiguration
m_Chance,1,
m_RunDataStatsId,ambush,
m_EnemyActors,cultist_evangelist,cultist_evangelist,cultist_cherub,cultist_altar,
m_CompleteLootTables,ambush_cultist_rewards_all,
m_IsRollBattleModifier,True,
m_Tags,cultist,
element_end
element_start,cultist_torch_ambush_low_3,BattleConfiguration
m_Chance,1,
m_RunDataStatsId,ambush,
m_EnemyActors,cultist_evangelist,cultist_evangelist,cultist_altar,cultist_cherub,
m_CompleteLootTables,ambush_cultist_rewards_all,
m_IsRollBattleModifier,True,
m_Tags,cultist,
element_end
element_start,cultist_torch_ambush_low_4,BattleConfiguration
m_Chance,1,
m_RunDataStatsId,ambush,
m_EnemyActors,cultist_evangelist,cultist_evangelist,cultist_altar,cultist_herald,
m_CompleteLootTables,ambush_cultist_rewards_all,
m_IsRollBattleModifier,True,
m_Tags,cultist,
element_end
element_start,cultist_torch_ambush_low_5,BattleConfiguration
m_Chance,1,
m_RunDataStatsId,ambush,
m_EnemyActors,cultist_evangelist,cultist_evangelist,cultist_herald,cultist_altar,
m_CompleteLootTables,ambush_cultist_rewards_all,
m_IsRollBattleModifier,True,
m_Tags,cultist,
element_end
element_start,cultist_torch_ambush_low_6,BattleConfiguration
m_Chance,1,
m_RunDataStatsId,ambush,
m_EnemyActors,cultist_evangelist,cultist_evangelist,cultist_herald,cultist_cherub,
m_CompleteLootTables,ambush_cultist_rewards_all,
m_IsRollBattleModifier,True,
m_Tags,cultist,
element_end
element_start,cultist_torch_ambush_low_7,BattleConfiguration
m_Chance,1,
m_RunDataStatsId,ambush,
m_EnemyActors,cultist_evangelist,cultist_evangelist,cultist_cherub,cultist_herald,
m_CompleteLootTables,ambush_cultist_rewards_all,
m_IsRollBattleModifier,True,
m_Tags,cultist,
element_end
element_start,cultist_torch_ambush_low_8,BattleConfiguration
m_Chance,1,
m_RunDataStatsId,ambush,
m_EnemyActors,cultist_evangelist,cultist_evangelist,cultist_herald,cultist_herald,
m_CompleteLootTables,ambush_cultist_rewards_all,
m_IsRollBattleModifier,True,
m_Tags,cultist,
element_end
element_start,cultist_torch_ambush_low_9,BattleConfiguration
m_Chance,1,
m_RunDataStatsId,ambush,
m_EnemyActors,cultist_evangelist,cultist_altar,cultist_herald,cultist_herald,
m_CompleteLootTables,ambush_cultist_rewards_all,
m_IsRollBattleModifier,True,
m_Tags,cultist,
element_end
element_start,cultist_torch_ambush_low_10,BattleConfiguration
m_Chance,1,
m_RunDataStatsId,ambush,
m_EnemyActors,cultist_evangelist,cultist_altar,cultist_cherub,cultist_cherub,
m_CompleteLootTables,ambush_cultist_rewards_all,
m_IsRollBattleModifier,True,
m_Tags,cultist,
element_end
element_start,cultist_torch_ambush_low_11,BattleConfiguration
m_Chance,1,
m_RunDataStatsId,ambush,
m_EnemyActors,cultist_evangelist,cultist_altar,cultist_herald,cultist_cherub,
m_CompleteLootTables,ambush_cultist_rewards_all,
m_IsRollBattleModifier,True,
m_Tags,cultist,
element_end
element_start,cultist_torch_ambush_low_12,BattleConfiguration
m_Chance,1,
m_RunDataStatsId,ambush,
m_EnemyActors,cultist_evangelist,cultist_altar,cultist_cherub,cultist_herald,
m_CompleteLootTables,ambush_cultist_rewards_all,
m_IsRollBattleModifier,True,
m_Tags,cultist,
element_end
element_start,cultist_doom_mash_1,BattleConfiguration
m_Chance,1,
m_RunDataStatsId,no_retreat,
m_EnemyActors,cultist_evangelist,cultist_exemplar,
m_CompleteLootTables,ambush_cultist_rewards_all,
m_IsRollBattleModifier,True,
m_Tags,cultist,
element_end
element_start,cultist_doom_mash_2,BattleConfiguration
m_Chance,1,
m_RunDataStatsId,no_retreat,
m_EnemyActors,cultist_exemplar,cultist_altar,
m_CompleteLootTables,ambush_cultist_rewards_all,
m_IsRollBattleModifier,True,
m_Tags,cultist,
element_end
element_start,cultist_doom_mash_3,BattleConfiguration
m_Chance,1,
m_RunDataStatsId,no_retreat,
m_EnemyActors,cultist_exemplar,cultist_herald,
m_CompleteLootTables,ambush_cultist_rewards_all,
m_IsRollBattleModifier,True,
m_Tags,cultist,
element_end
element_start,cultist_doom_mash_4,BattleConfiguration
m_Chance,1,
m_RunDataStatsId,no_retreat,
m_EnemyActors,cultist_exemplar,cultist_cherub,
m_CompleteLootTables,ambush_cultist_rewards_all,
m_IsRollBattleModifier,True,
m_Tags,cultist,
element_end
element_start,cultist_guardian_biome_1_altar_1,BattleConfiguration
m_Chance,1,
m_RunDataStatsId,no_retreat,
m_EnemyActors,cultist_evangelist,cultist_altar,cultist_cherub,cultist_herald,
m_CompleteLootTables,guardian_cultist_1_rewards_all,
m_IsRollBattleModifier,False,
m_Tags,cultist,
element_end
element_start,cultist_guardian_biome_1_altar_2,BattleConfiguration
m_Chance,1,
m_RunDataStatsId,no_retreat,
m_EnemyActors,cultist_evangelist,cultist_evangelist,cultist_cherub,cultist_altar,
m_CompleteLootTables,guardian_cultist_1_rewards_all,
m_IsRollBattleModifier,False,
m_Tags,cultist,
element_end
element_start,cultist_guardian_biome_1_altar_3,BattleConfiguration
m_Chance,1,
m_RunDataStatsId,no_retreat,
m_EnemyActors,cultist_evangelist,cultist_evangelist,cultist_herald,cultist_altar,
m_CompleteLootTables,guardian_cultist_1_rewards_all,
m_IsRollBattleModifier,False,
m_Tags,cultist,
element_end
element_start,cultist_guardian_biome_1_altar_4,BattleConfiguration
m_Chance,1,
m_RunDataStatsId,no_retreat,
m_EnemyActors,cultist_evangelist,cultist_evangelist,cultist_altar,cultist_cherub,
m_CompleteLootTables,guardian_cultist_1_rewards_all,
m_IsRollBattleModifier,False,
m_Tags,cultist,
element_end
element_start,cultist_guardian_biome_1_altar_5,BattleConfiguration
m_Chance,1,
m_RunDataStatsId,no_retreat,
m_EnemyActors,cultist_evangelist,cultist_evangelist,cultist_altar,cultist_herald,
m_CompleteLootTables,guardian_cultist_1_rewards_all,
m_IsRollBattleModifier,False,
m_Tags,cultist,
element_end
element_start,cultist_guardian_biome_1_boss_1,BattleConfiguration
m_Chance,1,
m_RunDataStatsId,no_retreat,
m_EnemyActors,cultist_deacon,cultist_herald,cultist_altar,
m_CompleteLootTables,guardian_cultist_2_rewards_all,
m_IsRollBattleModifier,False,
m_Tags,cultist,
element_end
element_start,cultist_guardian_biome_1_boss_2,BattleConfiguration
m_Chance,1,
m_RunDataStatsId,no_retreat,
m_EnemyActors,cultist_deacon,cultist_altar,cultist_herald,
m_CompleteLootTables,guardian_cultist_2_rewards_all,
m_IsRollBattleModifier,False,
m_Tags,cultist,
element_end
element_start,cultist_guardian_biome_1_boss_3,BattleConfiguration
m_Chance,1,
m_RunDataStatsId,no_retreat,
m_EnemyActors,cultist_deacon,cultist_altar,cultist_cherub,
m_CompleteLootTables,guardian_cultist_2_rewards_all,
m_IsRollBattleModifier,False,
m_Tags,cultist,
element_end
element_start,cultist_guardian_biome_1_boss_4,BattleConfiguration
m_Chance,1,
m_RunDataStatsId,no_retreat,
m_EnemyActors,cultist_deacon,cultist_cherub,cultist_altar,
m_CompleteLootTables,guardian_cultist_2_rewards_all,
m_IsRollBattleModifier,False,
m_Tags,cultist,
element_end
element_start,cultist_guardian_biome_1_boss_5,BattleConfiguration
m_Chance,1,
m_RunDataStatsId,no_retreat,
m_EnemyActors,cultist_evangelist,cultist_deacon,cultist_altar,
m_CompleteLootTables,guardian_cultist_2_rewards_all,
m_IsRollBattleModifier,False,
m_Tags,cultist,
element_end
element_start,cultist_guardian_biome_2_boss_1,BattleConfiguration
m_Chance,1,
m_RunDataStatsId,no_retreat,
m_EnemyActors,cultist_evangelist,cultist_altar,cultist_cardinal,
m_CompleteLootTables,guardian_cultist_2_rewards_all,
m_IsRollBattleModifier,False,
m_Tags,cultist,
element_end
element_start,cultist_guardian_biome_2_boss_2,BattleConfiguration
m_Chance,1,
m_RunDataStatsId,no_retreat,
m_EnemyActors,cultist_evangelist,cultist_cardinal,cultist_altar,
m_CompleteLootTables,guardian_cultist_2_rewards_all,
m_IsRollBattleModifier,False,
m_Tags,cultist,
element_end
element_start,cultist_guardian_biome_2_boss_3,BattleConfiguration
m_Chance,1,
m_RunDataStatsId,no_retreat,
m_EnemyActors,cultist_altar,cultist_cardinal,cultist_cherub,
m_CompleteLootTables,guardian_cultist_2_rewards_all,
m_IsRollBattleModifier,False,
m_Tags,cultist,
element_end
element_start,cultist_guardian_biome_2_boss_4,BattleConfiguration
m_Chance,1,
m_RunDataStatsId,no_retreat,
m_EnemyActors,cultist_altar,cultist_evangelist,cultist_cardinal,
m_CompleteLootTables,guardian_cultist_2_rewards_all,
m_IsRollBattleModifier,False,
m_Tags,cultist,
element_end
element_start,cultist_guardian_biome_2_boss_5,BattleConfiguration
m_Chance,1,
m_RunDataStatsId,no_retreat,
m_EnemyActors,cultist_altar,cultist_cardinal,cultist_herald,
m_CompleteLootTables,guardian_cultist_2_rewards_all,
m_IsRollBattleModifier,False,
m_Tags,cultist,
element_end
element_start,cultist_guardian_biome_3_boss_1,BattleConfiguration
m_Chance,1,
m_RunDataStatsId,no_retreat,
m_EnemyActors,cultist_exemplar,cultist_altar,
m_CompleteLootTables,guardian_cultist_3_rewards_all,
m_IsRollBattleModifier,False,
m_Tags,cultist,
element_end
element_start,cultist_mountain_1_1,BattleConfiguration
m_Chance,1,
m_RunDataStatsId,no_retreat,
m_EnemyActors,cultist_deacon,cultist_cherub,cultist_altar,
m_IsRollBattleModifier,False,
m_Tags,cultist,
element_end
element_start,cultist_mountain_1_2,BattleConfiguration
m_Chance,1,
m_RunDataStatsId,no_retreat,
m_EnemyActors,cultist_deacon,cultist_herald,cultist_altar,
m_IsRollBattleModifier,False,
m_Tags,cultist,
element_end
element_start,cultist_mountain_1_3,BattleConfiguration
m_Chance,1,
m_RunDataStatsId,no_retreat,
m_EnemyActors,cultist_deacon,cultist_altar,cultist_herald,
m_IsRollBattleModifier,False,
m_Tags,cultist,
element_end
element_start,cultist_mountain_1_4,BattleConfiguration
m_Chance,1,
m_RunDataStatsId,no_retreat,
m_EnemyActors,cultist_evangelist,cultist_deacon,cultist_herald,
m_IsRollBattleModifier,False,
m_Tags,cultist,
element_end
element_start,cultist_mountain_1_5,BattleConfiguration
m_Chance,1,
m_RunDataStatsId,no_retreat,
m_EnemyActors,cultist_deacon,cultist_cherub,cultist_cherub,
m_IsRollBattleModifier,False,
m_Tags,cultist,
element_end
element_start,cultist_mountain_1_6,BattleConfiguration
m_Chance,1,
m_RunDataStatsId,no_retreat,
m_EnemyActors,cultist_evangelist,cultist_deacon,cultist_altar,
m_IsRollBattleModifier,False,
m_Tags,cultist,
element_end
element_start,cultist_mountain_1_7,BattleConfiguration
m_Chance,1,
m_RunDataStatsId,no_retreat,
m_EnemyActors,cultist_evangelist,cultist_deacon,cultist_cherub,
m_IsRollBattleModifier,False,
m_Tags,cultist,
element_end
element_start,cultist_mountain_2_1,BattleConfiguration
m_Chance,1,
m_RunDataStatsId,no_retreat,
m_EnemyActors,cultist_evangelist,cultist_cardinal,cultist_altar,
m_IsRollBattleModifier,False,
m_Tags,cultist,
element_end
element_start,cultist_mountain_2_2,BattleConfiguration
m_Chance,1,
m_RunDataStatsId,no_retreat,
m_EnemyActors,cultist_evangelist,cultist_evangelist,cultist_cardinal,
m_IsRollBattleModifier,False,
m_Tags,cultist,
element_end
element_start,cultist_mountain_2_3,BattleConfiguration
m_Chance,1,
m_RunDataStatsId,no_retreat,
m_EnemyActors,cultist_evangelist,cultist_altar,cultist_cardinal,
m_IsRollBattleModifier,False,
m_Tags,cultist,
element_end
element_start,cultist_mountain_2_4,BattleConfiguration
m_Chance,1,
m_RunDataStatsId,no_retreat,
m_EnemyActors,cultist_evangelist,cultist_cardinal,cultist_cherub,
m_IsRollBattleModifier,False,
m_Tags,cultist,
element_end
element_start,cultist_mountain_2_5,BattleConfiguration
m_Chance,1,
m_RunDataStatsId,no_retreat,
m_EnemyActors,cultist_evangelist,cultist_cardinal,cultist_herald,
m_IsRollBattleModifier,False,
m_Tags,cultist,
element_end
element_start,shambler,BattleConfiguration
m_Chance,1,
m_BackgroundSceneOverride,combat_arena_hero_story_occultist_origin_2,
m_EnemyActors,shared_shambler,
m_CompleteLootTables,shambler_rewards_all,
m_CompleteStoryLootTables,shambler_rewards_all,
hero_effects,move_shuffle_shambler_start,
actorless_effects,torch_set_to_1,
m_IsRollBattleModifier,True,
element_end
element_start,shambler_hazard,BattleConfiguration
m_Chance,1,
m_BackgroundSceneOverride,combat_arena_hero_story_occultist_origin_2,
m_BattleModifierOverrideId,urgent_repairs,
m_RunDataStatsId,no_retreat,
m_EnemyActors,shared_shambler,
m_CompleteLootTables,hazard_shambler_rewards_all,
hero_effects,move_shuffle_shambler_start,
actorless_effects,torch_set_to_1,
m_Tags,glossary_repair,
element_end
element_start,shambler_rough_patch,BattleConfiguration
m_Chance,1,
m_BackgroundSceneOverride,combat_arena_hero_story_occultist_origin_2,
m_BattleModifierOverrideId,urgent_repairs_wheels,
m_RunDataStatsId,no_retreat,
m_EnemyActors,shared_shambler,
m_CompleteLootTables,rough_patch_shambler_rewards_all,
hero_effects,move_shuffle_shambler_start,
actorless_effects,torch_set_to_1,
m_Tags,glossary_repair_wheels,
element_end
element_start,death_1,BattleConfiguration
m_Chance,1,
m_RunLimit,1,
m_RunDataStatsId,no_retreat,
m_EnemyRandomOrder,True,
m_EnemyActors,shared_death,shared_death_headstone,shared_death_headstone,
m_IsRollBattleModifier,True,
element_end
element_start,death_e1,BattleConfiguration
m_Chance,1,
m_RunLimit,1,
m_RunDataStatsId,no_retreat,
m_EnemyRandomOrder,True,
m_EnemyActors,shared_death,shared_death_headstone,shared_death_headstone,
m_IsRollBattleModifier,True,
element_end
element_start,death_e2,BattleConfiguration
m_Chance,1,
m_RunLimit,1,
m_RunDataStatsId,no_retreat,
m_EnemyRandomOrder,True,
m_EnemyActors,shared_death,shared_death_headstone,shared_death_headstone,
m_IsRollBattleModifier,True,
element_end
element_start,death_e3,BattleConfiguration
m_Chance,1,
m_RunLimit,1,
m_RunDataStatsId,no_retreat,
m_EnemyRandomOrder,True,
m_EnemyActors,shared_death,shared_death_headstone,shared_death_headstone,
m_IsRollBattleModifier,True,
element_end
element_start,ancestor_statue_city,BattleConfiguration
m_Chance,1,
m_BackgroundSceneOverride,combat_arena_city_creature_den,
m_EnemyActors,shared_ancestor_statue,
m_CompleteLootTables,ancestor_statue_rewards_all,
m_CompleteStoryLootTables,ancestor_statue_rewards_all,
m_IsRollBattleModifier,False,
m_RoundLimit,6,
m_Tags,ancestor_statue,
element_end
element_start,ancestor_statue_coast,BattleConfiguration
m_Chance,1,
m_BackgroundSceneOverride,combat_arena_coast_creature_den,
m_EnemyActors,shared_ancestor_statue,
m_CompleteLootTables,ancestor_statue_rewards_all,
m_CompleteStoryLootTables,ancestor_statue_rewards_all,
m_IsRollBattleModifier,False,
m_RoundLimit,6,
m_Tags,ancestor_statue,
element_end
element_start,ancestor_statue_farm,BattleConfiguration
m_Chance,1,
m_BackgroundSceneOverride,combat_arena_farm_creature_den,
m_EnemyActors,shared_ancestor_statue,
m_CompleteLootTables,ancestor_statue_rewards_all,
m_CompleteStoryLootTables,ancestor_statue_rewards_all,
m_IsRollBattleModifier,False,
m_RoundLimit,6,
m_Tags,ancestor_statue,
element_end
element_start,ancestor_statue_forest,BattleConfiguration
m_Chance,1,
m_BackgroundSceneOverride,combat_arena_forest_creature_den,
m_EnemyActors,shared_ancestor_statue,
m_CompleteLootTables,ancestor_statue_rewards_all,
m_CompleteStoryLootTables,ancestor_statue_rewards_all,
m_IsRollBattleModifier,False,
m_RoundLimit,6,
m_Tags,ancestor_statue,
element_end
element_start,ancestor_statue_tundra,BattleConfiguration
m_Chance,1,
m_BackgroundSceneOverride,combat_arena_tundra_creature_den,
m_EnemyActors,shared_ancestor_statue,
m_CompleteLootTables,ancestor_statue_rewards_all,
m_CompleteStoryLootTables,ancestor_statue_rewards_all,
m_IsRollBattleModifier,False,
m_RoundLimit,6,
m_Tags,ancestor_statue,
element_end
element_start,ancestor_statue_cave,BattleConfiguration
m_Chance,1,
m_BackgroundSceneOverride,combat_arena_caves_creature_den,
m_EnemyActors,shared_ancestor_statue,
m_CompleteLootTables,ancestor_statue_rewards_all,
m_CompleteStoryLootTables,ancestor_statue_rewards_all,
m_IsRollBattleModifier,False,
m_RoundLimit,6,
m_Tags,ancestor_statue,
element_end
element_start,collector_region_1,BattleConfiguration
m_Chance,1,
m_RunLimit,1,
m_EnemyActors,shared_collector,
m_CompleteLootTables,collector_rewards_all,
m_CompleteStoryLootTables,collector_rewards_all,
m_IsRollBattleModifier,True,
element_end
element_start,collector_region_2,BattleConfiguration
m_Chance,1,
m_RunLimit,1,
m_EnemyActors,shared_collector,
m_CompleteLootTables,collector_rewards_all,
m_CompleteStoryLootTables,collector_rewards_all,
m_IsRollBattleModifier,True,
element_end
element_start,collector_region_3,BattleConfiguration
m_Chance,1,
m_RunLimit,1,
m_EnemyActors,shared_collector,
m_CompleteLootTables,collector_rewards_all,
m_CompleteStoryLootTables,collector_rewards_all,
m_IsRollBattleModifier,True,
element_end
element_start,collector_region_caves,BattleConfiguration
m_Chance,1,
m_RunLimit,1,
m_EnemyActors,shared_collector,
m_CompleteLootTables,collector_rewards_all,
m_CompleteStoryLootTables,collector_rewards_all,
m_IsRollBattleModifier,True,
element_end
element_start,mountain_boss_brain,BattleConfiguration
m_Chance,1,
m_BackgroundSceneOverride,combat_arena_mountain_boss_brain,
m_RunDataStatsId,no_retreat,
m_EnemyActors,boss_brain_lock_melee,boss_brain_lock_health,boss_brain_lock_ranged,boss_brain_lock_stress,
m_IsRollBattleModifier,False,
m_Tags,glossary_act1_boss,
m_HasEndSequence,True,
m_EndSequenceDelay,5,
element_end
element_start,mountain_boss_brain_2,BattleConfiguration
m_Chance,1,
m_BackgroundSceneOverride,combat_arena_mountain_boss_brain,
m_RunDataStatsId,no_retreat,
m_EnemyActors,boss_brain_lock_melee,boss_brain_lock_health,boss_brain_lock_stress,boss_brain_lock_ranged,
m_IsRollBattleModifier,False,
m_Tags,glossary_act1_boss,
m_HasEndSequence,True,
m_EndSequenceDelay,5,
element_end
element_start,mountain_boss_brain_3,BattleConfiguration
m_Chance,1,
m_BackgroundSceneOverride,combat_arena_mountain_boss_brain,
m_RunDataStatsId,no_retreat,
m_EnemyActors,boss_brain_lock_stress,boss_brain_lock_melee,boss_brain_lock_ranged,boss_brain_lock_health,
m_IsRollBattleModifier,False,
m_Tags,glossary_act1_boss,
m_HasEndSequence,True,
m_EndSequenceDelay,5,
element_end
element_start,mountain_boss_brain_4,BattleConfiguration
m_Chance,1,
m_BackgroundSceneOverride,combat_arena_mountain_boss_brain,
m_RunDataStatsId,no_retreat,
m_EnemyActors,boss_brain_lock_melee,boss_brain_lock_ranged,boss_brain_lock_health,boss_brain_lock_stress,
m_IsRollBattleModifier,False,
m_Tags,glossary_act1_boss,
m_HasEndSequence,True,
m_EndSequenceDelay,5,
element_end
element_start,mountain_boss_brain_5,BattleConfiguration
m_Chance,1,
m_BackgroundSceneOverride,combat_arena_mountain_boss_brain,
m_RunDataStatsId,no_retreat,
m_EnemyActors,boss_brain_lock_health,boss_brain_lock_melee,boss_brain_lock_ranged,boss_brain_lock_stress,
m_IsRollBattleModifier,False,
m_Tags,glossary_act1_boss,
m_HasEndSequence,True,
m_EndSequenceDelay,5,
element_end
element_start,mountain_boss_lungs,BattleConfiguration
m_Chance,1,
m_BackgroundSceneOverride,combat_arena_mountain_boss_lungs,
m_RunDataStatsId,no_retreat,
m_EnemyActors,boss_lungs_front,boss_lungs_core,boss_lungs_back,
m_IsRollBattleModifier,False,
m_Tags,glossary_act2_boss,
element_end
element_start,mountain_boss_eyes,BattleConfiguration
m_Chance,1,
m_BackgroundSceneOverride,combat_arena_mountain_boss_eyes,
m_AdditionalBattleConfigurationTableId,mountain_boss_table_eyes_phase_2,
m_RunDataStatsId,no_retreat,
m_EnemyActors,boss_eyes_stalk_l,boss_eyes_stalk_l,boss_eyes_stalk_l,boss_eyes_stalk_l,
m_EnemySummonControllerConfigurationId,death_wave,
m_IsRollBattleModifier,False,
m_Tags,glossary_act3_boss,
element_end
element_start,mountain_boss_eyes_phase_2,BattleConfiguration
m_Chance,1,
m_BackgroundSceneOverride,combat_arena_mountain_boss_eyes,
m_RunDataStatsId,no_retreat,
m_EnemyActors,boss_eyes,
m_IsRollBattleModifier,False,
m_Tags,glossary_act3_boss,
element_end
element_start,mountain_boss_eyes_quick_phase_test,BattleConfiguration
m_Chance,1,
m_BackgroundSceneOverride,combat_arena_mountain_boss_eyes,
m_AdditionalBattleConfigurationTableId,mountain_boss_table_eyes_phase_2,
m_RunDataStatsId,no_retreat,
m_EnemyActors,boss_eyes_stalk_s,boss_eyes_stalk_s_corpse,boss_eyes_stalk_s_corpse,boss_eyes_stalk_s_corpse,
m_EnemySummonControllerConfigurationId,wave,
m_IsRollBattleModifier,False,
element_end
element_start,mountain_boss_arms,BattleConfiguration
m_Chance,1,
m_BackgroundSceneOverride,combat_arena_mountain_boss_arms,
m_RunDataStatsId,no_retreat,
m_EnemyActors,boss_arms_phase1,
m_IsRollBattleModifier,False,
element_end
element_start,mountain_boss_body,BattleConfiguration
m_Chance,1,
m_BackgroundSceneOverride,combat_arena_mountain_boss_body,
m_RunDataStatsId,no_retreat,
m_EnemyActors,boss_body_phase1,
m_IsRollBattleModifier,False,
m_Tags,glossary_act5_boss,
m_endBossCinematicName,EndBossVictory,
element_end
element_start,flagellant_combat_1,BattleConfiguration
m_Chance,1,
m_BackgroundSceneOverride,combat_arena_hero_story_flagellant_origin_1,
m_TorchOverride,no_torch,
m_RunDataStatsId,no_retreat,
m_PlayerActors,herostory_flg_1,
m_EnemyActors,herostory_flg_1_death,shared_death_headstone,shared_death_headstone,
m_CompleteStoryLootTables,hero_story_rewards_all,
m_ResultActors,herostory_flg_1,
m_IsStallInvalidating,True,
m_IsRollBattleModifier,False,
m_Tags,glossary_flg_1,
m_TokenViewValid,False,
element_end
element_start,highwayman_chapter_1,BattleConfiguration
m_Chance,1,
m_BackgroundSceneOverride,combat_arena_hero_story_highwayman_origin_1,
m_TorchOverride,no_torch,
m_RunDataStatsId,no_retreat,
m_EndAtMaxStress,True,
m_PlayerActors,herostory_hwy_combat_1_rubble1,herostory_hwy_combat_1_rubble2,herostory_hwy_combat_1,
m_EnemyActors,herostory_hwy_combat_1_guard,herostory_hwy_combat_1_guard,herostory_hwy_combat_1_guard,herostory_hwy_combat_1_guard,
m_CompleteStoryLootTables,hero_story_rewards_all,
m_ResultActors,herostory_hwy_combat_1,
m_IsStallInvalidating,True,
m_IsRollBattleModifier,False,
m_Tags,glossary_hwy_1,
m_TokenViewValid,False,
element_end
element_start,highwayman_chapter_4,BattleConfiguration
m_Chance,1,
m_BackgroundSceneOverride,combat_arena_hero_story_highwayman_origin_2,
m_TorchOverride,no_torch,
m_RunDataStatsId,no_retreat,
m_EndAtMaxStress,True,
m_PlayerActors,herostory_hwy_combat_2_bush1,herostory_hwy_combat_2_bush2,herostory_hwy_combat_2_bush3,herostory_hwy_combat_2,
m_EnemyActors,herostory_hwy_combat_2_guard,herostory_hwy_combat_2_guard,herostory_hwy_combat_2_coach,
m_CompleteStoryLootTables,hero_story_rewards_all,
m_ResultActors,herostory_hwy_combat_2,
m_IsStallInvalidating,True,
m_IsRollBattleModifier,False,
m_TokenViewValid,False,
element_end
element_start,plague_doctor_chapter_2,BattleConfiguration
m_Chance,1,
m_BackgroundSceneOverride,combat_arena_hero_story_plaguedoctor_origin_1,
m_TorchOverride,no_torch,
m_RunDataStatsId,no_retreat,
m_EndAtMaxStress,True,
m_PlayerActors,herostory_pd_combat_1_student,herostory_pd_combat_1,
m_EnemyActors,herostory_pd_combat_1_lectern,herostory_pd_combat_1_professor,herostory_pd_combat_1_bookstack,
m_CompleteStoryLootTables,hero_story_rewards_all,
m_ResultActors,herostory_pd_combat_1,
m_IsStallInvalidating,True,
m_IsRollBattleModifier,False,
m_TokenViewValid,False,
element_end
element_start,plague_doctor_chapter_4,BattleConfiguration
m_Chance,1,
m_BackgroundSceneOverride,combat_arena_hero_story_plaguedoctor_origin_2,
m_TorchOverride,no_torch,
m_RunDataStatsId,no_retreat,
m_EndAtMaxStress,True,
m_PlayerActors,herostory_pd_combat_2,herostory_pd_combat_2_labgear,
m_EnemyActors,herostory_pd_combat_2_prof_labgear,herostory_pd_combat_2_ghoul_prof,herostory_pd_combat_2_apparatus,
m_CompleteStoryLootTables,hero_story_rewards_all,
m_ResultActors,herostory_pd_combat_2,
m_IsStallInvalidating,True,
m_IsRollBattleModifier,False,
m_TokenViewValid,False,
element_end
element_start,grave_robber_chapter_2,BattleConfiguration
m_Chance,1,
m_BackgroundSceneOverride,combat_arena_hero_story_graverobber_origin_1,
m_TorchOverride,no_torch,
m_RunDataStatsId,no_retreat,
m_EndAtMaxStress,True,
m_PlayerActors,herostory_gr_combat_1,herostory_gr_combat_1_prop_1,herostory_gr_combat_1_prop_2,
m_EnemyActors,herostory_gr_combat_1_husband,herostory_gr_combat_1_liquor_cabinet,
m_CompleteStoryLootTables,hero_story_rewards_all,
m_ResultActors,herostory_gr_combat_1,
m_IsStallInvalidating,True,
m_IsRollBattleModifier,False,
m_Tags,glossary_gr_1,
m_TokenViewValid,False,
element_end
element_start,grave_robber_chapter_4,BattleConfiguration
m_Chance,1,
m_BackgroundSceneOverride,combat_arena_hero_story_graverobber_origin_2,
m_TorchOverride,no_torch,
m_RunDataStatsId,no_retreat,
m_EndAtMaxStress,True,
m_PlayerActors,herostory_gr_combat_2_prop,herostory_gr_combat_2_prop,herostory_gr_combat_2_prop,herostory_gr_combat_2,
m_EnemyActors,herostory_gr_combat_2_coffin_guard,herostory_gr_combat_2_coffin_trapped,herostory_gr_combat_2_coffin_treasure,herostory_gr_combat_2_guard,
m_CompleteStoryLootTables,hero_story_rewards_all,
m_ResultActors,grave_robber,
m_EnemySummonControllerConfigurationId,grave_robber_chapter_4_enemies,
m_IsStallInvalidating,True,
m_IsRollBattleModifier,False,
m_Tags,glossary_gr_2,glossary_mark_location,
m_TokenViewValid,False,
element_end
element_start,hellion_chapter_2,BattleConfiguration
m_Chance,1,
m_BackgroundSceneOverride,combat_arena_hero_story_hellion_origin_1,
m_TorchOverride,no_torch,
m_RunDataStatsId,no_retreat,
m_EndAtMaxStress,True,
m_PlayerActors,herostory_hel_combat_1,herostory_hel_combat_1_clanmate,herostory_hel_combat_1_clanmate,herostory_hel_combat_1_tree,
m_EnemyActors,herostory_hel_combat_1_cultist,herostory_hel_combat_1_cultist,herostory_hel_combat_1_cultist,herostory_hel_combat_1_cultist,
m_CompleteStoryLootTables,hero_story_rewards_all,
m_ResultActors,herostory_hel_combat_1,
m_EndIsAlwaysComplete,True,
m_IsStallInvalidating,True,
m_IsRollBattleModifier,False,
m_TokenViewValid,False,
element_end
element_start,hellion_chapter_4,BattleConfiguration
m_Chance,1,
m_BackgroundSceneOverride,combat_arena_hero_story_hellion_origin_2,
m_TorchOverride,no_torch,
m_RunDataStatsId,no_retreat,
m_EndAtMaxStress,True,
m_PlayerActors,herostory_hel_combat_2,
m_EnemyActors,herostory_hel_combat_2_villager,herostory_hel_combat_2_villager,herostory_hel_combat_2_villager,herostory_hel_combat_2_villager,
m_CompleteStoryLootTables,hero_story_rewards_all,
m_ResultActors,herostory_hel_combat_2,
m_EndIsAlwaysComplete,True,
m_IsStallInvalidating,True,
m_IsRollBattleModifier,False,
m_Tags,glossary_hel_2,
m_TokenViewValid,False,
element_end
element_start,jester_chapter_2,BattleConfiguration
m_Chance,1,
m_BackgroundSceneOverride,combat_arena_hero_story_jester_origin_1,
m_TorchOverride,no_torch,
m_RunDataStatsId,no_retreat,
m_EndAtMaxStress,True,
m_PlayerActors,herostory_jes_combat_1_gravestone,herostory_jes_combat_1,
m_EnemyActors,herostory_jes_combat_1_violinist,
m_CompleteStoryLootTables,hero_story_rewards_all,
m_ResultActors,herostory_jes_combat_1,
m_IsStallInvalidating,True,
m_IsRollBattleModifier,False,
m_Tags,glossary_jes_1,
m_TokenViewValid,False,
element_end
element_start,jester_chapter_4,BattleConfiguration
m_Chance,1,
m_BackgroundSceneOverride,combat_arena_hero_story_jester_origin_2,
m_TorchOverride,no_torch,
m_RunDataStatsId,no_retreat,
m_EndAtMaxStress,True,
m_PlayerActors,herostory_jes_combat_2,herostory_jes_combat_2_note_c_sq1,herostory_jes_combat_2_note_a_sq1,herostory_jes_combat_2_note_b_sq1,
m_EnemyActors,herostory_jes_combat_2_note_a_sq1,herostory_jes_combat_2_note_b_sq1,herostory_jes_combat_2_note_a_sq1,herostory_jes_combat_2_note_c_sq1,
m_CompleteStoryLootTables,hero_story_rewards_all,
m_ResultActors,herostory_jes_combat_2,
m_IsStallInvalidating,True,
m_IsRollBattleModifier,False,
m_Tags,glossary_jes_2,
m_TokenViewValid,False,
element_end
element_start,man_at_arms_chapter_2,BattleConfiguration
m_Chance,1,
m_BackgroundSceneOverride,combat_arena_hero_story_manatarms_origin_1,
m_TorchOverride,no_torch,
m_RunDataStatsId,no_retreat,
m_EndAtMaxStress,True,
m_PlayerActors,herostory_maa_combat_1_soldier_friendly,herostory_maa_combat_1_soldier_friendly,herostory_maa_combat_1_soldier_friendly,herostory_maa_combat_1,
m_EnemyActors,herostory_maa_combat_1_soldier_enemy,herostory_maa_combat_1_soldier_enemy,herostory_maa_combat_1_soldier_enemy,herostory_maa_combat_1_soldier_enemy,
m_CompleteStoryLootTables,hero_story_rewards_all,
m_ResultActors,herostory_maa_combat_1,
m_EndIsAlwaysComplete,True,
m_IsStallInvalidating,True,
m_IsRollBattleModifier,False,
m_TokenViewValid,False,
element_end
element_start,man_at_arms_chapter_4,BattleConfiguration
m_Chance,1,
m_BackgroundSceneOverride,combat_arena_hero_story_manatarms_origin_2,
m_TorchOverride,no_torch,
m_RunDataStatsId,no_retreat,
m_EndAtMaxStress,True,
m_PlayerActors,herostory_maa_combat_2,
m_EnemyActors,herostory_maa_combat_2_ghost,herostory_maa_combat_2_ghost,herostory_maa_combat_2_ghost,herostory_maa_combat_2_ghost,
m_CompleteStoryLootTables,hero_story_rewards_all,
m_ResultActors,herostory_maa_combat_2,
m_IsStallInvalidating,True,
m_IsRollBattleModifier,False,
m_TokenViewValid,False,
element_end
element_start,leper_chapter_1,BattleConfiguration
m_Chance,1,
m_BackgroundSceneOverride,combat_arena_hero_story_leper_origin_1,
m_TorchOverride,no_torch,
m_RunDataStatsId,no_retreat,
m_EndAtMaxStress,True,
m_PlayerActors,herostory_leper_combat_1_advisor,herostory_leper_combat_1_advisor,herostory_leper_combat_1_advisor,herostory_leper_combat_1,
m_EnemyActors,herostory_leper_combat_1_supplicant,herostory_leper_combat_1_supplicant,herostory_leper_combat_1_supplicant,
m_CompleteStoryLootTables,hero_story_rewards_all,
m_ResultActors,herostory_leper_combat_1,
m_IsStallInvalidating,True,
m_IsRollBattleModifier,False,
m_TokenViewValid,False,
element_end
element_start,leper_chapter_4,BattleConfiguration
m_Chance,1,
m_BackgroundSceneOverride,combat_arena_hero_story_leper_origin_2,
m_TorchOverride,no_torch,
m_RunDataStatsId,no_retreat,
m_EndAtMaxStress,True,
m_PlayerActors,herostory_leper_combat_2,
m_EnemyActors,herostory_leper_combat_2_advisor,herostory_leper_combat_2_advisor,herostory_leper_combat_2_advisor,herostory_leper_combat_2_advisor,
m_CompleteStoryLootTables,hero_story_rewards_all,
m_ResultActors,leper,
m_IsStallInvalidating,True,
m_IsRollBattleModifier,False,
m_TokenViewValid,False,
element_end
element_start,occultist_chapter_3,BattleConfiguration
m_Chance,1,
m_BackgroundSceneOverride,combat_arena_hero_story_occultist_origin_1,
m_TorchOverride,no_torch,
m_RunDataStatsId,no_retreat,
m_EndAtMaxStress,True,
m_PlayerActors,herostory_occ_combat_1,
m_EnemyActors,herostory_occ_combat_1_shade,herostory_occ_combat_1_shade,herostory_occ_combat_1_shade,herostory_occ_combat_1_shade,
m_CompleteStoryLootTables,hero_story_rewards_all,
m_ResultActors,herostory_occ_combat_1,
m_IsStallInvalidating,True,
m_IsRollBattleModifier,False,
m_TokenViewValid,False,
element_end
element_start,occultist_chapter_4,BattleConfiguration
m_Chance,1,
m_BackgroundSceneOverride,combat_arena_hero_story_occultist_origin_2,
m_TorchOverride,no_torch,
m_RunDataStatsId,no_retreat,
m_EndAtMaxStress,True,
m_PlayerActors,herostory_occ_combat_2,herostory_occ_combat_2_seance_table,
m_EnemyActors,herostory_occ_combat_2_shambler,
m_CompleteStoryLootTables,hero_story_rewards_all,
m_ResultActors,herostory_occ_combat_2,
m_IsStallInvalidating,True,
m_IsRollBattleModifier,False,
m_TokenViewValid,False,
element_end
element_start,runaway_chapter_1,BattleConfiguration
m_Chance,1,
m_BackgroundSceneOverride,combat_arena_hero_story_runaway_origin_1,
m_TorchOverride,no_torch,
m_RunDataStatsId,no_retreat,
m_EndAtMaxStress,True,
m_PlayerActors,herostory_run_combat_1_pillar_1,herostory_run_combat_1_pillar_2,herostory_run_combat_1_pillar_3,herostory_run_combat_1,
m_EnemyActors,herostory_run_combat_1_nun,
m_CompleteStoryLootTables,hero_story_rewards_all,
m_ResultActors,herostory_run_combat_1,
end_actor_all_conditions,performer_has_2_runaway_keys,
m_EndActorConditionClassIds,herostory_run_combat_1,
m_IsStallInvalidating,True,
m_IsRollBattleModifier,False,
m_Tags,glossary_run_1,glossary_mark_location,
m_EndConditionsIsComplete,True,
m_TokenViewValid,False,
element_end
element_start,runaway_chapter_4,BattleConfiguration
m_Chance,1,
m_BackgroundSceneOverride,combat_arena_hero_story_runaway_origin_2,
m_TorchOverride,no_torch,
m_RunDataStatsId,no_retreat,
m_EndAtMaxStress,True,
m_PlayerActors,herostory_run_combat_2,
m_EnemyActors,herostory_run_combat_2_scrap_pile,herostory_run_combat_2_stove,herostory_run_combat_2_chair,
m_CompleteStoryLootTables,hero_story_rewards_all,
m_ResultActors,herostory_run_combat_2,
end_actor_all_conditions,runaway_enemies_have_3_flaming_tokens,
m_EndActorConditionClassIds,herostory_run_combat_2,
m_IsStallInvalidating,True,
m_IsRollBattleModifier,False,
m_Tags,glossary_run_2,
m_EndConditionsIsComplete,True,
m_TokenViewValid,False,
element_end
element_start,vestal_combat_1,BattleConfiguration
m_Chance,1,
m_BackgroundSceneOverride,combat_arena_hero_story_vestal_origin_1,
m_TorchOverride,no_torch,
m_RunDataStatsId,no_retreat,
m_EndAtMaxStress,True,
m_PlayerActors,herostory_ves_1_space,herostory_ves_1_space,herostory_ves_1,herostory_ves_1_wood_pile,
m_EnemyActors,herostory_ves_1_flame,herostory_ves_1_window,
m_CompleteStoryLootTables,hero_story_rewards_all,
m_ResultActors,herostory_ves_1,
end_actor_all_conditions,performer_has_3_vestal_curiosity,
m_EndActorConditionClassIds,herostory_ves_1,
m_IsStallInvalidating,True,
m_IsRollBattleModifier,False,
m_Tags,glossary_ves_1,
m_EndConditionsIsComplete,True,
m_TokenViewValid,False,
element_end
element_start,vestal_combat_2,BattleConfiguration
m_Chance,1,
m_BackgroundSceneOverride,combat_arena_hero_story_vestal_origin_2,
m_TorchOverride,no_torch,
m_RunDataStatsId,no_retreat,
m_EndAtMaxStress,True,
m_PlayerActors,herostory_ves_2_chair,herostory_ves_2,herostory_ves_2_cage,herostory_ves_2_pillory,
m_EnemyActors,herostory_ves_2_torturer,herostory_ves_2_iron_maiden,
m_CompleteStoryLootTables,hero_story_rewards_all,
m_ResultActors,herostory_ves_2,
m_IsStallInvalidating,True,
m_IsRollBattleModifier,False,
m_Tags,glossary_ves_2,
m_EndConditionsIsComplete,True,
m_TokenViewValid,False,
element_end
element_start,rabies_train,BattleConfiguration
m_Chance,1,
m_AdditionalBattleConfigurationTableId,beast_mashes_hard,
m_EnemyActors,shared_dog_rabid,shared_dog_rabid,shared_dog_rabid,shared_dog_rabid,
m_EnemySummonControllerConfigurationId,wave,
m_IsRollBattleModifier,True,
element_end
element_start,spitting_distance,BattleConfiguration
m_Chance,1,
m_AdditionalBattleConfigurationTableId,beast_mashes_hard,
m_EnemyActors,shared_spider_webber,shared_spider_spitter,shared_spider_spitter,shared_spider_spitter,
m_EnemySummonControllerConfigurationId,wave,
m_IsRollBattleModifier,True,
element_end
element_start,carrion_crew,BattleConfiguration
m_Chance,1,
m_AdditionalBattleConfigurationTableId,beast_mashes_hard,
m_EnemyActors,shared_carrion_eater,shared_carrion_eater,shared_carrion_eater,shared_carrion_eater,
m_EnemySummonControllerConfigurationId,wave,
m_IsRollBattleModifier,True,
element_end
element_start,pest_control,BattleConfiguration
m_Chance,1,
m_AdditionalBattleConfigurationTableId,beast_mashes_hard,
m_EnemyActors,shared_carrion_eater,shared_carrion_eater,shared_spider_webber,shared_spider_spitter,
m_EnemySummonControllerConfigurationId,wave,
m_IsRollBattleModifier,True,
element_end
element_start,hookworms,BattleConfiguration
m_Chance,1,
m_AdditionalBattleConfigurationTableId,beast_mashes_hard,
m_EnemyActors,shared_dog_rabid,shared_carrion_eater,shared_carrion_eater,shared_dog_rabid,
m_EnemySummonControllerConfigurationId,wave,
m_IsRollBattleModifier,True,
element_end
element_start,vermin_mix,BattleConfiguration
m_Chance,1,
m_AdditionalBattleConfigurationTableId,beast_mashes_hard,
m_EnemyActors,shared_dog_rabid,shared_carrion_eater,shared_spider_webber,shared_spider_spitter,
m_EnemySummonControllerConfigurationId,wave,
m_IsRollBattleModifier,True,
element_end
element_start,vermin_mix_2,BattleConfiguration
m_Chance,1,
m_AdditionalBattleConfigurationTableId,beast_mashes_hard,
m_EnemyActors,shared_carrion_eater,shared_dog_rabid,shared_spider_spitter,shared_spider_webber,
m_EnemySummonControllerConfigurationId,wave,
m_IsRollBattleModifier,True,
element_end
element_start,classic_spiders,BattleConfiguration
m_Chance,1,
m_EnemyActors,shared_spider_webber,shared_spider_webber,shared_spider_spitter,shared_spider_spitter,
m_CompleteStoryLootTables,spider_rewards_all,
m_IsRollBattleModifier,True,
element_end
element_start,carrion_my_wayward_son,BattleConfiguration
m_Chance,1,
m_EnemyActors,shared_carrion_eater_mutated,shared_carrion_eater,shared_carrion_eater_mutated,shared_carrion_eater,
m_CompleteStoryLootTables,worm_rewards_all,
m_IsRollBattleModifier,True,
element_end
element_start,carrion_my_wayward_son_2,BattleConfiguration
m_Chance,1,
m_EnemyActors,shared_carrion_eater_mutated,shared_carrion_eater_mutated,shared_carrion_eater,shared_carrion_eater,
m_CompleteStoryLootTables,worm_rewards_all,
m_IsRollBattleModifier,True,
element_end
element_start,beasts_301,BattleConfiguration
m_Chance,1,
m_EnemyActors,shared_carrion_eater_mutated,shared_carrion_eater_mutated,shared_spider_spitter,shared_spider_spitter,
m_CompleteStoryLootTables,worm_or_spider_rewards_all,
m_IsRollBattleModifier,True,
element_end
element_start,beasts_302,BattleConfiguration
m_Chance,1,
m_EnemyActors,shared_carrion_eater_mutated,shared_spider_webber,shared_spider_webber,shared_spider_spitter,
m_CompleteStoryLootTables,spider_rewards_all,
m_IsRollBattleModifier,True,
element_end
element_start,jaws_and_paws,BattleConfiguration
m_Chance,1,
m_EnemyActors,shared_dog_rabid,shared_carrion_eater_mutated,shared_dog_rabid,shared_dog_rabid,
m_CompleteStoryLootTables,dog_or_worm_rewards_all,
m_IsRollBattleModifier,True,
element_end
element_start,webslingers,BattleConfiguration
m_Chance,1,
m_EnemyActors,shared_spider_webber,shared_spider_webber,shared_spider_webber,shared_spider_spitter,
m_CompleteStoryLootTables,spider_rewards_all,
m_IsRollBattleModifier,True,
element_end
element_start,hookworms_c,BattleConfiguration
m_Chance,1,
m_AdditionalBattleConfigurationTableId,beast_mashes_hard,
m_EnemyActors,shared_dog_rabid,shared_carrion_eater,shared_carrion_eater,shared_dog_rabid_b,
m_EnemySummonControllerConfigurationId,wave,
m_IsRollBattleModifier,True,
element_end
element_start,vermin_mix_c,BattleConfiguration
m_Chance,1,
m_AdditionalBattleConfigurationTableId,beast_mashes_hard,
m_EnemyActors,shared_carrion_eater,shared_spider_webber,shared_dog_rabid_b,shared_spider_spitter,
m_EnemySummonControllerConfigurationId,wave,
m_IsRollBattleModifier,True,
element_end
element_start,vermin_mix_2_c,BattleConfiguration
m_Chance,1,
m_AdditionalBattleConfigurationTableId,beast_mashes_hard,
m_EnemyActors,shared_carrion_eater,shared_dog_rabid_b,shared_spider_spitter,shared_spider_webber,
m_EnemySummonControllerConfigurationId,wave,
m_IsRollBattleModifier,True,
element_end
element_start,rabies_train_c,BattleConfiguration
m_Chance,1,
m_EnemyActors,shared_dog_rabid,shared_dog_rabid,shared_dog_rabid,shared_dog_rabid_b,
m_CompleteStoryLootTables,rabid_dog_rewards_all,
m_IsRollBattleModifier,True,
element_end
element_start,rabies_train_2_c,BattleConfiguration
m_Chance,1,
m_EnemyActors,shared_dog_rabid,shared_dog_rabid,shared_dog_rabid_b,shared_dog_rabid,
m_CompleteStoryLootTables,rabid_dog_rewards_all,
m_IsRollBattleModifier,True,
element_end
element_start,jaws_and_paws_c,BattleConfiguration
m_Chance,1,
m_EnemyActors,shared_carrion_eater_mutated,shared_dog_rabid,shared_dog_rabid,shared_dog_rabid_b,
m_CompleteStoryLootTables,champ_worm_or_dog_rewards_all,
m_IsRollBattleModifier,True,
element_end
element_start,jaws_and_paws_2_c,BattleConfiguration
m_Chance,1,
m_EnemyActors,shared_dog_rabid,shared_carrion_eater_mutated,shared_dog_rabid,shared_dog_rabid_b,
m_CompleteStoryLootTables,champ_worm_or_dog_rewards_all,
m_IsRollBattleModifier,True,
element_end
element_start,carrion_my_wayward_son_c,BattleConfiguration
m_Chance,1,
m_EnemyActors,shared_carrion_eater_mutated,shared_carrion_eater,shared_carrion_eater,shared_dog_rabid_b,
m_CompleteStoryLootTables,champ_worm_or_dog_rewards_all,
m_IsRollBattleModifier,True,
element_end
element_start,bark_and_mark_c,BattleConfiguration
m_Chance,1,
m_EnemyActors,shared_spider_webber,shared_spider_webber,shared_spider_spitter,shared_dog_rabid_b,
m_CompleteStoryLootTables,spider_or_rabid_dog_rewards_all,
m_IsRollBattleModifier,True,
element_end
element_start,camp_ambush_01,BattleConfiguration
m_Chance,1,
m_BattleModifierOverrideId,ambush_monsters,
m_RunDataStatsId,no_retreat,
m_EnemyActors,shared_spider_webber,shared_spider_spitter,shared_spider_spitter,shared_spider_spitter,
m_CompleteLootTables,camp_ambush_creature_rewards_all,
m_CompleteStoryLootTables,camp_ambush_creature_rewards_all,
actorless_effects,torch_damage_50,
element_end
element_start,camp_ambush_02,BattleConfiguration
m_Chance,1,
m_BattleModifierOverrideId,ambush_monsters,
m_RunDataStatsId,no_retreat,
m_EnemyActors,shared_spider_webber,shared_spider_webber,shared_spider_spitter,shared_spider_spitter,
m_CompleteLootTables,camp_ambush_creature_rewards_all,
m_CompleteStoryLootTables,camp_ambush_creature_rewards_all,
actorless_effects,torch_damage_50,
element_end
element_start,camp_ambush_03,BattleConfiguration
m_Chance,1,
m_BattleModifierOverrideId,ambush_monsters,
m_RunDataStatsId,no_retreat,
m_EnemyActors,shared_carrion_eater,shared_carrion_eater,shared_carrion_eater,shared_carrion_eater,
m_CompleteLootTables,camp_ambush_creature_rewards_all,
m_CompleteStoryLootTables,camp_ambush_creature_rewards_all,
actorless_effects,torch_damage_50,
element_end
element_start,camp_ambush_04,BattleConfiguration
m_Chance,1,
m_BattleModifierOverrideId,ambush_monsters,
m_RunDataStatsId,no_retreat,
m_EnemyActors,shared_dog_rabid,shared_carrion_eater,shared_spider_webber,shared_spider_spitter,
m_CompleteLootTables,camp_ambush_creature_rewards_all,
m_CompleteStoryLootTables,camp_ambush_creature_rewards_all,
actorless_effects,torch_damage_50,
element_end
element_start,camp_ambush_05,BattleConfiguration
m_Chance,1,
m_BattleModifierOverrideId,ambush_monsters,
m_RunDataStatsId,no_retreat,
m_EnemyActors,shared_dog_rabid,shared_carrion_eater,shared_dog_rabid,shared_spider_spitter,
m_CompleteLootTables,camp_ambush_creature_rewards_all,
m_CompleteStoryLootTables,camp_ambush_creature_rewards_all,
actorless_effects,torch_damage_50,
element_end
element_start,camp_ambush_06,BattleConfiguration
m_Chance,1,
m_BattleModifierOverrideId,ambush_monsters,
m_RunDataStatsId,no_retreat,
m_EnemyActors,shared_dog_rabid,shared_carrion_eater,shared_dog_rabid,shared_carrion_eater,
m_CompleteLootTables,camp_ambush_creature_rewards_all,
m_CompleteStoryLootTables,camp_ambush_creature_rewards_all,
actorless_effects,torch_damage_50,
element_end
element_start,coast_dungeon_1a,BattleConfiguration
m_Chance,1,
m_BackgroundSceneOverride,combat_arena_coast_dungeon_exterior,
m_NextBattleConfigurationTableId,biome_coast_dungeon_round2,
m_IsNextBattleOptional,True,
m_EnemyActors,coastal_bosun,coastal_bosun,coastal_bosun,coastal_bosun,
m_CompleteLootTables,lair_prewave_1_rewards_all,
actorless_round_start_effects,start_coast_fog,
m_IsRollBattleModifier,True,
element_end
element_start,coast_dungeon_1b,BattleConfiguration
m_Chance,1,
m_BackgroundSceneOverride,combat_arena_coast_dungeon_exterior,
m_NextBattleConfigurationTableId,biome_coast_dungeon_round2,
m_IsNextBattleOptional,True,
m_EnemyActors,coastal_bosun,coastal_bosun,coastal_cabin_boy,coastal_bosun,
m_CompleteLootTables,lair_prewave_1_rewards_all,
actorless_round_start_effects,start_coast_fog,
m_IsRollBattleModifier,True,
element_end
element_start,coast_dungeon_1c,BattleConfiguration
m_Chance,1,
m_BackgroundSceneOverride,combat_arena_coast_dungeon_exterior,
m_NextBattleConfigurationTableId,biome_coast_dungeon_round2,
m_IsNextBattleOptional,True,
m_EnemyActors,coastal_wharf_rat,coastal_wharf_rat,coastal_wharf_rat,coastal_wharf_rat,
m_CompleteLootTables,lair_prewave_1_rewards_all,
actorless_round_start_effects,start_coast_fog,
m_IsRollBattleModifier,True,
element_end
element_start,coast_dungeon_1d,BattleConfiguration
m_Chance,1,
m_BackgroundSceneOverride,combat_arena_coast_dungeon_exterior,
m_NextBattleConfigurationTableId,biome_coast_dungeon_round2,
m_IsNextBattleOptional,True,
m_EnemyActors,coastal_wharf_rat,coastal_wharf_rat,coastal_cabin_boy,coastal_wharf_rat,
m_CompleteLootTables,lair_prewave_1_rewards_all,
actorless_round_start_effects,start_coast_fog,
m_IsRollBattleModifier,True,
element_end
element_start,coast_dungeon_1e,BattleConfiguration
m_Chance,1,
m_BackgroundSceneOverride,combat_arena_coast_dungeon_exterior,
m_NextBattleConfigurationTableId,biome_coast_dungeon_round2,
m_IsNextBattleOptional,True,
m_EnemyActors,coastal_wharf_rat,coastal_bosun,coastal_cabin_boy,coastal_bosun,
m_CompleteLootTables,lair_prewave_1_rewards_all,
actorless_round_start_effects,start_coast_fog,
m_IsRollBattleModifier,True,
element_end
element_start,coast_dungeon_1f,BattleConfiguration
m_Chance,1,
m_BackgroundSceneOverride,combat_arena_coast_dungeon_exterior,
m_NextBattleConfigurationTableId,biome_coast_dungeon_round2,
m_IsNextBattleOptional,True,
m_EnemyActors,coastal_bosun,coastal_bosun,coastal_wharf_rat,coastal_wharf_rat,
m_CompleteLootTables,lair_prewave_1_rewards_all,
actorless_round_start_effects,start_coast_fog,
m_IsRollBattleModifier,True,
element_end
element_start,coast_dungeon_1g,BattleConfiguration
m_Chance,1,
m_BackgroundSceneOverride,combat_arena_coast_dungeon_exterior,
m_NextBattleConfigurationTableId,biome_coast_dungeon_round2,
m_IsNextBattleOptional,True,
m_EnemyActors,coastal_wharf_rat,coastal_wharf_rat,coastal_captain,coastal_cabin_boy,
m_CompleteLootTables,lair_prewave_1_rewards_all,
actorless_round_start_effects,start_coast_fog,
m_IsRollBattleModifier,True,
element_end
element_start,coast_dungeon_2a,BattleConfiguration
m_Chance,1,
m_BackgroundSceneOverride,combat_arena_coast_dungeon_exterior,
m_NextBattleConfigurationId,coast_dungeon_3,
m_IsNextBattleOptional,True,
m_EnemyActors,coastal_docker,coastal_fish_monger,coastal_captain,
m_CompleteLootTables,lair_prewave_2_rewards_all,
hero_effects,lair_midfight_heal,
actorless_round_start_effects,start_coast_fog,
m_IsRollBattleModifier,True,
element_end
element_start,coast_dungeon_2b,BattleConfiguration
m_Chance,1,
m_BackgroundSceneOverride,combat_arena_coast_dungeon_exterior,
m_NextBattleConfigurationId,coast_dungeon_3,
m_IsNextBattleOptional,True,
m_EnemyActors,coastal_docker,coastal_cabin_boy,coastal_fish_monger,
m_CompleteLootTables,lair_prewave_2_rewards_all,
hero_effects,lair_midfight_heal,
actorless_round_start_effects,start_coast_fog,
m_IsRollBattleModifier,True,
element_end
element_start,coast_dungeon_2c,BattleConfiguration
m_Chance,1,
m_BackgroundSceneOverride,combat_arena_coast_dungeon_exterior,
m_NextBattleConfigurationId,coast_dungeon_3,
m_IsNextBattleOptional,True,
m_EnemyActors,coastal_docker,coastal_wharf_rat,coastal_fish_monger,
m_CompleteLootTables,lair_prewave_2_rewards_all,
hero_effects,lair_midfight_heal,
actorless_round_start_effects,start_coast_fog,
m_IsRollBattleModifier,True,
element_end
element_start,coast_dungeon_2d,BattleConfiguration
m_Chance,1,
m_BackgroundSceneOverride,combat_arena_coast_dungeon_exterior,
m_NextBattleConfigurationId,coast_dungeon_3,
m_IsNextBattleOptional,True,
m_EnemyActors,coastal_docker,coastal_bosun,coastal_bosun,
m_CompleteLootTables,lair_prewave_2_rewards_all,
hero_effects,lair_midfight_heal,
actorless_round_start_effects,start_coast_fog,
m_IsRollBattleModifier,True,
element_end
element_start,coast_dungeon_2e,BattleConfiguration
m_Chance,1,
m_BackgroundSceneOverride,combat_arena_coast_dungeon_exterior,
m_NextBattleConfigurationId,coast_dungeon_3,
m_IsNextBattleOptional,True,
m_EnemyActors,coastal_bosun,coastal_bosun,coastal_bosun,coastal_captain,
m_CompleteLootTables,lair_prewave_2_rewards_all,
hero_effects,lair_midfight_heal,
actorless_round_start_effects,start_coast_fog,
m_IsRollBattleModifier,True,
element_end
element_start,coast_dungeon_2f,BattleConfiguration
m_Chance,1,
m_BackgroundSceneOverride,combat_arena_coast_dungeon_exterior,
m_NextBattleConfigurationId,coast_dungeon_3,
m_IsNextBattleOptional,True,
m_EnemyActors,coastal_bosun,coastal_bosun,coastal_fish_monger,coastal_captain,
m_CompleteLootTables,lair_prewave_2_rewards_all,
hero_effects,lair_midfight_heal,
actorless_round_start_effects,start_coast_fog,
m_IsRollBattleModifier,True,
element_end
element_start,coast_dungeon_2g,BattleConfiguration
m_Chance,1,
m_BackgroundSceneOverride,combat_arena_coast_dungeon_exterior,
m_NextBattleConfigurationId,coast_dungeon_3,
m_IsNextBattleOptional,True,
m_EnemyActors,coastal_bosun,coastal_bosun,coastal_fish_monger,coastal_fish_monger,
m_CompleteLootTables,lair_prewave_2_rewards_all,
hero_effects,lair_midfight_heal,
actorless_round_start_effects,start_coast_fog,
m_IsRollBattleModifier,True,
element_end
element_start,coast_dungeon_2h,BattleConfiguration
m_Chance,1,
m_BackgroundSceneOverride,combat_arena_coast_dungeon_exterior,
m_NextBattleConfigurationId,coast_dungeon_3,
m_IsNextBattleOptional,True,
m_EnemyActors,coastal_bosun,coastal_bosun,coastal_bosun,coastal_bosun,
m_CompleteLootTables,lair_prewave_2_rewards_all,
hero_effects,lair_midfight_heal,
actorless_round_start_effects,start_coast_fog,
m_IsRollBattleModifier,True,
element_end
element_start,coast_dungeon_2a_c2,BattleConfiguration
m_Chance,1,
m_BackgroundSceneOverride,combat_arena_coast_dungeon_exterior,
m_NextBattleConfigurationId,coast_dungeon_3,
m_IsNextBattleOptional,True,
m_EnemyActors,coastal_docker,coastal_fish_monger,coastal_captain_b,
m_CompleteLootTables,lair_prewave_2_rewards_all,
hero_effects,lair_midfight_heal,
actorless_round_start_effects,start_coast_fog,
m_IsRollBattleModifier,True,
element_end
element_start,coast_dungeon_2d_c,BattleConfiguration
m_Chance,1,
m_BackgroundSceneOverride,combat_arena_coast_dungeon_exterior,
m_NextBattleConfigurationId,coast_dungeon_3,
m_IsNextBattleOptional,True,
m_EnemyActors,coastal_docker,coastal_bosun,coastal_bosun_b,
m_CompleteLootTables,lair_prewave_2_rewards_all,
hero_effects,lair_midfight_heal,
actorless_round_start_effects,start_coast_fog,
m_IsRollBattleModifier,True,
element_end
element_start,coast_dungeon_2e_c,BattleConfiguration
m_Chance,1,
m_BackgroundSceneOverride,combat_arena_coast_dungeon_exterior,
m_NextBattleConfigurationId,coast_dungeon_3,
m_IsNextBattleOptional,True,
m_EnemyActors,coastal_bosun,coastal_bosun,coastal_bosun_b,coastal_captain,
m_CompleteLootTables,lair_prewave_2_rewards_all,
hero_effects,lair_midfight_heal,
actorless_round_start_effects,start_coast_fog,
m_IsRollBattleModifier,True,
element_end
element_start,coast_dungeon_2e_c2,BattleConfiguration
m_Chance,1,
m_BackgroundSceneOverride,combat_arena_coast_dungeon_exterior,
m_NextBattleConfigurationId,coast_dungeon_3,
m_IsNextBattleOptional,True,
m_EnemyActors,coastal_bosun,coastal_bosun,coastal_bosun,coastal_captain_b,
m_CompleteLootTables,lair_prewave_2_rewards_all,
hero_effects,lair_midfight_heal,
actorless_round_start_effects,start_coast_fog,
m_IsRollBattleModifier,True,
element_end
element_start,coast_dungeon_2f_c,BattleConfiguration
m_Chance,1,
m_BackgroundSceneOverride,combat_arena_coast_dungeon_exterior,
m_NextBattleConfigurationId,coast_dungeon_3,
m_IsNextBattleOptional,True,
m_EnemyActors,coastal_bosun,coastal_bosun_b,coastal_fish_monger,coastal_captain,
m_CompleteLootTables,lair_prewave_2_rewards_all,
hero_effects,lair_midfight_heal,
actorless_round_start_effects,start_coast_fog,
m_IsRollBattleModifier,True,
element_end
element_start,coast_dungeon_2f_c2,BattleConfiguration
m_Chance,1,
m_BackgroundSceneOverride,combat_arena_coast_dungeon_exterior,
m_NextBattleConfigurationId,coast_dungeon_3,
m_IsNextBattleOptional,True,
m_EnemyActors,coastal_bosun,coastal_bosun,coastal_fish_monger,coastal_captain_b,
m_CompleteLootTables,lair_prewave_2_rewards_all,
hero_effects,lair_midfight_heal,
actorless_round_start_effects,start_coast_fog,
m_IsRollBattleModifier,True,
element_end
element_start,coast_dungeon_2g_c,BattleConfiguration
m_Chance,1,
m_BackgroundSceneOverride,combat_arena_coast_dungeon_exterior,
m_NextBattleConfigurationId,coast_dungeon_3,
m_IsNextBattleOptional,True,
m_EnemyActors,coastal_bosun,coastal_bosun_b,coastal_fish_monger,coastal_fish_monger,
m_CompleteLootTables,lair_prewave_2_rewards_all,
hero_effects,lair_midfight_heal,
actorless_round_start_effects,start_coast_fog,
m_IsRollBattleModifier,True,
element_end
element_start,coast_dungeon_2h_c,BattleConfiguration
m_Chance,1,
m_BackgroundSceneOverride,combat_arena_coast_dungeon_exterior,
m_NextBattleConfigurationId,coast_dungeon_3,
m_IsNextBattleOptional,True,
m_EnemyActors,coastal_bosun,coastal_bosun,coastal_bosun,coastal_bosun_b,
m_CompleteLootTables,lair_prewave_2_rewards_all,
hero_effects,lair_midfight_heal,
actorless_round_start_effects,start_coast_fog,
m_IsRollBattleModifier,True,
element_end
element_start,coast_dungeon_3,BattleConfiguration
m_Chance,1,
m_BackgroundSceneOverride,combat_arena_coast_dungeon_interior,
m_IsNextBattleOptional,True,
m_RunDataStatsId,no_retreat,
m_EnemyActors,coastal_boss_leviathan,
m_CompleteLootTables,lair_boss_rewards_all,
hero_effects,lair_midfight_heal,
m_IsRollBattleModifier,False,
m_Tags,glossary_coast_boss,
element_end
element_start,coastal_mash_101,BattleConfiguration
m_Chance,1,
m_AdditionalBattleConfigurationTableId,death_mashes,
m_EnemyActors,coastal_bosun,coastal_bosun,coastal_bosun,
m_CompleteLootTables,road_faction_rewards_all,
m_CompleteStoryLootTables,resistance_faction_rewards_all,
actorless_round_start_effects,start_coast_fog,
m_EnemySummonControllerConfigurationId,death_wave,
m_IsRollBattleModifier,True,
element_end
element_start,coastal_mash_102,BattleConfiguration
m_Chance,1,
m_AdditionalBattleConfigurationTableId,death_mashes,
m_EnemyActors,coastal_bosun,coastal_bosun,coastal_cabin_boy,
m_CompleteLootTables,road_faction_rewards_all,
m_CompleteStoryLootTables,resistance_faction_rewards_all,
actorless_round_start_effects,start_coast_fog,
m_EnemySummonControllerConfigurationId,death_wave,
m_IsRollBattleModifier,True,
element_end
element_start,coastal_mash_103,BattleConfiguration
m_Chance,1,
m_AdditionalBattleConfigurationTableId,death_mashes,
m_EnemyActors,coastal_bosun,coastal_cabin_boy,coastal_bosun,
m_CompleteLootTables,road_faction_rewards_all,
m_CompleteStoryLootTables,resistance_faction_rewards_all,
actorless_round_start_effects,start_coast_fog,
m_EnemySummonControllerConfigurationId,death_wave,
m_IsRollBattleModifier,True,
element_end
element_start,coastal_mash_104,BattleConfiguration
m_Chance,1,
m_AdditionalBattleConfigurationTableId,death_mashes,
m_EnemyActors,coastal_cabin_boy,coastal_cabin_boy,coastal_cabin_boy,
m_CompleteLootTables,road_faction_rewards_all,
m_CompleteStoryLootTables,resistance_faction_rewards_all,
actorless_round_start_effects,start_coast_fog,
m_EnemySummonControllerConfigurationId,death_wave,
m_IsRollBattleModifier,True,
element_end
element_start,coastal_mash_106,BattleConfiguration
m_Chance,1,
m_AdditionalBattleConfigurationTableId,death_mashes,
m_EnemyActors,coastal_bosun,coastal_cabin_boy,coastal_captain,
m_CompleteLootTables,road_faction_rewards_all,
m_CompleteStoryLootTables,resistance_faction_rewards_all,
actorless_round_start_effects,start_coast_fog,
m_EnemySummonControllerConfigurationId,death_wave,
m_IsRollBattleModifier,True,
element_end
element_start,coastal_mash_107,BattleConfiguration
m_Chance,1,
m_AdditionalBattleConfigurationTableId,death_mashes,
m_EnemyActors,coastal_wharf_rat,coastal_wharf_rat,coastal_wharf_rat,
m_CompleteLootTables,road_faction_rewards_all,
m_CompleteStoryLootTables,resistance_faction_rewards_all,
actorless_round_start_effects,start_coast_fog,
m_EnemySummonControllerConfigurationId,death_wave,
m_IsRollBattleModifier,True,
element_end
element_start,coastal_mash_108,BattleConfiguration
m_Chance,1,
m_AdditionalBattleConfigurationTableId,death_mashes,
m_EnemyActors,coastal_wharf_rat,coastal_bosun,coastal_wharf_rat,
m_CompleteLootTables,road_faction_rewards_all,
m_CompleteStoryLootTables,resistance_faction_rewards_all,
actorless_round_start_effects,start_coast_fog,
m_EnemySummonControllerConfigurationId,death_wave,
m_IsRollBattleModifier,True,
element_end
element_start,coastal_mash_109,BattleConfiguration
m_Chance,1,
m_AdditionalBattleConfigurationTableId,death_mashes,
m_EnemyActors,coastal_wharf_rat,coastal_wharf_rat,coastal_cabin_boy,
m_CompleteLootTables,road_faction_rewards_all,
m_CompleteStoryLootTables,resistance_faction_rewards_all,
actorless_round_start_effects,start_coast_fog,
m_EnemySummonControllerConfigurationId,death_wave,
m_IsRollBattleModifier,True,
element_end
element_start,coastal_mash_110,BattleConfiguration
m_Chance,1,
m_AdditionalBattleConfigurationTableId,death_mashes,
m_EnemyActors,coastal_wharf_rat,coastal_bosun,coastal_captain,
m_CompleteLootTables,road_faction_rewards_all,
m_CompleteStoryLootTables,resistance_faction_rewards_all,
actorless_round_start_effects,start_coast_fog,
m_EnemySummonControllerConfigurationId,death_wave,
m_IsRollBattleModifier,True,
element_end
element_start,coastal_mash_111,BattleConfiguration
m_Chance,1,
m_AdditionalBattleConfigurationTableId,death_mashes,
m_EnemyActors,coastal_wharf_rat,coastal_wharf_rat,coastal_captain,
m_CompleteLootTables,road_faction_rewards_all,
m_CompleteStoryLootTables,resistance_faction_rewards_all,
actorless_round_start_effects,start_coast_fog,
m_EnemySummonControllerConfigurationId,death_wave,
m_IsRollBattleModifier,True,
element_end
element_start,coastal_mash_112,BattleConfiguration
m_Chance,1,
m_AdditionalBattleConfigurationTableId,death_mashes,
m_EnemyActors,coastal_bosun,coastal_wharf_rat,coastal_wharf_rat,
m_CompleteLootTables,road_faction_rewards_all,
m_CompleteStoryLootTables,resistance_faction_rewards_all,
actorless_round_start_effects,start_coast_fog,
m_EnemySummonControllerConfigurationId,death_wave,
m_IsRollBattleModifier,True,
element_end
element_start,coastal_mash_113,BattleConfiguration
m_Chance,1,
m_AdditionalBattleConfigurationTableId,death_mashes,
m_EnemyActors,coastal_bosun,coastal_wharf_rat,shared_lost_soul_widow,
m_CompleteLootTables,road_faction_rewards_all,
m_CompleteStoryLootTables,resistance_faction_rewards_all,
actorless_round_start_effects,start_coast_fog,
m_EnemySummonControllerConfigurationId,death_wave,
m_IsRollBattleModifier,True,
element_end
element_start,coastal_mash_114,BattleConfiguration
m_Chance,1,
m_AdditionalBattleConfigurationTableId,death_mashes,
m_EnemyActors,coastal_bosun,coastal_bosun,shared_lost_soul,
m_CompleteLootTables,road_faction_rewards_all,
m_CompleteStoryLootTables,resistance_faction_rewards_all,
actorless_round_start_effects,start_coast_fog,
m_EnemySummonControllerConfigurationId,death_wave,
m_IsRollBattleModifier,True,
element_end
element_start,coastal_mash_201,BattleConfiguration
m_Chance,1,
m_AdditionalBattleConfigurationTableId,death_mashes,
m_EnemyActors,coastal_bosun,coastal_bosun,coastal_bosun,coastal_bosun,
m_CompleteLootTables,road_faction_rewards_all,
m_CompleteStoryLootTables,resistance_faction_rewards_all,
actorless_round_start_effects,start_coast_fog,
m_EnemySummonControllerConfigurationId,death_wave,
m_IsRollBattleModifier,True,
element_end
element_start,coastal_mash_202,BattleConfiguration
m_Chance,1,
m_AdditionalBattleConfigurationTableId,death_mashes,
m_EnemyActors,coastal_bosun,coastal_bosun,coastal_cabin_boy,coastal_bosun,
m_CompleteLootTables,road_faction_rewards_all,
m_CompleteStoryLootTables,resistance_faction_rewards_all,
actorless_round_start_effects,start_coast_fog,
m_EnemySummonControllerConfigurationId,death_wave,
m_IsRollBattleModifier,True,
element_end
element_start,coastal_mash_203,BattleConfiguration
m_Chance,1,
m_AdditionalBattleConfigurationTableId,death_mashes,
m_EnemyActors,coastal_bosun,coastal_bosun,coastal_cabin_boy,coastal_fish_monger,
m_CompleteLootTables,road_faction_rewards_all,
m_CompleteStoryLootTables,resistance_faction_rewards_all,
actorless_round_start_effects,start_coast_fog,
m_EnemySummonControllerConfigurationId,death_wave,
m_IsRollBattleModifier,True,
element_end
element_start,coastal_mash_204,BattleConfiguration
m_Chance,1,
m_AdditionalBattleConfigurationTableId,death_mashes,
m_EnemyActors,coastal_cabin_boy,coastal_cabin_boy,coastal_cabin_boy,coastal_cabin_boy,
m_CompleteLootTables,road_faction_rewards_all,
m_CompleteStoryLootTables,resistance_faction_rewards_all,
actorless_round_start_effects,start_coast_fog,
m_EnemySummonControllerConfigurationId,death_wave,
m_IsRollBattleModifier,True,
element_end
element_start,coastal_mash_206,BattleConfiguration
m_Chance,1,
m_AdditionalBattleConfigurationTableId,death_mashes,
m_EnemyActors,coastal_wharf_rat,coastal_wharf_rat,coastal_cabin_boy,coastal_wharf_rat,
m_CompleteLootTables,road_faction_rewards_all,
m_CompleteStoryLootTables,resistance_faction_rewards_all,
actorless_round_start_effects,start_coast_fog,
m_EnemySummonControllerConfigurationId,death_wave,
m_IsRollBattleModifier,True,
element_end
element_start,coastal_mash_207,BattleConfiguration
m_Chance,1,
m_AdditionalBattleConfigurationTableId,death_mashes,
m_EnemyActors,coastal_wharf_rat,coastal_bosun,coastal_cabin_boy,coastal_bosun,
m_CompleteLootTables,road_faction_rewards_all,
m_CompleteStoryLootTables,resistance_faction_rewards_all,
actorless_round_start_effects,start_coast_fog,
m_EnemySummonControllerConfigurationId,death_wave,
m_IsRollBattleModifier,True,
element_end
element_start,coastal_mash_208,BattleConfiguration
m_Chance,1,
m_AdditionalBattleConfigurationTableId,death_mashes,
m_EnemyActors,coastal_wharf_rat,coastal_bosun,coastal_cabin_boy,coastal_wharf_rat,
m_CompleteLootTables,road_faction_rewards_all,
m_CompleteStoryLootTables,resistance_faction_rewards_all,
actorless_round_start_effects,start_coast_fog,
m_EnemySummonControllerConfigurationId,death_wave,
m_IsRollBattleModifier,True,
element_end
element_start,coastal_mash_209,BattleConfiguration
m_Chance,1,
m_AdditionalBattleConfigurationTableId,death_mashes,
m_EnemyActors,coastal_bosun,coastal_wharf_rat,coastal_captain,coastal_fish_monger,
m_CompleteLootTables,road_faction_rewards_all,
m_CompleteStoryLootTables,resistance_faction_rewards_all,
actorless_round_start_effects,start_coast_fog,
m_EnemySummonControllerConfigurationId,death_wave,
m_IsRollBattleModifier,True,
element_end
element_start,coastal_mash_210,BattleConfiguration
m_Chance,1,
m_AdditionalBattleConfigurationTableId,death_mashes,
m_EnemyActors,coastal_bosun,coastal_wharf_rat,coastal_cabin_boy,coastal_fish_monger,
m_CompleteLootTables,road_faction_rewards_all,
m_CompleteStoryLootTables,resistance_faction_rewards_all,
actorless_round_start_effects,start_coast_fog,
m_EnemySummonControllerConfigurationId,death_wave,
m_IsRollBattleModifier,True,
element_end
element_start,coastal_mash_211,BattleConfiguration
m_Chance,1,
m_AdditionalBattleConfigurationTableId,death_mashes,
m_EnemyActors,coastal_wharf_rat,coastal_wharf_rat,coastal_fish_monger,coastal_cabin_boy,
m_CompleteLootTables,road_faction_rewards_all,
m_CompleteStoryLootTables,resistance_faction_rewards_all,
actorless_round_start_effects,start_coast_fog,
m_EnemySummonControllerConfigurationId,death_wave,
m_IsRollBattleModifier,True,
element_end
element_start,coastal_mash_212,BattleConfiguration
m_Chance,1,
m_AdditionalBattleConfigurationTableId,death_mashes,
m_EnemyActors,coastal_bosun,coastal_bosun,coastal_wharf_rat,coastal_wharf_rat,
m_CompleteLootTables,road_faction_rewards_all,
m_CompleteStoryLootTables,resistance_faction_rewards_all,
actorless_round_start_effects,start_coast_fog,
m_EnemySummonControllerConfigurationId,death_wave,
m_IsRollBattleModifier,True,
element_end
element_start,coastal_mash_215,BattleConfiguration
m_Chance,1,
m_AdditionalBattleConfigurationTableId,death_mashes,
m_EnemyActors,coastal_wharf_rat,coastal_wharf_rat,coastal_captain,coastal_cabin_boy,
m_CompleteLootTables,road_faction_rewards_all,
m_CompleteStoryLootTables,resistance_faction_rewards_all,
actorless_round_start_effects,start_coast_fog,
m_EnemySummonControllerConfigurationId,death_wave,
m_IsRollBattleModifier,True,
element_end
element_start,coastal_mash_301,BattleConfiguration
m_Chance,1,
m_AdditionalBattleConfigurationTableId,death_mashes,
m_EnemyActors,coastal_docker,coastal_fish_monger,coastal_captain,
m_CompleteLootTables,road_faction_rewards_all,
m_CompleteStoryLootTables,resistance_faction_rewards_all,
actorless_round_start_effects,start_coast_fog,
m_EnemySummonControllerConfigurationId,death_wave,
m_IsRollBattleModifier,True,
element_end
element_start,coastal_mash_302,BattleConfiguration
m_Chance,1,
m_AdditionalBattleConfigurationTableId,death_mashes,
m_EnemyActors,coastal_docker,coastal_cabin_boy,coastal_fish_monger,
m_CompleteLootTables,road_faction_rewards_all,
m_CompleteStoryLootTables,resistance_faction_rewards_all,
actorless_round_start_effects,start_coast_fog,
m_EnemySummonControllerConfigurationId,death_wave,
m_IsRollBattleModifier,True,
element_end
element_start,coastal_mash_303,BattleConfiguration
m_Chance,1,
m_AdditionalBattleConfigurationTableId,death_mashes,
m_EnemyActors,coastal_docker,coastal_wharf_rat,coastal_wharf_rat,
m_CompleteLootTables,road_faction_rewards_all,
m_CompleteStoryLootTables,resistance_faction_rewards_all,
actorless_round_start_effects,start_coast_fog,
m_EnemySummonControllerConfigurationId,death_wave,
m_IsRollBattleModifier,True,
element_end
element_start,coastal_mash_304,BattleConfiguration
m_Chance,1,
m_AdditionalBattleConfigurationTableId,death_mashes,
m_EnemyActors,coastal_docker,coastal_wharf_rat,coastal_fish_monger,
m_CompleteLootTables,road_faction_rewards_all,
m_CompleteStoryLootTables,resistance_faction_rewards_all,
actorless_round_start_effects,start_coast_fog,
m_EnemySummonControllerConfigurationId,death_wave,
m_IsRollBattleModifier,True,
element_end
element_start,coastal_mash_305,BattleConfiguration
m_Chance,1,
m_AdditionalBattleConfigurationTableId,death_mashes,
m_EnemyActors,coastal_docker,coastal_docker,
m_CompleteLootTables,road_faction_rewards_all,
m_CompleteStoryLootTables,resistance_faction_rewards_all,
actorless_round_start_effects,start_coast_fog,
m_EnemySummonControllerConfigurationId,death_wave,
m_IsRollBattleModifier,True,
element_end
element_start,coastal_mash_306,BattleConfiguration
m_Chance,1,
m_AdditionalBattleConfigurationTableId,death_mashes,
m_EnemyActors,coastal_docker,coastal_bosun,coastal_bosun,
m_CompleteLootTables,road_faction_rewards_all,
m_CompleteStoryLootTables,resistance_faction_rewards_all,
actorless_round_start_effects,start_coast_fog,
m_EnemySummonControllerConfigurationId,death_wave,
m_IsRollBattleModifier,True,
element_end
element_start,coastal_mash_307,BattleConfiguration
m_Chance,1,
m_AdditionalBattleConfigurationTableId,death_mashes,
m_EnemyActors,coastal_docker,coastal_cabin_boy,coastal_bosun,
m_CompleteLootTables,road_faction_rewards_all,
m_CompleteStoryLootTables,resistance_faction_rewards_all,
actorless_round_start_effects,start_coast_fog,
m_EnemySummonControllerConfigurationId,death_wave,
m_IsRollBattleModifier,True,
element_end
element_start,coastal_mash_308,BattleConfiguration
m_Chance,1,
m_AdditionalBattleConfigurationTableId,death_mashes,
m_EnemyActors,coastal_bosun,coastal_bosun,coastal_bosun,coastal_captain,
m_CompleteLootTables,road_faction_rewards_all,
m_CompleteStoryLootTables,resistance_faction_rewards_all,
actorless_round_start_effects,start_coast_fog,
m_EnemySummonControllerConfigurationId,death_wave,
m_IsRollBattleModifier,True,
element_end
element_start,coastal_mash_309,BattleConfiguration
m_Chance,1,
m_AdditionalBattleConfigurationTableId,death_mashes,
m_EnemyActors,coastal_bosun,coastal_bosun,coastal_fish_monger,coastal_captain,
m_CompleteLootTables,road_faction_rewards_all,
m_CompleteStoryLootTables,resistance_faction_rewards_all,
actorless_round_start_effects,start_coast_fog,
m_EnemySummonControllerConfigurationId,death_wave,
m_IsRollBattleModifier,True,
element_end
element_start,coastal_mash_310,BattleConfiguration
m_Chance,1,
m_AdditionalBattleConfigurationTableId,death_mashes,
m_EnemyActors,coastal_bosun,coastal_bosun,coastal_fish_monger,coastal_fish_monger,
m_CompleteLootTables,road_faction_rewards_all,
m_CompleteStoryLootTables,resistance_faction_rewards_all,
actorless_round_start_effects,start_coast_fog,
m_EnemySummonControllerConfigurationId,death_wave,
m_IsRollBattleModifier,True,
element_end
element_start,coastal_mash_311,BattleConfiguration
m_Chance,1,
m_AdditionalBattleConfigurationTableId,death_mashes,
m_EnemyActors,coastal_bosun,coastal_bosun,coastal_captain,coastal_fish_monger,
m_CompleteLootTables,road_faction_rewards_all,
m_CompleteStoryLootTables,resistance_faction_rewards_all,
actorless_round_start_effects,start_coast_fog,
m_EnemySummonControllerConfigurationId,death_wave,
m_IsRollBattleModifier,True,
element_end
element_start,coastal_mash_312,BattleConfiguration
m_Chance,1,
m_AdditionalBattleConfigurationTableId,death_mashes,
m_EnemyActors,coastal_docker,coastal_bosun,coastal_captain,
m_CompleteLootTables,road_faction_rewards_all,
m_CompleteStoryLootTables,resistance_faction_rewards_all,
actorless_round_start_effects,start_coast_fog,
m_EnemySummonControllerConfigurationId,death_wave,
m_IsRollBattleModifier,True,
element_end
element_start,coastal_mash_201C,BattleConfiguration
m_Chance,1,
m_AdditionalBattleConfigurationTableId,death_mashes,
m_EnemyActors,coastal_bosun,coastal_bosun,coastal_bosun_b,coastal_bosun,
m_CompleteLootTables,road_faction_rewards_all,
m_CompleteStoryLootTables,resistance_faction_rewards_all,
actorless_round_start_effects,start_coast_fog,
m_EnemySummonControllerConfigurationId,death_wave,
m_IsRollBattleModifier,True,
element_end
element_start,coastal_mash_202C,BattleConfiguration
m_Chance,1,
m_AdditionalBattleConfigurationTableId,death_mashes,
m_EnemyActors,coastal_bosun,coastal_bosun,coastal_cabin_boy,coastal_bosun_b,
m_CompleteLootTables,road_faction_rewards_all,
m_CompleteStoryLootTables,resistance_faction_rewards_all,
actorless_round_start_effects,start_coast_fog,
m_EnemySummonControllerConfigurationId,death_wave,
m_IsRollBattleModifier,True,
element_end
element_start,coastal_mash_203C,BattleConfiguration
m_Chance,1,
m_AdditionalBattleConfigurationTableId,death_mashes,
m_EnemyActors,coastal_bosun,coastal_bosun_b,coastal_cabin_boy,coastal_fish_monger,
m_CompleteLootTables,road_faction_rewards_all,
m_CompleteStoryLootTables,resistance_faction_rewards_all,
actorless_round_start_effects,start_coast_fog,
m_EnemySummonControllerConfigurationId,death_wave,
m_IsRollBattleModifier,True,
element_end
element_start,coastal_mash_207C,BattleConfiguration
m_Chance,1,
m_AdditionalBattleConfigurationTableId,death_mashes,
m_EnemyActors,coastal_wharf_rat,coastal_bosun,coastal_cabin_boy,coastal_bosun_b,
m_CompleteLootTables,road_faction_rewards_all,
m_CompleteStoryLootTables,resistance_faction_rewards_all,
actorless_round_start_effects,start_coast_fog,
m_EnemySummonControllerConfigurationId,death_wave,
m_IsRollBattleModifier,True,
element_end
element_start,coastal_mash_209C_2,BattleConfiguration
m_Chance,1,
m_AdditionalBattleConfigurationTableId,death_mashes,
m_EnemyActors,coastal_bosun,coastal_wharf_rat,coastal_captain_b,coastal_fish_monger,
m_CompleteLootTables,road_faction_rewards_all,
m_CompleteStoryLootTables,resistance_faction_rewards_all,
actorless_round_start_effects,start_coast_fog,
m_EnemySummonControllerConfigurationId,death_wave,
m_IsRollBattleModifier,True,
element_end
element_start,coastal_mash_210C,BattleConfiguration
m_Chance,1,
m_AdditionalBattleConfigurationTableId,death_mashes,
m_EnemyActors,coastal_bosun_b,coastal_wharf_rat,coastal_cabin_boy,coastal_fish_monger,
m_CompleteLootTables,road_faction_rewards_all,
m_CompleteStoryLootTables,resistance_faction_rewards_all,
actorless_round_start_effects,start_coast_fog,
m_EnemySummonControllerConfigurationId,death_wave,
m_IsRollBattleModifier,True,
element_end
element_start,coastal_mash_212C,BattleConfiguration
m_Chance,1,
m_AdditionalBattleConfigurationTableId,death_mashes,
m_EnemyActors,coastal_bosun,coastal_bosun_b,coastal_wharf_rat,coastal_wharf_rat,
m_CompleteLootTables,road_faction_rewards_all,
m_CompleteStoryLootTables,resistance_faction_rewards_all,
actorless_round_start_effects,start_coast_fog,
m_EnemySummonControllerConfigurationId,death_wave,
m_IsRollBattleModifier,True,
element_end
element_start,coastal_mash_215C_2,BattleConfiguration
m_Chance,1,
m_AdditionalBattleConfigurationTableId,death_mashes,
m_EnemyActors,coastal_wharf_rat,coastal_wharf_rat,coastal_captain_b,coastal_cabin_boy,
m_CompleteLootTables,road_faction_rewards_all,
m_CompleteStoryLootTables,resistance_faction_rewards_all,
actorless_round_start_effects,start_coast_fog,
m_EnemySummonControllerConfigurationId,death_wave,
m_IsRollBattleModifier,True,
element_end
element_start,coastal_mash_301C_2,BattleConfiguration
m_Chance,1,
m_AdditionalBattleConfigurationTableId,death_mashes,
m_EnemyActors,coastal_docker,coastal_fish_monger,coastal_captain_b,
m_CompleteLootTables,road_faction_rewards_all,
m_CompleteStoryLootTables,resistance_faction_rewards_all,
actorless_round_start_effects,start_coast_fog,
m_EnemySummonControllerConfigurationId,death_wave,
m_IsRollBattleModifier,True,
element_end
element_start,coastal_mash_306C,BattleConfiguration
m_Chance,1,
m_AdditionalBattleConfigurationTableId,death_mashes,
m_EnemyActors,coastal_docker,coastal_bosun_b,coastal_bosun,
m_CompleteLootTables,road_faction_rewards_all,
m_CompleteStoryLootTables,resistance_faction_rewards_all,
actorless_round_start_effects,start_coast_fog,
m_EnemySummonControllerConfigurationId,death_wave,
m_IsRollBattleModifier,True,
element_end
element_start,coastal_mash_307C,BattleConfiguration
m_Chance,1,
m_AdditionalBattleConfigurationTableId,death_mashes,
m_EnemyActors,coastal_docker,coastal_cabin_boy,coastal_bosun_b,
m_CompleteLootTables,road_faction_rewards_all,
m_CompleteStoryLootTables,resistance_faction_rewards_all,
actorless_round_start_effects,start_coast_fog,
m_EnemySummonControllerConfigurationId,death_wave,
m_IsRollBattleModifier,True,
element_end
element_start,coastal_mash_308C,BattleConfiguration
m_Chance,1,
m_AdditionalBattleConfigurationTableId,death_mashes,
m_EnemyActors,coastal_bosun,coastal_bosun,coastal_bosun_b,coastal_captain,
m_CompleteLootTables,road_faction_rewards_all,
m_CompleteStoryLootTables,resistance_faction_rewards_all,
actorless_round_start_effects,start_coast_fog,
m_EnemySummonControllerConfigurationId,death_wave,
m_IsRollBattleModifier,True,
element_end
element_start,coastal_mash_308C_2,BattleConfiguration
m_Chance,1,
m_AdditionalBattleConfigurationTableId,death_mashes,
m_EnemyActors,coastal_bosun,coastal_bosun,coastal_bosun,coastal_captain_b,
m_CompleteLootTables,road_faction_rewards_all,
m_CompleteStoryLootTables,resistance_faction_rewards_all,
actorless_round_start_effects,start_coast_fog,
m_EnemySummonControllerConfigurationId,death_wave,
m_IsRollBattleModifier,True,
element_end
element_start,coastal_mash_309C,BattleConfiguration
m_Chance,1,
m_AdditionalBattleConfigurationTableId,death_mashes,
m_EnemyActors,coastal_bosun,coastal_bosun_b,coastal_fish_monger,coastal_captain,
m_CompleteLootTables,road_faction_rewards_all,
m_CompleteStoryLootTables,resistance_faction_rewards_all,
actorless_round_start_effects,start_coast_fog,
m_EnemySummonControllerConfigurationId,death_wave,
m_IsRollBattleModifier,True,
element_end
element_start,coastal_mash_309C_2,BattleConfiguration
m_Chance,1,
m_AdditionalBattleConfigurationTableId,death_mashes,
m_EnemyActors,coastal_bosun,coastal_bosun,coastal_fish_monger,coastal_captain_b,
m_CompleteLootTables,road_faction_rewards_all,
m_CompleteStoryLootTables,resistance_faction_rewards_all,
actorless_round_start_effects,start_coast_fog,
m_EnemySummonControllerConfigurationId,death_wave,
m_IsRollBattleModifier,True,
element_end
element_start,coastal_mash_310C,BattleConfiguration
m_Chance,1,
m_AdditionalBattleConfigurationTableId,death_mashes,
m_EnemyActors,coastal_bosun,coastal_bosun_b,coastal_fish_monger,coastal_fish_monger,
m_CompleteLootTables,road_faction_rewards_all,
m_CompleteStoryLootTables,resistance_faction_rewards_all,
actorless_round_start_effects,start_coast_fog,
m_EnemySummonControllerConfigurationId,death_wave,
m_IsRollBattleModifier,True,
element_end
element_start,coastal_mash_311C_2,BattleConfiguration
m_Chance,1,
m_AdditionalBattleConfigurationTableId,death_mashes,
m_EnemyActors,coastal_bosun,coastal_bosun,coastal_captain_b,coastal_fish_monger,
m_CompleteLootTables,road_faction_rewards_all,
m_CompleteStoryLootTables,resistance_faction_rewards_all,
actorless_round_start_effects,start_coast_fog,
m_EnemySummonControllerConfigurationId,death_wave,
m_IsRollBattleModifier,True,
element_end
element_start,coastal_mash_312C,BattleConfiguration
m_Chance,1,
m_AdditionalBattleConfigurationTableId,death_mashes,
m_EnemyActors,coastal_docker,coastal_bosun_b,coastal_captain,
m_CompleteLootTables,road_faction_rewards_all,
m_CompleteStoryLootTables,resistance_faction_rewards_all,
actorless_round_start_effects,start_coast_fog,
m_EnemySummonControllerConfigurationId,death_wave,
m_IsRollBattleModifier,True,
element_end
element_start,coastal_mash_312C_2,BattleConfiguration
m_Chance,1,
m_AdditionalBattleConfigurationTableId,death_mashes,
m_EnemyActors,coastal_docker,coastal_bosun,coastal_captain_b,
m_CompleteLootTables,road_faction_rewards_all,
m_CompleteStoryLootTables,resistance_faction_rewards_all,
actorless_round_start_effects,start_coast_fog,
m_EnemySummonControllerConfigurationId,death_wave,
m_IsRollBattleModifier,True,
element_end
element_start,coastal_mash_BC_01,BattleConfiguration
m_Chance,1,
m_AdditionalBattleConfigurationTableId,death_mashes,
m_EnemyActors,coastal_docker,coastal_bosun_b,coastal_captain_b,
m_CompleteLootTables,road_faction_rewards_all,
m_CompleteStoryLootTables,resistance_faction_rewards_all,
actorless_round_start_effects,start_coast_fog,
m_EnemySummonControllerConfigurationId,death_wave,
m_IsRollBattleModifier,True,
element_end
element_start,coastal_mash_BC_02,BattleConfiguration
m_Chance,1,
m_AdditionalBattleConfigurationTableId,death_mashes,
m_EnemyActors,coastal_bosun,coastal_bosun,coastal_bosun_b,coastal_captain_b,
m_CompleteLootTables,road_faction_rewards_all,
m_CompleteStoryLootTables,resistance_faction_rewards_all,
actorless_round_start_effects,start_coast_fog,
m_EnemySummonControllerConfigurationId,death_wave,
m_IsRollBattleModifier,True,
element_end
element_start,coastal_mash_BC_03,BattleConfiguration
m_Chance,1,
m_AdditionalBattleConfigurationTableId,death_mashes,
m_EnemyActors,coastal_cabin_boy,coastal_bosun_b,coastal_cabin_boy,coastal_captain_b,
m_CompleteLootTables,road_faction_rewards_all,
m_CompleteStoryLootTables,resistance_faction_rewards_all,
actorless_round_start_effects,start_coast_fog,
m_EnemySummonControllerConfigurationId,death_wave,
m_IsRollBattleModifier,True,
element_end
element_start,coastal_mash_BC_04,BattleConfiguration
m_Chance,1,
m_AdditionalBattleConfigurationTableId,death_mashes,
m_EnemyActors,coastal_bosun,coastal_bosun_b,coastal_fish_monger,coastal_captain_b,
m_CompleteLootTables,road_faction_rewards_all,
m_CompleteStoryLootTables,resistance_faction_rewards_all,
actorless_round_start_effects,start_coast_fog,
m_EnemySummonControllerConfigurationId,death_wave,
m_IsRollBattleModifier,True,
element_end
element_start,military_mash_1,BattleConfiguration
m_Chance,1,
m_EnemyActors,shared_barricade_cover1,shared_barricade_swordsman,shared_barricade_cover2,shared_barricade_spearman,
m_CompleteLootTables,military_barricade_rewards_all,
m_IsRollBattleModifier,True,
element_end
element_start,military_mash_2,BattleConfiguration
m_Chance,1,
m_EnemyActors,shared_barricade_cover1,shared_barricade_spearman,shared_barricade_cover2,shared_barricade_swordsman,
m_CompleteLootTables,military_barricade_rewards_all,
m_IsRollBattleModifier,True,
element_end
element_start,military_mash_3,BattleConfiguration
m_Chance,1,
m_EnemyActors,shared_barricade_cover1,shared_barricade_swordsman,shared_barricade_spearman,shared_barricade_spearman,
m_CompleteLootTables,military_barricade_rewards_all,
m_IsRollBattleModifier,True,
element_end
element_start,military_mash_4,BattleConfiguration
m_Chance,1,
m_EnemyActors,shared_barricade_cover1,shared_barricade_spearman,shared_barricade_swordsman,shared_barricade_swordsman,
m_CompleteLootTables,military_barricade_rewards_all,
m_IsRollBattleModifier,True,
element_end
element_start,military_mash_5,BattleConfiguration
m_Chance,1,
m_EnemyActors,shared_barricade_cover1,shared_barricade_swordsman,shared_barricade_cover1,shared_barricade_spearman,
m_CompleteLootTables,military_barricade_rewards_all,
m_IsRollBattleModifier,True,
element_end
element_start,military_mash_6,BattleConfiguration
m_Chance,1,
m_EnemyActors,shared_barricade_cover1,shared_barricade_spearman,shared_barricade_cover1,shared_barricade_swordsman,
m_CompleteLootTables,military_barricade_rewards_all,
m_IsRollBattleModifier,True,
element_end
element_start,military_pillager_mash_1,BattleConfiguration
m_Chance,1,
m_EnemyActors,shared_barricade_cover1,shared_pillager_melee,shared_barricade_cover2,shared_pillager_ranged,
m_CompleteLootTables,military_barricade_dregs_rewards_all,
m_IsRollBattleModifier,True,
element_end
element_start,military_pillager_mash_2,BattleConfiguration
m_Chance,1,
m_EnemyActors,shared_barricade_cover1,shared_pillager_melee,shared_barricade_cover2,shared_pillager_firemouth,
m_CompleteLootTables,military_barricade_dregs_rewards_all,
m_IsRollBattleModifier,True,
element_end
element_start,military_pillager_mash_3,BattleConfiguration
m_Chance,1,
m_EnemyActors,shared_barricade_cover1,shared_pillager_melee,shared_pillager_ranged,shared_pillager_mongrel,
m_CompleteLootTables,military_barricade_dregs_rewards_all,
m_IsRollBattleModifier,True,
element_end
element_start,military_pillager_mash_4,BattleConfiguration
m_Chance,1,
m_EnemyActors,shared_barricade_cover1,shared_pillager_melee,shared_pillager_firemouth,shared_pillager_ranged,
m_CompleteLootTables,military_barricade_dregs_rewards_all,
m_IsRollBattleModifier,True,
element_end
element_start,military_pillager_mash_5,BattleConfiguration
m_Chance,1,
m_EnemyActors,shared_pillager_melee,shared_pillager_melee,shared_barricade_cover2,shared_pillager_ranged,
m_CompleteLootTables,military_barricade_dregs_rewards_all,
m_IsRollBattleModifier,True,
element_end
element_start,military_pillager_mash_6,BattleConfiguration
m_Chance,1,
m_EnemyActors,shared_pillager_melee,shared_pillager_mongrel,shared_barricade_cover2,shared_pillager_mongrel,
m_CompleteLootTables,military_barricade_dregs_rewards_all,
m_IsRollBattleModifier,True,
element_end
element_start,military_antiq_mash_1,BattleConfiguration
m_Chance,1,
m_EnemyActors,shared_pillager_melee,shared_pillager_ranged,shared_barricade_cover2,shared_pillager_antiquarian,
m_CompleteLootTables,military_barricade_dregs_rewards_all,
m_IsRollBattleModifier,True,
element_end
element_start,military_gaunt_mash_1,BattleConfiguration
m_Chance,1,
m_EnemyActors,shared_barricade_cover1,shared_lost_soul,shared_barricade_cover2,shared_lost_soul_widow,
m_CompleteLootTables,military_barricade_dregs_rewards_all,
m_IsRollBattleModifier,True,
element_end
element_start,military_gaunt_mash_2,BattleConfiguration
m_Chance,1,
m_EnemyActors,shared_barricade_cover1,shared_lost_soul,shared_barricade_cover2,shared_lost_soul_urchin,
m_CompleteLootTables,military_barricade_dregs_rewards_all,
m_IsRollBattleModifier,True,
element_end
element_start,military_gaunt_mash_3,BattleConfiguration
m_Chance,1,
m_EnemyActors,shared_barricade_cover1,shared_lost_soul,shared_lost_soul,shared_lost_soul_widow,
m_CompleteLootTables,military_barricade_dregs_rewards_all,
m_IsRollBattleModifier,True,
element_end
element_start,military_gaunt_mash_4,BattleConfiguration
m_Chance,1,
m_EnemyActors,shared_barricade_cover1,shared_lost_soul_widow,shared_lost_soul,shared_lost_soul_urchin,
m_CompleteLootTables,military_barricade_dregs_rewards_all,
m_IsRollBattleModifier,True,
element_end
element_start,military_gaunt_mash_5,BattleConfiguration
m_Chance,1,
m_EnemyActors,shared_lost_soul_yeoman,shared_barricade_cover2,shared_lost_soul_widow,
m_CompleteLootTables,military_barricade_dregs_rewards_all,
m_IsRollBattleModifier,True,
element_end
element_start,military_gaunt_mash_6,BattleConfiguration
m_Chance,1,
m_EnemyActors,shared_lost_soul,shared_barricade_cover2,shared_ghoul,
m_CompleteLootTables,military_barricade_dregs_rewards_all,
m_IsRollBattleModifier,True,
element_end
element_start,military_city_mash_1,BattleConfiguration
m_Chance,1,
m_EnemyActors,shared_barricade_cover1,fanatic_whipper,shared_barricade_cover2,fanatic_immolatist,
m_CompleteLootTables,military_barricade_faction_rewards_all,
m_IsRollBattleModifier,True,
element_end
element_start,military_city_mash_2,BattleConfiguration
m_Chance,1,
m_EnemyActors,shared_barricade_cover1,fanatic_flayer,shared_barricade_cover2,fanatic_blind_shaman,
m_CompleteLootTables,military_barricade_faction_rewards_all,
m_IsRollBattleModifier,True,
element_end
element_start,military_city_mash_3,BattleConfiguration
m_Chance,1,
m_EnemyActors,shared_barricade_cover1,fanatic_whipper,fanatic_immolatist,fanatic_blind_shaman,
m_CompleteLootTables,military_barricade_faction_rewards_all,
m_IsRollBattleModifier,True,
element_end
element_start,military_city_mash_4,BattleConfiguration
m_Chance,1,
m_EnemyActors,shared_barricade_cover1,fanatic_flayer,fanatic_blind_shaman,fanatic_immolatist,
m_CompleteLootTables,military_barricade_faction_rewards_all,
m_IsRollBattleModifier,True,
element_end
element_start,military_city_mash_5,BattleConfiguration
m_Chance,1,
m_EnemyActors,fanatic_pit_fighter,shared_barricade_cover2,fanatic_blind_shaman,
m_CompleteLootTables,military_barricade_faction_rewards_all,
m_IsRollBattleModifier,True,
element_end
element_start,military_city_mash_6,BattleConfiguration
m_Chance,1,
m_EnemyActors,fanatic_pit_fighter,shared_barricade_cover2,fanatic_immolatist,
m_CompleteLootTables,military_barricade_faction_rewards_all,
m_IsRollBattleModifier,True,
element_end
element_start,military_coast_mash_1,BattleConfiguration
m_Chance,1,
m_EnemyActors,shared_barricade_cover1,coastal_wharf_rat,shared_barricade_cover2,coastal_bosun,
m_CompleteLootTables,military_barricade_faction_rewards_all,
m_IsRollBattleModifier,True,
element_end
element_start,military_coast_mash_2,BattleConfiguration
m_Chance,1,
m_EnemyActors,shared_barricade_cover1,coastal_bosun,shared_barricade_cover2,coastal_wharf_rat,
m_CompleteLootTables,military_barricade_faction_rewards_all,
m_IsRollBattleModifier,True,
element_end
element_start,military_coast_mash_3,BattleConfiguration
m_Chance,1,
m_EnemyActors,shared_barricade_cover1,coastal_bosun,coastal_wharf_rat,coastal_captain,
m_CompleteLootTables,military_barricade_faction_rewards_all,
m_IsRollBattleModifier,True,
element_end
element_start,military_coast_mash_4,BattleConfiguration
m_Chance,1,
m_EnemyActors,shared_barricade_cover1,coastal_wharf_rat,coastal_bosun,coastal_fish_monger,
m_CompleteLootTables,military_barricade_faction_rewards_all,
m_IsRollBattleModifier,True,
element_end
element_start,military_coast_mash_5,BattleConfiguration
m_Chance,1,
m_EnemyActors,coastal_wharf_rat,coastal_bosun,shared_barricade_cover2,coastal_captain,
m_CompleteLootTables,military_barricade_faction_rewards_all,
m_IsRollBattleModifier,True,
element_end
element_start,military_coast_mash_6,BattleConfiguration
m_Chance,1,
m_EnemyActors,coastal_bosun,coastal_cabin_boy,shared_barricade_cover2,coastal_fish_monger,
m_CompleteLootTables,military_barricade_faction_rewards_all,
m_IsRollBattleModifier,True,
element_end
element_start,military_farm_mash_1,BattleConfiguration
m_Chance,1,
m_EnemyActors,shared_barricade_cover1,plague_eater_butcher,shared_barricade_cover2,plague_eater_maid,
m_CompleteLootTables,military_barricade_faction_rewards_all,
m_IsRollBattleModifier,True,
element_end
element_start,military_farm_mash_2,BattleConfiguration
m_Chance,1,
m_EnemyActors,shared_barricade_cover1,plague_eater_butcher,shared_barricade_cover2,plague_eater_lady,
m_CompleteLootTables,military_barricade_faction_rewards_all,
m_IsRollBattleModifier,True,
element_end
element_start,military_farm_mash_3,BattleConfiguration
m_Chance,1,
m_EnemyActors,shared_barricade_cover1,plague_eater_lady,plague_eater_butcher,plague_eater_maid,
m_CompleteLootTables,military_barricade_faction_rewards_all,
m_IsRollBattleModifier,True,
element_end
element_start,military_farm_mash_4,BattleConfiguration
m_Chance,1,
m_EnemyActors,shared_barricade_cover1,plague_eater_lady,plague_eater_dinner_cart,
m_CompleteLootTables,military_barricade_faction_rewards_all,
m_IsRollBattleModifier,True,
element_end
element_start,military_farm_mash_5,BattleConfiguration
m_Chance,1,
m_EnemyActors,plague_eater_butcher,shared_barricade_cover2,plague_eater_dinner_cart,
m_CompleteLootTables,military_barricade_faction_rewards_all,
m_IsRollBattleModifier,True,
element_end
element_start,military_farm_mash_6,BattleConfiguration
m_Chance,1,
m_EnemyActors,plague_eater_lady,shared_barricade_cover2,plague_eater_lord,
m_CompleteLootTables,military_barricade_faction_rewards_all,
m_IsRollBattleModifier,True,
element_end
element_start,military_forest_mash_1,BattleConfiguration
m_Chance,1,
m_EnemyActors,shared_barricade_cover1,lost_battalion_foot_soldier,shared_barricade_cover2,lost_battalion_bishop,
m_CompleteLootTables,military_barricade_faction_rewards_all,
m_IsRollBattleModifier,True,
element_end
element_start,military_forest_mash_2,BattleConfiguration
m_Chance,1,
m_EnemyActors,shared_barricade_cover1,lost_battalion_foot_soldier,shared_barricade_cover2,lost_battalion_bishop,
m_CompleteLootTables,military_barricade_faction_rewards_all,
m_IsRollBattleModifier,True,
element_end
element_start,military_forest_mash_3,BattleConfiguration
m_Chance,1,
m_EnemyActors,shared_barricade_cover1,lost_battalion_arbalist,lost_battalion_foot_soldier,lost_battalion_bishop,
m_CompleteLootTables,military_barricade_faction_rewards_all,
m_IsRollBattleModifier,True,
element_end
element_start,military_forest_mash_4,BattleConfiguration
m_Chance,1,
m_EnemyActors,shared_barricade_cover1,lost_battalion_foot_soldier,lost_battalion_foot_soldier,lost_battalion_bishop,
m_CompleteLootTables,military_barricade_faction_rewards_all,
m_IsRollBattleModifier,True,
element_end
element_start,military_forest_mash_5,BattleConfiguration
m_Chance,1,
m_EnemyActors,lost_battalion_foot_soldier,lost_battalion_foot_soldier,shared_barricade_cover2,lost_battalion_arbalist,
m_CompleteLootTables,military_barricade_faction_rewards_all,
m_IsRollBattleModifier,True,
element_end
element_start,military_forest_mash_6,BattleConfiguration
m_Chance,1,
m_EnemyActors,lost_battalion_knight,shared_barricade_cover2,lost_battalion_bishop,
m_CompleteLootTables,military_barricade_faction_rewards_all,
m_IsRollBattleModifier,True,
element_end
element_start,military_tundra_mash_1,BattleConfiguration
m_Chance,1,
m_EnemyActors,shared_barricade_cover1,cultist_evangelist,shared_barricade_cover2,cultist_herald,
m_CompleteLootTables,military_barricade_faction_rewards_all,
m_IsRollBattleModifier,True,
element_end
element_start,military_tundra_mash_2,BattleConfiguration
m_Chance,1,
m_EnemyActors,shared_barricade_cover1,cultist_evangelist,shared_barricade_cover2,cultist_cherub,
m_CompleteLootTables,military_barricade_faction_rewards_all,
m_IsRollBattleModifier,True,
element_end
element_start,military_tundra_mash_3,BattleConfiguration
m_Chance,1,
m_EnemyActors,shared_barricade_cover1,cultist_evangelist,cultist_cherub,cultist_herald,
m_CompleteLootTables,military_barricade_faction_rewards_all,
m_IsRollBattleModifier,True,
element_end
element_start,military_tundra_mash_4,BattleConfiguration
m_Chance,1,
m_EnemyActors,shared_barricade_cover1,cultist_evangelist,cultist_herald,cultist_cherub,
m_CompleteLootTables,military_barricade_faction_rewards_all,
m_IsRollBattleModifier,True,
element_end
element_start,military_tundra_mash_5,BattleConfiguration
m_Chance,1,
m_EnemyActors,cultist_evangelist,shared_barricade_cover2,cultist_cherub,cultist_herald,
m_CompleteLootTables,military_barricade_faction_rewards_all,
m_IsRollBattleModifier,True,
element_end
element_start,military_tundra_mash_6,BattleConfiguration
m_Chance,1,
m_EnemyActors,cultist_evangelist,shared_barricade_cover2,cultist_herald,cultist_cherub,
m_CompleteLootTables,military_barricade_faction_rewards_all,
m_IsRollBattleModifier,True,
element_end
