element_start,faction_mashes_road_master,BattleConfigurationTable
m_chances,1,1,
m_ids,faction_mashes_road_confessions,faction_mashes_road_kingdoms,
m_types,sub_table,sub_table,
m_tags,
m_conditions,is_confessions,is_kingdoms,
element_end
element_start,faction_mashes_resist_master,BattleConfigurationTable
m_chances,1,1,
m_ids,faction_mashes_resist_confessions,faction_mashes_resist_kingdoms,
m_types,sub_table,sub_table,
m_tags,
m_conditions,is_confessions,is_kingdoms,
element_end
element_start,gaunt_mashes_road_master,BattleConfigurationTable
m_chances,1,1,
m_ids,gaunt_mashes_road_confessions,gaunt_mashes_road_kingdoms,
m_types,sub_table,sub_table,
m_tags,
m_conditions,is_confessions,is_kingdoms,
element_end
element_start,pillager_mashes_road_master,BattleConfigurationTable
m_chances,1,1,
m_ids,pillager_mashes_road_confessions,pillager_mashes_road_kingdoms,
m_types,sub_table,sub_table,
m_tags,
m_conditions,is_confessions,is_kingdoms,
element_end
element_start,dregs_mashes_hazard_master,BattleConfigurationTable
m_chances,1,1,1,1,
m_ids,pillager_mashes_hazard_confessions,pillager_mashes_hazard_kingdoms,gaunt_mashes_hazard_confessions,gaunt_mashes_hazard_kingdoms,
m_types,sub_table,sub_table,sub_table,sub_table,
m_tags,
m_conditions,is_confessions+has_0_stagecoach_armor,is_kingdoms+has_0_stagecoach_armor,is_confessions+has_0_stagecoach_armor,is_kingdoms+has_0_stagecoach_armor,
element_end
element_start,dregs_mashes_rough_patch_master,BattleConfigurationTable
m_chances,1,1,1,1,
m_ids,pillager_mashes_rough_patch_confessions,pillager_mashes_rough_patch_kingdoms,gaunt_mashes_rough_patch_confessions,gaunt_mashes_rough_patch_kingdoms,
m_types,sub_table,sub_table,sub_table,sub_table,
m_tags,
m_conditions,is_confessions+has_0_stagecoach_wheels,is_kingdoms+has_0_stagecoach_wheels,is_confessions+has_0_stagecoach_wheels,is_kingdoms+has_0_stagecoach_wheels,
element_end
element_start,underground_mashes_road_master,BattleConfigurationTable
m_chances,1,1,
m_ids,swine_mashes_road_confessions,swine_mashes_road_kingdoms,
m_types,sub_table,sub_table,
m_tags,
m_conditions,is_confessions+cave_biome_check,is_kingdoms+cave_biome_check,
element_end
element_start,underground_mashes_resist_master,BattleConfigurationTable
m_chances,1,1,
m_ids,swine_mashes_resist_confessions,swine_mashes_resist_kingdoms,
m_types,sub_table,sub_table,
m_tags,
m_conditions,is_confessions+cave_biome_check,is_kingdoms+cave_biome_check,
element_end
element_start,underground_mashes_hazard_master,BattleConfigurationTable
m_chances,1,1,
m_ids,swine_mashes_hazard_confessions,swine_mashes_hazard_kingdoms,
m_types,sub_table,sub_table,
m_tags,
m_conditions,is_confessions+has_0_stagecoach_armor+cave_biome_check,is_kingdoms+has_0_stagecoach_armor+cave_biome_check,
element_end
element_start,underground_mashes_rough_patch_master,BattleConfigurationTable
m_chances,1,1,
m_ids,swine_mashes_rough_patch_confessions,swine_mashes_rough_patch_kingdoms,
m_types,sub_table,sub_table,
m_tags,
m_conditions,is_confessions+has_0_stagecoach_wheels+cave_biome_check,is_kingdoms+has_0_stagecoach_wheels+cave_biome_check,
element_end
element_start,military_mashes_road_master,BattleConfigurationTable
m_chances,1,1,
m_ids,military_mashes_road_confessions,military_mashes_road_kingdoms,
m_types,sub_table,sub_table,
m_tags,
m_conditions,is_confessions,is_kingdoms,
element_end
element_start,beast_mashes_creature_den_master,BattleConfigurationTable
m_chances,1,
m_ids,beast_mashes_normal,
m_types,sub_table,
m_tags,
m_conditions,
element_end
element_start,dungeon_mashes_starter_master,BattleConfigurationTable
m_chances,1,1,1,1,1,
m_ids,biome_farm_dungeon_starters,biome_city_dungeon_starters,biome_forest_dungeon_starters,biome_coast_dungeon_starters,biome_tundra_dungeon_starters,
m_types,sub_table,sub_table,sub_table,sub_table,sub_table,
m_tags,
m_conditions,farm_biome_check,city_biome_check,forest_biome_check,shroud_biome_check,tundra_biome_check,
element_end
element_start,camp_mashes_master,BattleConfigurationTable
m_chances,1,
m_ids,camp_ambush_mashes,
m_types,sub_table,
m_tags,
m_conditions,
element_end
element_start,faction_mashes_road_confessions,BattleConfigurationTable
m_chances,19,1,1,
m_ids,faction_mashes_road_confessions,collector_mash_regions_confessions,collector_mash_regions_confessions,
m_types,sub_table,sub_table,sub_table,
m_tags,,wandering,wandering,
m_conditions,,heroes_have_trophy_equipped,heroes_have_trophy_equipped+stagecoach_has_collectors_chandelier_equipped,
element_end
element_start,faction_mashes_road_confessions,BattleConfigurationTable
m_chances,1,1,1,1,
m_ids,plague_eater_mashes_normal_confessions,fanatic_mashes_normal_confessions,lost_battalion_mashes_normal_confessions,coastal_mashes_normal_confessions,
m_types,sub_table,sub_table,sub_table,sub_table,
m_tags,
m_conditions,farm_biome_check,city_biome_check,forest_biome_check,shroud_biome_check,
element_end
element_start,faction_mashes_resist_confessions,BattleConfigurationTable
m_chances,1,1,1,
m_ids,faction_mashes_resist_region_1_confessions,faction_mashes_resist_region_2_confessions,faction_mashes_resist_region_3_confessions,
m_types,sub_table,sub_table,sub_table,
m_tags,
m_conditions,biome_typical_equals_1,biome_typical_equals_2,biome_typical_equal_or_greater_than_3,
element_end
element_start,faction_mashes_resist_region_1_confessions,BattleConfigurationTable
m_chances,1,1,1,1,
m_ids,plague_eater_mashes_normal_confessions,fanatic_mashes_normal_confessions,lost_battalion_mashes_normal_confessions,coastal_mashes_normal_confessions,
m_types,sub_table,sub_table,sub_table,sub_table,
m_tags,
m_conditions,farm_biome_check,city_biome_check,forest_biome_check,shroud_biome_check,
element_end
element_start,faction_mashes_resist_region_2_confessions,BattleConfigurationTable
m_chances,1,1,1,1,1,1,1,1,
m_ids,plague_eater_mashes_normal_confessions,plague_eater_mashes_hard_confessions,fanatic_mashes_normal_confessions,fanatic_mashes_hard_confessions,lost_battalion_mashes_normal_confessions,lost_battalion_mashes_hard_confessions,coastal_mashes_normal_confessions,coastal_mashes_hard_confessions,
m_types,sub_table,sub_table,sub_table,sub_table,sub_table,sub_table,sub_table,sub_table,
m_tags,
m_conditions,farm_biome_check,farm_biome_check,city_biome_check,city_biome_check,forest_biome_check,forest_biome_check,shroud_biome_check,shroud_biome_check,
element_end
element_start,faction_mashes_resist_region_3_confessions,BattleConfigurationTable
m_chances,1,3,1,3,1,3,1,3,
m_ids,plague_eater_mashes_normal_confessions,plague_eater_mashes_hard_confessions,fanatic_mashes_normal_confessions,fanatic_mashes_hard_confessions,lost_battalion_mashes_normal_confessions,lost_battalion_mashes_hard_confessions,coastal_mashes_normal_confessions,coastal_mashes_hard_confessions,
m_types,sub_table,sub_table,sub_table,sub_table,sub_table,sub_table,sub_table,sub_table,
m_tags,
m_conditions,farm_biome_check,farm_biome_check,city_biome_check,city_biome_check,forest_biome_check,forest_biome_check,shroud_biome_check,shroud_biome_check,
element_end
element_start,faction_mashes_road_kingdoms,BattleConfigurationTable
m_chances,19,1,1,
m_ids,faction_mashes_road_kingdoms_mix,collector_mash_escalation_kingdoms,collector_mash_escalation_kingdoms,
m_types,sub_table,sub_table,sub_table,
m_tags,,wandering,wandering,
m_conditions,,heroes_have_trophy_equipped,heroes_have_trophy_equipped+stagecoach_has_collectors_chandelier_equipped,
element_end
element_start,faction_mashes_road_kingdoms_mix,BattleConfigurationTable
m_chances,1,1,1,1,1,
m_ids,plague_eater_mashes_normal_kingdoms,fanatic_mashes_normal_kingdoms,lost_battalion_mashes_normal_kingdoms,coastal_mashes_normal_kingdoms,cultist_mashes_normal_kingdoms,
m_types,sub_table,sub_table,sub_table,sub_table,sub_table,
m_tags,
m_conditions,farm_biome_check,city_biome_check,forest_biome_check,shroud_biome_check,tundra_biome_check,
element_end
element_start,faction_mashes_resist_kingdoms,BattleConfigurationTable
m_chances,1,1,1,
m_ids,faction_mashes_resist_escalation_1_kingdoms,faction_mashes_resist_escalation_2_kingdoms,faction_mashes_resist_escalation_3_kingdoms,
m_types,sub_table,sub_table,sub_table,
m_tags,
m_conditions,escalation_is_1,escalation_is_2,escalation_is_over_2,
element_end
element_start,faction_mashes_resist_escalation_1_kingdoms,BattleConfigurationTable
m_chances,1,1,1,1,1,
m_ids,plague_eater_mashes_normal_kingdoms,fanatic_mashes_normal_kingdoms,lost_battalion_mashes_normal_kingdoms,coastal_mashes_normal_kingdoms,cultist_mashes_normal_kingdoms,
m_types,sub_table,sub_table,sub_table,sub_table,sub_table,
m_tags,
m_conditions,farm_biome_check,city_biome_check,forest_biome_check,shroud_biome_check,tundra_biome_check,
element_end
element_start,faction_mashes_resist_escalation_2_kingdoms,BattleConfigurationTable
m_chances,1,1,1,1,1,1,1,1,1,1,
m_ids,plague_eater_mashes_normal_kingdoms,plague_eater_mashes_hard_kingdoms,fanatic_mashes_normal_kingdoms,fanatic_mashes_hard_kingdoms,lost_battalion_mashes_normal_kingdoms,lost_battalion_mashes_hard_kingdoms,coastal_mashes_normal_kingdoms,coastal_mashes_hard_kingdoms,cultist_mashes_normal_kingdoms,cultist_mashes_hard_kingdoms,
m_types,sub_table,sub_table,sub_table,sub_table,sub_table,sub_table,sub_table,sub_table,sub_table,sub_table,
m_tags,
m_conditions,farm_biome_check,farm_biome_check,city_biome_check,city_biome_check,forest_biome_check,forest_biome_check,shroud_biome_check,shroud_biome_check,tundra_biome_check,tundra_biome_check,
element_end
element_start,faction_mashes_resist_escalation_3_kingdoms,BattleConfigurationTable
m_chances,1,3,1,3,1,3,1,3,1,3,
m_ids,plague_eater_mashes_normal_kingdoms,plague_eater_mashes_hard_kingdoms,fanatic_mashes_normal_kingdoms,fanatic_mashes_hard_kingdoms,lost_battalion_mashes_normal_kingdoms,lost_battalion_mashes_hard_kingdoms,coastal_mashes_normal_kingdoms,coastal_mashes_hard_kingdoms,cultist_mashes_normal_kingdoms,cultist_mashes_hard_kingdoms,
m_types,sub_table,sub_table,sub_table,sub_table,sub_table,sub_table,sub_table,sub_table,sub_table,sub_table,
m_tags,
m_conditions,farm_biome_check,farm_biome_check,city_biome_check,city_biome_check,forest_biome_check,forest_biome_check,shroud_biome_check,shroud_biome_check,tundra_biome_check,tundra_biome_check,
element_end
element_start,plague_eater_mashes_normal_confessions,BattleConfigurationTable
m_chances,10,5,2,2,5,
m_ids,plague_eater_mashes_normal,plague_eater_mashes_normal_champions,plague_eater_mashes_normal_champions,plague_eater_mashes_normal_champions,plague_eater_mashes_normal_champions,
m_types,sub_table,sub_table,sub_table,sub_table,sub_table,
m_tags,
m_conditions,,stagecoach_has_infernal_torch_5_equipped,biome_typical_equals_2+run_boss_is_arms,biome_typical_equals_2+run_boss_is_body,biome_typical_equal_or_greater_than_3+run_boss_is_not_brain+run_boss_is_not_lungs,
element_end
element_start,plague_eater_mashes_hard_confessions,BattleConfigurationTable
m_chances,24,20,6,6,16,9,
m_ids,plague_eater_mashes_hard,plague_eater_mashes_hard_champions,plague_eater_mashes_hard_champions,plague_eater_mashes_hard_champions,plague_eater_mashes_hard_champions,plague_eater_mashes_brutal_champions,
m_types,sub_table,sub_table,sub_table,sub_table,sub_table,sub_table,
m_tags,
m_conditions,,stagecoach_has_infernal_torch_5_equipped,biome_typical_equals_2+run_boss_is_arms,biome_typical_equals_2+run_boss_is_body,biome_typical_equal_or_greater_than_3+run_boss_is_not_brain+run_boss_is_not_lungs,biome_typical_equal_or_greater_than_3+stagecoach_has_infernal_torch_5_equipped,
element_end
element_start,plague_eater_mashes_normal_kingdoms,BattleConfigurationTable
m_chances,10,5,2,5,0,
m_ids,plague_eater_mashes_normal,plague_eater_mashes_normal_champions,plague_eater_mashes_normal_champions,plague_eater_mashes_normal_champions,plague_eater_mashes_normal_champions,
m_types,sub_table,sub_table,sub_table,sub_table,sub_table,
m_tags,,,,,KINGDOM_CHAMPS,
m_conditions,,stagecoach_has_infernal_torch_5_equipped,escalation_is_2,escalation_is_over_2,
element_end
element_start,plague_eater_mashes_hard_kingdoms,BattleConfigurationTable
m_chances,24,20,6,16,9,
m_ids,plague_eater_mashes_hard,plague_eater_mashes_hard_champions,plague_eater_mashes_hard_champions,plague_eater_mashes_hard_champions,plague_eater_mashes_brutal_champions,
m_types,sub_table,sub_table,sub_table,sub_table,sub_table,
m_tags,,KINGDOM_CHAMPS,KINGDOM_CHAMPS,KINGDOM_CHAMPS,KINGDOM_CHAMPS,
m_conditions,,stagecoach_has_infernal_torch_5_equipped,escalation_is_2,escalation_is_over_2,escalation_is_over_2+stagecoach_has_infernal_torch_5_equipped,
element_end
element_start,plague_eater_mashes_normal,BattleConfigurationTable
m_chances,5,5,5,5,5,5,5,4,4,4,4,4,5,
m_ids,plague_eater_mash_201,plague_eater_mash_202,plague_eater_mash_203,plague_eater_mash_204,plague_eater_mash_205,plague_eater_mash_206,plague_eater_mash_207,plague_eater_mash_208,plague_eater_mash_209,plague_eater_mash_210,plague_eater_mash_211,plague_eater_mash_212,plague_eater_mash_213,
m_types,battle_config,battle_config,battle_config,battle_config,battle_config,battle_config,battle_config,battle_config,battle_config,battle_config,battle_config,battle_config,battle_config,
m_tags,
m_conditions,
element_end
element_start,plague_eater_mashes_normal_champions,BattleConfigurationTable
m_chances,6,6,5,5,5,5,6,5,5,6,6,
m_ids,plague_eater_mash_201C,plague_eater_mash_202C,plague_eater_mash_202C_2,plague_eater_mash_203C_2,plague_eater_mash_205C_2,plague_eater_mash_206C_2,plague_eater_mash_210C,plague_eater_mash_210C_2,plague_eater_mash_211C_2,plague_eater_mash_212C,plague_eater_mash_213C,
m_types,battle_config,battle_config,battle_config,battle_config,battle_config,battle_config,battle_config,battle_config,battle_config,battle_config,battle_config,
m_tags,
m_conditions,
element_end
element_start,plague_eater_mashes_hard,BattleConfigurationTable
m_chances,1,1,1,1,1,1,1,1,
m_ids,plague_eater_mash_301,plague_eater_mash_302,plague_eater_mash_303,plague_eater_mash_304,plague_eater_mash_305,plague_eater_mash_306,plague_eater_mash_307,plague_eater_mash_308,
m_types,battle_config,battle_config,battle_config,battle_config,battle_config,battle_config,battle_config,battle_config,
m_tags,
m_conditions,
element_end
element_start,plague_eater_mashes_hard_champions,BattleConfigurationTable
m_chances,3,3,1,1,1,1,1,1,
m_ids,plague_eater_mash_304C,plague_eater_mash_304C_B,plague_eater_mash_307C_2,plague_eater_mash_307C_2B,plague_eater_mash_308C_2,plague_eater_mash_308C_2B,plague_eater_mash_309C_2,plague_eater_mash_310C_2,
m_types,battle_config,battle_config,battle_config,battle_config,battle_config,battle_config,battle_config,battle_config,
m_tags,
m_conditions,
element_end
element_start,plague_eater_mashes_brutal_champions,BattleConfigurationTable
m_chances,1,1,1,1,
m_ids,plague_eater_mash_BC_01,plague_eater_mash_BC_02,plague_eater_mash_BC_03,plague_eater_mash_BC_04,
m_types,battle_config,battle_config,battle_config,battle_config,
m_tags,
m_conditions,
element_end
element_start,biome_farm_dungeon_starters,BattleConfigurationTable
m_chances,1,1,1,1,1,
m_ids,farm_dungeon_1a,farm_dungeon_1b,farm_dungeon_1c,farm_dungeon_1d,farm_dungeon_1e,
m_types,battle_config,battle_config,battle_config,battle_config,battle_config,
m_tags,
m_conditions,
element_end
element_start,biome_farm_dungeon_round2,BattleConfigurationTable
m_chances,1,1,
m_ids,biome_farm_dungeon_round2_confessions,biome_farm_dungeon_round2_kingdoms,
m_types,sub_table,sub_table,
m_tags,
m_conditions,is_confessions,is_kingdoms,
element_end
element_start,biome_farm_dungeon_round2_confessions,BattleConfigurationTable
m_chances,3,2,2,
m_ids,biome_farm_dungeon_round2_normal,biome_farm_dungeon_round2_champions,biome_farm_dungeon_round2_champions,
m_types,sub_table,sub_table,sub_table,
m_tags,
m_conditions,,stagecoach_has_infernal_torch_5_equipped,biome_typical_equal_or_greater_than_3+run_boss_is_not_brain+run_boss_is_not_lungs,
element_end
element_start,biome_farm_dungeon_round2_kingdoms,BattleConfigurationTable
m_chances,3,2,
m_ids,biome_farm_dungeon_round2_normal,biome_farm_dungeon_round2_champions,
m_types,sub_table,sub_table,
m_tags,
m_conditions,,escalation_is_over_2,
element_end
element_start,biome_farm_dungeon_round2_normal,BattleConfigurationTable
m_chances,1,1,1,1,1,1,1,1,1,1,1,1,1,
m_ids,farm_dungeon_2a,farm_dungeon_2b,farm_dungeon_2c,farm_dungeon_2d,farm_dungeon_2e,farm_dungeon_2f,farm_dungeon_2g,farm_dungeon_2h,farm_dungeon_2i,farm_dungeon_2j,farm_dungeon_2k,farm_dungeon_2l,farm_dungeon_2m,
m_types,battle_config,battle_config,battle_config,battle_config,battle_config,battle_config,battle_config,battle_config,battle_config,battle_config,battle_config,battle_config,battle_config,
m_tags,
m_conditions,
element_end
element_start,biome_farm_dungeon_round2_champions,BattleConfigurationTable
m_chances,9,5,5,9,9,5,5,9,5,5,5,5,5,9,
m_ids,farm_dungeon_2a_c2,farm_dungeon_2b_c,farm_dungeon_2c_c,farm_dungeon_2c_c2,farm_dungeon_2d_c2,farm_dungeon_2e_c,farm_dungeon_2f_c,farm_dungeon_2f_c2,farm_dungeon_2g_c,farm_dungeon_2i_c,farm_dungeon_2j_c,farm_dungeon_2k_c,farm_dungeon_2l_c,farm_dungeon_2l_c2,
m_types,battle_config,battle_config,battle_config,battle_config,battle_config,battle_config,battle_config,battle_config,battle_config,battle_config,battle_config,battle_config,battle_config,battle_config,
m_tags,
m_conditions,
element_end
element_start,fanatic_mashes_normal_confessions,BattleConfigurationTable
m_chances,10,5,2,2,5,
m_ids,fanatic_mashes_normal,fanatic_mashes_normal_champions,fanatic_mashes_normal_champions,fanatic_mashes_normal_champions,fanatic_mashes_normal_champions,
m_types,sub_table,sub_table,sub_table,sub_table,sub_table,
m_tags,
m_conditions,,stagecoach_has_infernal_torch_5_equipped,biome_typical_equals_2+run_boss_is_arms,biome_typical_equals_2+run_boss_is_body,biome_typical_equal_or_greater_than_3+run_boss_is_not_brain+run_boss_is_not_lungs,
element_end
element_start,fanatic_mashes_hard_confessions,BattleConfigurationTable
m_chances,24,20,6,6,16,9,
m_ids,fanatic_mashes_hard,fanatic_mashes_hard_champions,fanatic_mashes_hard_champions,fanatic_mashes_hard_champions,fanatic_mashes_hard_champions,fanatic_mashes_brutal_champions,
m_types,sub_table,sub_table,sub_table,sub_table,sub_table,sub_table,
m_tags,
m_conditions,,stagecoach_has_infernal_torch_5_equipped,biome_typical_equals_2+run_boss_is_arms,biome_typical_equals_2+run_boss_is_body,biome_typical_equal_or_greater_than_3+run_boss_is_not_brain+run_boss_is_not_lungs,biome_typical_equal_or_greater_than_3+stagecoach_has_infernal_torch_5_equipped,
element_end
element_start,fanatic_mashes_normal_kingdoms,BattleConfigurationTable
m_chances,10,5,2,5,0,
m_ids,fanatic_mashes_normal,fanatic_mashes_normal_champions,fanatic_mashes_normal_champions,fanatic_mashes_normal_champions,fanatic_mashes_normal_champions,
m_types,sub_table,sub_table,sub_table,sub_table,sub_table,
m_tags,,,,,KINGDOM_CHAMPS,
m_conditions,,stagecoach_has_infernal_torch_5_equipped,escalation_is_2,escalation_is_over_2,
element_end
element_start,fanatic_mashes_hard_kingdoms,BattleConfigurationTable
m_chances,24,20,6,16,9,
m_ids,fanatic_mashes_hard,fanatic_mashes_hard_champions,fanatic_mashes_hard_champions,fanatic_mashes_hard_champions,fanatic_mashes_brutal_champions,
m_types,sub_table,sub_table,sub_table,sub_table,sub_table,
m_tags,,KINGDOM_CHAMPS,KINGDOM_CHAMPS,KINGDOM_CHAMPS,KINGDOM_CHAMPS,
m_conditions,,stagecoach_has_infernal_torch_5_equipped,escalation_is_2,escalation_is_over_2,escalation_is_over_2+stagecoach_has_infernal_torch_5_equipped,
element_end
element_start,fanatic_mashes_normal,BattleConfigurationTable
m_chances,1,1,1,1,1,1,1,
m_ids,fanatic_mash_201,fanatic_mash_202,fanatic_mash_204,fanatic_mash_205,fanatic_mash_208,fanatic_mash_210,fanatic_mash_211,
m_types,battle_config,battle_config,battle_config,battle_config,battle_config,battle_config,battle_config,
m_tags,
m_conditions,
element_end
element_start,fanatic_mashes_normal_champions,BattleConfigurationTable
m_chances,1,1,1,1,1,1,1,1,
m_ids,fanatic_mash_201C,fanatic_mash_202C,fanatic_mash_202C_2,fanatic_mash_204C,fanatic_mash_204C_2,fanatic_mash_205C,fanatic_mash_208C_2,fanatic_mash_210C_2,
m_types,battle_config,battle_config,battle_config,battle_config,battle_config,battle_config,battle_config,battle_config,
m_tags,
m_conditions,
element_end
element_start,fanatic_mashes_hard,BattleConfigurationTable
m_chances,1,1,1,1,1,1,1,
m_ids,fanatic_mash_301,fanatic_mash_302,fanatic_mash_303,fanatic_mash_306,fanatic_mash_307,fanatic_mash_308,fanatic_mash_309,
m_types,battle_config,battle_config,battle_config,battle_config,battle_config,battle_config,battle_config,
m_tags,
m_conditions,
element_end
element_start,fanatic_mashes_hard_champions,BattleConfigurationTable
m_chances,2,3,2,2,3,3,2,2,2,3,
m_ids,fanatic_mash_301C,fanatic_mash_301C_2,fanatic_mash_302C,fanatic_mash_303C,fanatic_mash_303C_2,fanatic_mash_304C_2,fanatic_mash_307C,fanatic_mash_308C,fanatic_mash_309C,fanatic_mash_309C_2,
m_types,battle_config,battle_config,battle_config,battle_config,battle_config,battle_config,battle_config,battle_config,battle_config,battle_config,
m_tags,
m_conditions,
element_end
element_start,fanatic_mashes_brutal_champions,BattleConfigurationTable
m_chances,1,1,1,1,
m_ids,fanatic_mash_BC_01,fanatic_mash_BC_02,fanatic_mash_BC_03,fanatic_mash_BC_04,
m_types,battle_config,battle_config,battle_config,battle_config,
m_tags,
m_conditions,
element_end
element_start,biome_city_dungeon_starters,BattleConfigurationTable
m_chances,1,1,1,1,1,
m_ids,city_dungeon_1a,city_dungeon_1b,city_dungeon_1c,city_dungeon_1d,city_dungeon_1e,
m_types,battle_config,battle_config,battle_config,battle_config,battle_config,
m_tags,
m_conditions,
element_end
element_start,biome_city_dungeon_round2,BattleConfigurationTable
m_chances,1,1,
m_ids,biome_city_dungeon_round2_confessions,biome_city_dungeon_round2_kingdoms,
m_types,sub_table,sub_table,
m_tags,
m_conditions,is_confessions,is_kingdoms,
element_end
element_start,biome_city_dungeon_round2_confessions,BattleConfigurationTable
m_chances,3,2,2,
m_ids,biome_city_dungeon_round2_normal,biome_city_dungeon_round2_champions,biome_city_dungeon_round2_champions,
m_types,sub_table,sub_table,sub_table,
m_tags,
m_conditions,,stagecoach_has_infernal_torch_5_equipped,biome_typical_equal_or_greater_than_3+run_boss_is_not_brain+run_boss_is_not_lungs,
element_end
element_start,biome_city_dungeon_round2_kingdoms,BattleConfigurationTable
m_chances,3,2,
m_ids,biome_city_dungeon_round2_normal,biome_city_dungeon_round2_champions,
m_types,sub_table,sub_table,
m_tags,
m_conditions,,escalation_is_over_2,
element_end
element_start,biome_city_dungeon_round2_normal,BattleConfigurationTable
m_chances,1,1,1,1,1,1,
m_ids,city_dungeon_2a,city_dungeon_2b,city_dungeon_2c,city_dungeon_2d,city_dungeon_2e,city_dungeon_2f,
m_types,battle_config,battle_config,battle_config,battle_config,battle_config,battle_config,
m_tags,
m_conditions,
element_end
element_start,biome_city_dungeon_round2_champions,BattleConfigurationTable
m_chances,4,3,4,3,4,3,3,
m_ids,city_dungeon_2a_c,city_dungeon_2b_c2,city_dungeon_2c_c,city_dungeon_2d_c2,city_dungeon_2e_c,city_dungeon_2e_c2,city_dungeon_2f_c2,
m_types,battle_config,battle_config,battle_config,battle_config,battle_config,battle_config,battle_config,
m_tags,
m_conditions,
element_end
element_start,biome_city_dungeon_round3,BattleConfigurationTable
m_chances,7,6,1,2,
m_ids,city_dungeon_3_a,city_dungeon_3_b,city_dungeon_3_c,city_dungeon_3_d,
m_types,battle_config,battle_config,battle_config,battle_config,
m_tags,
m_conditions,
element_end
element_start,lost_battalion_mashes_normal_confessions,BattleConfigurationTable
m_chances,10,5,2,2,5,
m_ids,lost_battalion_mashes_normal,lost_battalion_mashes_normal_champions,lost_battalion_mashes_normal_champions,lost_battalion_mashes_normal_champions,lost_battalion_mashes_normal_champions,
m_types,sub_table,sub_table,sub_table,sub_table,sub_table,
m_tags,
m_conditions,,stagecoach_has_infernal_torch_5_equipped,biome_typical_equals_2+run_boss_is_arms,biome_typical_equals_2+run_boss_is_body,biome_typical_equal_or_greater_than_3+run_boss_is_not_brain+run_boss_is_not_lungs,
element_end
element_start,lost_battalion_mashes_hard_confessions,BattleConfigurationTable
m_chances,24,20,6,6,16,9,
m_ids,lost_battalion_mashes_hard,lost_battalion_mashes_hard_champions,lost_battalion_mashes_hard_champions,lost_battalion_mashes_hard_champions,lost_battalion_mashes_hard_champions,lost_battalion_mashes_brutal_champions,
m_types,sub_table,sub_table,sub_table,sub_table,sub_table,sub_table,
m_tags,
m_conditions,,stagecoach_has_infernal_torch_5_equipped,biome_typical_equals_2+run_boss_is_arms,biome_typical_equals_2+run_boss_is_body,biome_typical_equal_or_greater_than_3+run_boss_is_not_brain+run_boss_is_not_lungs,biome_typical_equal_or_greater_than_3+stagecoach_has_infernal_torch_5_equipped,
element_end
element_start,lost_battalion_mashes_normal_kingdoms,BattleConfigurationTable
m_chances,10,5,2,5,0,
m_ids,lost_battalion_mashes_normal,lost_battalion_mashes_normal_champions,lost_battalion_mashes_normal_champions,lost_battalion_mashes_normal_champions,lost_battalion_mashes_normal_champions,
m_types,sub_table,sub_table,sub_table,sub_table,sub_table,
m_tags,,,,,KINGDOM_CHAMPS,
m_conditions,,stagecoach_has_infernal_torch_5_equipped,escalation_is_2,escalation_is_over_2,
element_end
element_start,lost_battalion_mashes_hard_kingdoms,BattleConfigurationTable
m_chances,24,20,6,16,9,
m_ids,lost_battalion_mashes_hard,lost_battalion_mashes_hard_champions,lost_battalion_mashes_hard_champions,lost_battalion_mashes_hard_champions,lost_battalion_mashes_brutal_champions,
m_types,sub_table,sub_table,sub_table,sub_table,sub_table,
m_tags,,KINGDOM_CHAMPS,KINGDOM_CHAMPS,KINGDOM_CHAMPS,KINGDOM_CHAMPS,
m_conditions,,stagecoach_has_infernal_torch_5_equipped,escalation_is_2,escalation_is_over_2,escalation_is_over_2+stagecoach_has_infernal_torch_5_equipped,
element_end
element_start,lost_battalion_mashes_normal,BattleConfigurationTable
m_chances,1,1,1,1,1,1,1,1,1,1,1,1,1,1,1,1,1,1,1,
m_ids,lost_battalion_mash_201,lost_battalion_mash_202,lost_battalion_mash_203,lost_battalion_mash_204,lost_battalion_mash_205,lost_battalion_mash_206,lost_battalion_mash_207,lost_battalion_mash_208,lost_battalion_mash_209,lost_battalion_mash_210,lost_battalion_mash_211,lost_battalion_mash_212,lost_battalion_mash_213,lost_battalion_mash_214,lost_battalion_mash_215,lost_battalion_mash_216,lost_battalion_mash_217,lost_battalion_mash_218,lost_battalion_mash_219,
m_types,battle_config,battle_config,battle_config,battle_config,battle_config,battle_config,battle_config,battle_config,battle_config,battle_config,battle_config,battle_config,battle_config,battle_config,battle_config,battle_config,battle_config,battle_config,battle_config,
m_tags,
m_conditions,
element_end
element_start,lost_battalion_mashes_normal_champions,BattleConfigurationTable
m_chances,1,1,8,1,1,1,1,1,1,1,1,1,1,
m_ids,lost_battalion_mash_203C,lost_battalion_mash_204C,lost_battalion_mash_205C_2,lost_battalion_mash_207C,lost_battalion_mash_209C,lost_battalion_mash_211C,lost_battalion_mash_213C,lost_battalion_mash_214C,lost_battalion_mash_215C,lost_battalion_mash_216C,lost_battalion_mash_217C,lost_battalion_mash_218C,lost_battalion_mash_219C,
m_types,battle_config,battle_config,battle_config,battle_config,battle_config,battle_config,battle_config,battle_config,battle_config,battle_config,battle_config,battle_config,battle_config,
m_tags,
m_conditions,
element_end
element_start,lost_battalion_mashes_hard,BattleConfigurationTable
m_chances,1,1,1,1,1,1,1,1,1,1,1,1,1,1,1,1,1,1,1,1,1,
m_ids,lost_battalion_mash_301,lost_battalion_mash_302,lost_battalion_mash_303,lost_battalion_mash_304,lost_battalion_mash_305,lost_battalion_mash_306,lost_battalion_mash_307,lost_battalion_mash_308,lost_battalion_mash_309,lost_battalion_mash_310,lost_battalion_mash_311,lost_battalion_mash_312,lost_battalion_mash_313,lost_battalion_mash_314,lost_battalion_mash_315,lost_battalion_mash_316,lost_battalion_mash_317,lost_battalion_mash_318,lost_battalion_mash_319,lost_battalion_mash_320,lost_battalion_mash_321,
m_types,battle_config,battle_config,battle_config,battle_config,battle_config,battle_config,battle_config,battle_config,battle_config,battle_config,battle_config,battle_config,battle_config,battle_config,battle_config,battle_config,battle_config,battle_config,battle_config,battle_config,battle_config,
m_tags,
m_conditions,
element_end
element_start,lost_battalion_mashes_hard_champions,BattleConfigurationTable
m_chances,11,11,12,12,11,12,12,11,12,11,12,11,12,12,12,12,12,11,11,11,11,11,11,
m_ids,lost_battalion_mash_302C,lost_battalion_mash_303C,lost_battalion_mash_303C_2,lost_battalion_mash_304C_2,lost_battalion_mash_305C,lost_battalion_mash_306C_2,lost_battalion_mash_307C_2,lost_battalion_mash_308C,lost_battalion_mash_308C_2,lost_battalion_mash_309C,lost_battalion_mash_309C_2,lost_battalion_mash_310C,lost_battalion_mash_310C_2,lost_battalion_mash_312C_2,lost_battalion_mash_313C_2,lost_battalion_mash_314C_2,lost_battalion_mash_315C_2,lost_battalion_mash_316C,lost_battalion_mash_317C,lost_battalion_mash_318C,lost_battalion_mash_319C,lost_battalion_mash_320C,lost_battalion_mash_321C,
m_types,battle_config,battle_config,battle_config,battle_config,battle_config,battle_config,battle_config,battle_config,battle_config,battle_config,battle_config,battle_config,battle_config,battle_config,battle_config,battle_config,battle_config,battle_config,battle_config,battle_config,battle_config,battle_config,battle_config,
m_tags,
m_conditions,
element_end
element_start,lost_battalion_mashes_brutal_champions,BattleConfigurationTable
m_chances,1,1,1,1,
m_ids,lost_battalion_mash_BC_01,lost_battalion_mash_BC_02,lost_battalion_mash_BC_03,lost_battalion_mash_BC_04,
m_types,battle_config,battle_config,battle_config,battle_config,
m_tags,
m_conditions,
element_end
element_start,biome_forest_dungeon_starters,BattleConfigurationTable
m_chances,1,1,1,1,1,
m_ids,forest_dungeon_1a,forest_dungeon_1b,forest_dungeon_1c,forest_dungeon_1d,forest_dungeon_1e,
m_types,battle_config,battle_config,battle_config,battle_config,battle_config,
m_tags,
m_conditions,
element_end
element_start,biome_forest_dungeon_round2,BattleConfigurationTable
m_chances,1,1,
m_ids,biome_forest_dungeon_round2_confessions,biome_forest_dungeon_round2_kingdoms,
m_types,sub_table,sub_table,
m_tags,
m_conditions,is_confessions,is_kingdoms,
element_end
element_start,biome_forest_dungeon_round2_confessions,BattleConfigurationTable
m_chances,3,2,2,
m_ids,biome_forest_dungeon_round2_normal,biome_forest_dungeon_round2_champions,biome_forest_dungeon_round2_champions,
m_types,sub_table,sub_table,sub_table,
m_tags,
m_conditions,,stagecoach_has_infernal_torch_5_equipped,biome_typical_equal_or_greater_than_3+run_boss_is_not_brain+run_boss_is_not_lungs,
element_end
element_start,biome_forest_dungeon_round2_kingdoms,BattleConfigurationTable
m_chances,3,2,
m_ids,biome_forest_dungeon_round2_normal,biome_forest_dungeon_round2_champions,
m_types,sub_table,sub_table,
m_tags,
m_conditions,,escalation_is_over_2,
element_end
element_start,biome_forest_dungeon_starters,BattleConfigurationTable
m_chances,1,1,1,1,1,
m_ids,forest_dungeon_1a,forest_dungeon_1b,forest_dungeon_1c,forest_dungeon_1d,forest_dungeon_1e,
m_types,battle_config,battle_config,battle_config,battle_config,battle_config,
m_tags,
m_conditions,
element_end
element_start,biome_forest_dungeon_round2_normal,BattleConfigurationTable
m_chances,1,1,1,1,1,1,1,
m_ids,forest_dungeon_2a,forest_dungeon_2b,forest_dungeon_2c,forest_dungeon_2d,forest_dungeon_2e,forest_dungeon_2f,forest_dungeon_2g,
m_types,battle_config,battle_config,battle_config,battle_config,battle_config,battle_config,battle_config,
m_tags,
m_conditions,
element_end
element_start,biome_forest_dungeon_round2_champions,BattleConfigurationTable
m_chances,3,3,4,4,4,3,3,
m_ids,forest_dungeon_2a_c2,forest_dungeon_2b_c2,forest_dungeon_2e_c,forest_dungeon_2f_c,forest_dungeon_2f_c1,forest_dungeon_2f_c2,forest_dungeon_2g_c2,
m_types,battle_config,battle_config,battle_config,battle_config,battle_config,battle_config,battle_config,
m_tags,
m_conditions,
element_end
element_start,coastal_mashes_normal_confessions,BattleConfigurationTable
m_chances,10,5,2,2,5,
m_ids,coastal_mashes_normal,coastal_mashes_normal_champions,coastal_mashes_normal_champions,coastal_mashes_normal_champions,coastal_mashes_normal_champions,
m_types,sub_table,sub_table,sub_table,sub_table,sub_table,
m_tags,
m_conditions,,stagecoach_has_infernal_torch_5_equipped,biome_typical_equals_2+run_boss_is_arms,biome_typical_equals_2+run_boss_is_body,biome_typical_equal_or_greater_than_3+run_boss_is_not_brain+run_boss_is_not_lungs,
element_end
element_start,coastal_mashes_hard_confessions,BattleConfigurationTable
m_chances,24,20,6,6,16,9,
m_ids,coastal_mashes_hard,coastal_mashes_hard_champions,coastal_mashes_hard_champions,coastal_mashes_hard_champions,coastal_mashes_hard_champions,coastal_mashes_brutal_champions,
m_types,sub_table,sub_table,sub_table,sub_table,sub_table,sub_table,
m_tags,
m_conditions,,stagecoach_has_infernal_torch_5_equipped,biome_typical_equals_2+run_boss_is_arms,biome_typical_equals_2+run_boss_is_body,biome_typical_equal_or_greater_than_3+run_boss_is_not_brain+run_boss_is_not_lungs,biome_typical_equal_or_greater_than_3+stagecoach_has_infernal_torch_5_equipped,
element_end
element_start,coastal_mashes_normal_kingdoms,BattleConfigurationTable
m_chances,10,5,2,5,0,
m_ids,coastal_mashes_normal,coastal_mashes_normal_champions,coastal_mashes_normal_champions,coastal_mashes_normal_champions,coastal_mashes_normal_champions,
m_types,sub_table,sub_table,sub_table,sub_table,sub_table,
m_tags,,,,,KINGDOM_CHAMPS,
m_conditions,,stagecoach_has_infernal_torch_5_equipped,escalation_is_2,escalation_is_over_2,
element_end
element_start,coastal_mashes_hard_kingdoms,BattleConfigurationTable
m_chances,24,20,6,16,9,
m_ids,coastal_mashes_hard,coastal_mashes_hard_champions,coastal_mashes_hard_champions,coastal_mashes_hard_champions,coastal_mashes_brutal_champions,
m_types,sub_table,sub_table,sub_table,sub_table,sub_table,
m_tags,,KINGDOM_CHAMPS,KINGDOM_CHAMPS,KINGDOM_CHAMPS,KINGDOM_CHAMPS,
m_conditions,,stagecoach_has_infernal_torch_5_equipped,escalation_is_2,escalation_is_over_2,escalation_is_over_2+stagecoach_has_infernal_torch_5_equipped,
element_end
element_start,coastal_mashes_normal,BattleConfigurationTable
m_chances,1,1,1,1,1,1,1,1,1,1,1,1,
m_ids,coastal_mash_201,coastal_mash_202,coastal_mash_203,coastal_mash_204,coastal_mash_206,coastal_mash_207,coastal_mash_208,coastal_mash_209,coastal_mash_210,coastal_mash_211,coastal_mash_212,coastal_mash_215,
m_types,battle_config,battle_config,battle_config,battle_config,battle_config,battle_config,battle_config,battle_config,battle_config,battle_config,battle_config,battle_config,
m_tags,
m_conditions,
element_end
element_start,coastal_mashes_normal_champions,BattleConfigurationTable
m_chances,1,1,1,1,3,1,1,3,
m_ids,coastal_mash_201C,coastal_mash_202C,coastal_mash_203C,coastal_mash_207C,coastal_mash_209C_2,coastal_mash_210C,coastal_mash_212C,coastal_mash_215C_2,
m_types,battle_config,battle_config,battle_config,battle_config,battle_config,battle_config,battle_config,battle_config,
m_tags,
m_conditions,
element_end
element_start,coastal_mashes_hard,BattleConfigurationTable
m_chances,1,1,1,1,1,1,1,1,1,1,1,1,
m_ids,coastal_mash_301,coastal_mash_302,coastal_mash_303,coastal_mash_304,coastal_mash_305,coastal_mash_306,coastal_mash_307,coastal_mash_308,coastal_mash_309,coastal_mash_310,coastal_mash_311,coastal_mash_312,
m_types,battle_config,battle_config,battle_config,battle_config,battle_config,battle_config,battle_config,battle_config,battle_config,battle_config,battle_config,battle_config,
m_tags,
m_conditions,
element_end
element_start,coastal_mashes_hard_champions,BattleConfigurationTable
m_chances,6,5,5,5,6,5,6,5,6,5,6,
m_ids,coastal_mash_301C_2,coastal_mash_306C,coastal_mash_307C,coastal_mash_308C,coastal_mash_308C_2,coastal_mash_309C,coastal_mash_309C_2,coastal_mash_310C,coastal_mash_311C_2,coastal_mash_312C,coastal_mash_312C_2,
m_types,battle_config,battle_config,battle_config,battle_config,battle_config,battle_config,battle_config,battle_config,battle_config,battle_config,battle_config,
m_tags,
m_conditions,
element_end
element_start,coastal_mashes_brutal_champions,BattleConfigurationTable
m_chances,1,1,1,1,
m_ids,coastal_mash_BC_01,coastal_mash_BC_02,coastal_mash_BC_03,coastal_mash_BC_04,
m_types,battle_config,battle_config,battle_config,battle_config,
m_tags,
m_conditions,
element_end
element_start,biome_coast_dungeon_starters,BattleConfigurationTable
m_chances,1,1,1,1,1,1,
m_ids,coast_dungeon_1b,coast_dungeon_1c,coast_dungeon_1d,coast_dungeon_1e,coast_dungeon_1f,coast_dungeon_1g,
m_types,battle_config,battle_config,battle_config,battle_config,battle_config,battle_config,
m_tags,
m_conditions,
element_end
element_start,biome_coast_dungeon_round2,BattleConfigurationTable
m_chances,1,1,
m_ids,biome_coast_dungeon_round2_confessions,biome_coast_dungeon_round2_kingdoms,
m_types,sub_table,sub_table,
m_tags,
m_conditions,is_confessions,is_kingdoms,
element_end
element_start,biome_coast_dungeon_round2_confessions,BattleConfigurationTable
m_chances,3,2,2,
m_ids,biome_coast_dungeon_round2_normal,biome_coast_dungeon_round2_champions,biome_coast_dungeon_round2_champions,
m_types,sub_table,sub_table,sub_table,
m_tags,
m_conditions,,stagecoach_has_infernal_torch_5_equipped,biome_typical_equal_or_greater_than_3+run_boss_is_not_brain+run_boss_is_not_lungs,
element_end
element_start,biome_coast_dungeon_round2_kingdoms,BattleConfigurationTable
m_chances,3,2,
m_ids,biome_coast_dungeon_round2_normal,biome_coast_dungeon_round2_champions,
m_types,sub_table,sub_table,
m_tags,
m_conditions,,escalation_is_over_2,
element_end
element_start,biome_coast_dungeon_round2_normal,BattleConfigurationTable
m_chances,1,1,1,1,1,1,1,1,
m_ids,coast_dungeon_2a,coast_dungeon_2b,coast_dungeon_2c,coast_dungeon_2d,coast_dungeon_2e,coast_dungeon_2f,coast_dungeon_2g,coast_dungeon_2h,
m_types,battle_config,battle_config,battle_config,battle_config,battle_config,battle_config,battle_config,battle_config,
m_tags,
m_conditions,
element_end
element_start,biome_coast_dungeon_round2_champions,BattleConfigurationTable
m_chances,4,3,3,4,3,4,3,
m_ids,coast_dungeon_2a_c2,coast_dungeon_2d_c,coast_dungeon_2e_c,coast_dungeon_2e_c2,coast_dungeon_2f_c,coast_dungeon_2f_c2,coast_dungeon_2g_c,
m_types,battle_config,battle_config,battle_config,battle_config,battle_config,battle_config,battle_config,
m_tags,
m_conditions,
element_end
element_start,swine_mashes_road_confessions,BattleConfigurationTable
m_chances,9,10,1,1,1,
m_ids,swine_mashes_normal_confessions,swine_mashes_hard_confessions,shambler_mash,collector_mash_underground_confessions,collector_mash_underground_confessions,
m_types,sub_table,sub_table,sub_table,sub_table,sub_table,
m_tags,,,wandering,wandering,wandering,
m_conditions,,biome_typical_equal_or_greater_than_2,shambler_torch_threshold_cave+biome_typical_equal_or_greater_than_2,heroes_have_trophy_equipped,heroes_have_trophy_equipped+stagecoach_has_collectors_chandelier_equipped,
element_end
element_start,swine_mashes_resist_confessions,BattleConfigurationTable
m_chances,1,3,
m_ids,swine_mashes_normal_confessions,swine_mashes_hard_confessions,
m_types,sub_table,sub_table,
m_tags,
m_conditions,,biome_typical_equal_or_greater_than_2,
element_end
element_start,swine_mashes_normal_confessions,BattleConfigurationTable
m_chances,10,5,2,2,5,
m_ids,swine_mashes_normal,swine_mashes_normal_champions,swine_mashes_normal_champions,swine_mashes_normal_champions,swine_mashes_normal_champions,
m_types,sub_table,sub_table,sub_table,sub_table,sub_table,
m_tags,
m_conditions,,stagecoach_has_infernal_torch_5_equipped,biome_typical_equals_1+run_boss_is_arms,biome_typical_equals_1+run_boss_is_body,biome_typical_equal_or_greater_than_2+run_boss_is_not_brain+run_boss_is_not_lungs,
element_end
element_start,swine_mashes_hard_confessions,BattleConfigurationTable
m_chances,24,20,6,6,16,9,
m_ids,swine_mashes_hard,swine_mashes_hard_champions,swine_mashes_hard_champions,swine_mashes_hard_champions,swine_mashes_hard_champions,swine_mashes_brutal_champions,
m_types,sub_table,sub_table,sub_table,sub_table,sub_table,sub_table,
m_tags,
m_conditions,,stagecoach_has_infernal_torch_5_equipped,biome_typical_equals_1+run_boss_is_arms,biome_typical_equals_1+run_boss_is_body,biome_typical_equal_or_greater_than_2+run_boss_is_not_brain+run_boss_is_not_lungs,stagecoach_has_infernal_torch_5_equipped+biome_typical_equal_or_greater_than_2,
element_end
element_start,swine_mashes_road_kingdoms,BattleConfigurationTable
m_chances,9,10,1,1,1,
m_ids,swine_mashes_normal_kingdoms,swine_mashes_hard_kingdoms,shambler_mash,collector_mash_underground_kingdoms,collector_mash_underground_kingdoms,
m_types,sub_table,sub_table,sub_table,sub_table,sub_table,
m_tags,,,wandering,wandering,wandering,
m_conditions,,escalation_is_over_1,shambler_torch_threshold_cave+escalation_is_over_1,heroes_have_trophy_equipped,heroes_have_trophy_equipped+stagecoach_has_collectors_chandelier_equipped,
element_end
element_start,swine_mashes_resist_kingdoms,BattleConfigurationTable
m_chances,1,3,
m_ids,swine_mashes_normal_kingdoms,swine_mashes_hard_kingdoms,
m_types,sub_table,sub_table,
m_tags,
m_conditions,,escalation_is_over_1,
element_end
element_start,swine_mashes_normal_kingdoms,BattleConfigurationTable
m_chances,10,5,2,5,
m_ids,swine_mashes_normal,swine_mashes_normal_champions,swine_mashes_normal_champions,swine_mashes_normal_champions,
m_types,sub_table,sub_table,sub_table,sub_table,
m_tags,
m_conditions,,stagecoach_has_infernal_torch_5_equipped,escalation_is_1,escalation_is_over_1,
element_end
element_start,swine_mashes_hard_kingdoms,BattleConfigurationTable
m_chances,24,20,6,16,9,
m_ids,swine_mashes_hard,swine_mashes_hard_champions,swine_mashes_hard_champions,swine_mashes_hard_champions,swine_mashes_brutal_champions,
m_types,sub_table,sub_table,sub_table,sub_table,sub_table,
m_tags,
m_conditions,,stagecoach_has_infernal_torch_5_equipped,escalation_is_1,escalation_is_over_1,escalation_is_over_1+stagecoach_has_infernal_torch_5_equipped,
element_end
element_start,swine_mashes_normal,BattleConfigurationTable
m_chances,7,7,7,5,5,7,7,5,7,7,5,7,7,7,7,
m_ids,swine_mash_201,swine_mash_202,swine_mash_203,swine_mash_204,swine_mash_205,swine_mash_206,swine_mash_207,swine_mash_208,swine_mash_209,swine_mash_210,swine_mash_211,swine_mash_212,swine_mash_213,swine_mash_214,swine_mash_215,
m_types,battle_config,battle_config,battle_config,battle_config,battle_config,battle_config,battle_config,battle_config,battle_config,battle_config,battle_config,battle_config,battle_config,battle_config,battle_config,
m_tags,
m_conditions,
element_end
element_start,swine_mashes_normal_champions,BattleConfigurationTable
m_chances,4,4,5,5,4,5,5,4,4,
m_ids,swine_mash_202C,swine_mash_204C,swine_mash_204C_2,swine_mash_205C_2,swine_mash_206C,swine_mash_208C_2,swine_mash_211C_2,swine_mash_212C,swine_mash_215C,
m_types,battle_config,battle_config,battle_config,battle_config,battle_config,battle_config,battle_config,battle_config,battle_config,
m_tags,
m_conditions,
element_end
element_start,swine_mashes_hard,BattleConfigurationTable
m_chances,2,1,2,1,1,1,1,2,1,2,1,1,2,2,1,1,1,2,1,1,
m_ids,swine_mash_301,swine_mash_302,swine_mash_303,swine_mash_304,swine_mash_305,swine_mash_306,swine_mash_307,swine_mash_308,swine_mash_309,swine_mash_310,swine_mash_311,swine_mash_312,swine_mash_313,swine_mash_314,swine_mash_315,swine_mash_316,swine_mash_317,swine_mash_318,swine_mash_319,swine_mash_320,
m_types,battle_config,battle_config,battle_config,battle_config,battle_config,battle_config,battle_config,battle_config,battle_config,battle_config,battle_config,battle_config,battle_config,battle_config,battle_config,battle_config,battle_config,battle_config,battle_config,battle_config,
m_tags,
m_conditions,
element_end
element_start,swine_mashes_hard_champions,BattleConfigurationTable
m_chances,3,3,2,2,2,3,2,2,3,2,2,2,3,2,2,3,2,3,3,2,
m_ids,swine_mash_202C,swine_mash_301C,swine_mash_302C_2,swine_mash_304C_2,swine_mash_305C_2,swine_mash_306C,swine_mash_306C_2,swine_mash_307C_2,swine_mash_308C,swine_mash_309C_2,swine_mash_311C_2,swine_mash_312C_2,swine_mash_313C,swine_mash_315C_2,swine_mash_316C_2,swine_mash_317C,swine_mash_317C_2,swine_mash_318C,swine_mash_320C,swine_mash_320C_2,
m_types,battle_config,battle_config,battle_config,battle_config,battle_config,battle_config,battle_config,battle_config,battle_config,battle_config,battle_config,battle_config,battle_config,battle_config,battle_config,battle_config,battle_config,battle_config,battle_config,battle_config,
m_tags,
m_conditions,
element_end
element_start,swine_mashes_brutal_champions,BattleConfigurationTable
m_chances,1,1,1,
m_ids,swine_mash_BC_01,swine_mash_BC_02,swine_mash_BC_03,
m_types,battle_config,battle_config,battle_config,
m_tags,
m_conditions,
element_end
element_start,swine_mashes_hazard_confessions,BattleConfigurationTable
m_chances,5,5,5,2,2,2,2,3,3,3,2,2,2,2,
m_ids,swine_hazard_mash_301,swine_hazard_mash_302,swine_hazard_mash_303,swine_hazard_mash_304,swine_hazard_mash_305,swine_hazard_mash_306,swine_hazard_mash_307,swine_hazard_mash_301C,swine_hazard_mash_302C,swine_hazard_mash_303C,swine_hazard_mash_304C_2,swine_hazard_mash_305C_2,swine_hazard_mash_306C,swine_hazard_mash_307C,
m_types,battle_config,battle_config,battle_config,battle_config,battle_config,battle_config,battle_config,battle_config,battle_config,battle_config,battle_config,battle_config,battle_config,battle_config,
m_tags,
m_conditions,,,,,,,,biome_typical_equal_or_greater_than_2,biome_typical_equal_or_greater_than_2,biome_typical_equal_or_greater_than_2,biome_typical_equal_or_greater_than_2,biome_typical_equal_or_greater_than_2,biome_typical_equal_or_greater_than_2,biome_typical_equal_or_greater_than_2,
element_end
element_start,swine_mashes_rough_patch_confessions,BattleConfigurationTable
m_chances,5,5,5,2,2,2,2,3,3,3,2,2,2,2,
m_ids,swine_rough_patch_mash_301,swine_rough_patch_mash_302,swine_rough_patch_mash_303,swine_rough_patch_mash_304,swine_rough_patch_mash_305,swine_rough_patch_mash_306,swine_rough_patch_mash_307,swine_rough_patch_mash_301C,swine_rough_patch_mash_302C,swine_rough_patch_mash_303C,swine_rough_patch_mash_304C_2,swine_rough_patch_mash_305C_2,swine_rough_patch_mash_306C,swine_rough_patch_mash_307C,
m_types,battle_config,battle_config,battle_config,battle_config,battle_config,battle_config,battle_config,battle_config,battle_config,battle_config,battle_config,battle_config,battle_config,battle_config,
m_tags,
m_conditions,,,,,,,,biome_typical_equal_or_greater_than_2,biome_typical_equal_or_greater_than_2,biome_typical_equal_or_greater_than_2,biome_typical_equal_or_greater_than_2,biome_typical_equal_or_greater_than_2,biome_typical_equal_or_greater_than_2,biome_typical_equal_or_greater_than_2,
element_end
element_start,swine_mashes_hazard_kingdoms,BattleConfigurationTable
m_chances,5,5,5,2,2,2,2,3,3,3,2,2,2,2,
m_ids,swine_hazard_mash_301,swine_hazard_mash_302,swine_hazard_mash_303,swine_hazard_mash_304,swine_hazard_mash_305,swine_hazard_mash_306,swine_hazard_mash_307,swine_hazard_mash_301C,swine_hazard_mash_302C,swine_hazard_mash_303C,swine_hazard_mash_304C_2,swine_hazard_mash_305C_2,swine_hazard_mash_306C,swine_hazard_mash_307C,
m_types,battle_config,battle_config,battle_config,battle_config,battle_config,battle_config,battle_config,battle_config,battle_config,battle_config,battle_config,battle_config,battle_config,battle_config,
m_tags,
m_conditions,,,,,,,,escalation_is_over_1,escalation_is_over_1,escalation_is_over_1,escalation_is_over_1,escalation_is_over_1,escalation_is_over_1,escalation_is_over_1,
element_end
element_start,swine_mashes_rough_patch_kingdoms,BattleConfigurationTable
m_chances,5,5,5,2,2,2,2,3,3,3,2,2,2,2,
m_ids,swine_rough_patch_mash_301,swine_rough_patch_mash_302,swine_rough_patch_mash_303,swine_rough_patch_mash_304,swine_rough_patch_mash_305,swine_rough_patch_mash_306,swine_rough_patch_mash_307,swine_rough_patch_mash_301C,swine_rough_patch_mash_302C,swine_rough_patch_mash_303C,swine_rough_patch_mash_304C_2,swine_rough_patch_mash_305C_2,swine_rough_patch_mash_306C,swine_rough_patch_mash_307C,
m_types,battle_config,battle_config,battle_config,battle_config,battle_config,battle_config,battle_config,battle_config,battle_config,battle_config,battle_config,battle_config,battle_config,battle_config,
m_tags,
m_conditions,,,,,,,,escalation_is_over_1,escalation_is_over_1,escalation_is_over_1,escalation_is_over_1,escalation_is_over_1,escalation_is_over_1,escalation_is_over_1,
element_end
element_start,gaunt_mashes_road_confessions,BattleConfigurationTable
m_chances,1,1,
m_ids,gaunt_mashes_road_confessions_reg,gaunt_mashes_road_confessions_patients,
m_types,sub_table,sub_table,
m_tags,
m_conditions,not_killed_chirurgeon_biomestatus,has_killed_chirurgeon_biomestatus,
element_end
element_start,gaunt_mashes_road_confessions_reg,BattleConfigurationTable
m_chances,0,0,0,6,6,6,6,6,6,6,6,6,6,2,2,2,2,2,2,2,2,4,4,4,
m_ids,gaunt_mash_1,gaunt_mash_2,gaunt_mash_3,gaunt_mash_4,gaunt_mash_5,gaunt_mash_6,gaunt_mash_7,gaunt_mash_8,gaunt_mash_9,gaunt_mash_10,gaunt_mash_11,gaunt_mash_12,gaunt_mash_13,gaunt_ghoul_normal_1,gaunt_ghoul_normal_2,gaunt_ghoul_normal_3,gaunt_ghoul_hard_1,gaunt_ghoul_hard_2,gaunt_ghoul_hard_3,gaunt_ghoul_hard_4,gaunt_ghoul_hard_5,shambler_mash,collector_mash_regions_confessions,collector_mash_regions_confessions,
m_types,battle_config,battle_config,battle_config,battle_config,battle_config,battle_config,battle_config,battle_config,battle_config,battle_config,battle_config,battle_config,battle_config,battle_config,battle_config,battle_config,battle_config,battle_config,battle_config,battle_config,battle_config,sub_table,sub_table,sub_table,
m_tags,,,,,,,,,,,,,,,,,,,,,,wandering,wandering,wandering,
m_conditions,,,,,,,,,,,,,,biome_typical_equal_or_greater_than_2,biome_typical_equal_or_greater_than_2,biome_typical_equal_or_greater_than_2,biome_typical_equal_or_greater_than_2,biome_typical_equal_or_greater_than_2,biome_typical_equal_or_greater_than_2,biome_typical_equal_or_greater_than_2,biome_typical_equal_or_greater_than_2,biome_typical_equal_or_greater_than_2+shambler_torch_threshold,heroes_have_trophy_equipped,heroes_have_trophy_equipped+stagecoach_has_collectors_chandelier_equipped,
element_end
element_start,gaunt_mashes_road_confessions_patients,BattleConfigurationTable
m_chances,6,6,6,6,6,6,6,6,6,2,2,2,4,4,4,
m_ids,patient_mash_1,patient_mash_2,patient_mash_3,patient_mash_4,patient_mash_5,patient_mash_6,patient_mash_7,patient_mash_8,patient_mash_9,patient_mash_10,patient_mash_11,gaunt_ghoul_hard_5,shambler_mash,collector_mash_regions_confessions,collector_mash_regions_confessions,
m_types,battle_config,battle_config,battle_config,battle_config,battle_config,battle_config,battle_config,battle_config,battle_config,battle_config,battle_config,battle_config,sub_table,sub_table,sub_table,
m_tags,,,,,,,,,,,,,wandering,wandering,wandering,
m_conditions,,,,,,,,,,biome_typical_equal_or_greater_than_2,biome_typical_equal_or_greater_than_2,biome_typical_equal_or_greater_than_2,biome_typical_equal_or_greater_than_2+shambler_torch_threshold,heroes_have_trophy_equipped,heroes_have_trophy_equipped+stagecoach_has_collectors_chandelier_equipped,
element_end
element_start,gaunt_mashes_road_kingdoms,BattleConfigurationTable
m_chances,1,1,
m_ids,gaunt_mashes_road_kingdoms_reg,gaunt_mashes_road_kingdoms_patients,
m_types,sub_table,sub_table,
m_tags,
m_conditions,not_killed_chirurgeon_biomestatus,has_killed_chirurgeon_biomestatus,
element_end
element_start,gaunt_mashes_road_kingdoms_reg,BattleConfigurationTable
m_chances,6,6,6,6,6,6,6,6,6,6,2,2,2,2,2,2,2,2,4,4,4,
m_ids,gaunt_mash_4,gaunt_mash_5,gaunt_mash_6,gaunt_mash_7,gaunt_mash_8,gaunt_mash_9,gaunt_mash_10,gaunt_mash_11,gaunt_mash_12,gaunt_mash_13,gaunt_ghoul_normal_1,gaunt_ghoul_normal_2,gaunt_ghoul_normal_3,gaunt_ghoul_hard_1,gaunt_ghoul_hard_2,gaunt_ghoul_hard_3,gaunt_ghoul_hard_4,gaunt_ghoul_hard_5,shambler_mash,collector_mash_escalation_kingdoms,collector_mash_escalation_kingdoms,
m_types,battle_config,battle_config,battle_config,battle_config,battle_config,battle_config,battle_config,battle_config,battle_config,battle_config,battle_config,battle_config,battle_config,battle_config,battle_config,battle_config,battle_config,battle_config,sub_table,sub_table,sub_table,
m_tags,,,,,,,,,,,,,,,,,,,wandering,wandering,wandering,
m_conditions,,,,,,,,,,,escalation_is_over_1,escalation_is_over_1,escalation_is_over_1,escalation_is_over_1,escalation_is_over_1,escalation_is_over_1,escalation_is_over_1,escalation_is_over_1,escalation_is_over_1+shambler_torch_threshold,heroes_have_trophy_equipped,heroes_have_trophy_equipped+stagecoach_has_collectors_chandelier_equipped,
element_end
element_start,gaunt_mashes_road_kingdoms_patients,BattleConfigurationTable
m_chances,6,6,6,6,6,6,6,6,6,2,2,2,4,4,4,
m_ids,patient_mash_1,patient_mash_2,patient_mash_3,patient_mash_4,patient_mash_5,patient_mash_6,patient_mash_7,patient_mash_8,patient_mash_9,patient_mash_10,patient_mash_11,gaunt_ghoul_hard_5,shambler_mash,collector_mash_escalation_kingdoms,collector_mash_escalation_kingdoms,
m_types,battle_config,battle_config,battle_config,battle_config,battle_config,battle_config,battle_config,battle_config,battle_config,battle_config,battle_config,battle_config,sub_table,sub_table,sub_table,
m_tags,,,,,,,,,,,,,wandering,wandering,wandering,
m_conditions,,,,,,,,,,escalation_is_over_1,escalation_is_over_1,escalation_is_over_1,escalation_is_over_1+shambler_torch_threshold,heroes_have_trophy_equipped,heroes_have_trophy_equipped+stagecoach_has_collectors_chandelier_equipped,
element_end
element_start,gaunt_mashes_hazard_confessions,BattleConfigurationTable
m_chances,2,2,2,1,
m_ids,gaunts_hazard_1,gaunts_hazard_2,gaunts_hazard_3,gaunts_hazard_4gg,
m_types,battle_config,battle_config,battle_config,battle_config,
m_tags,
m_conditions,,,,run_boss_is_not_brain,
element_end
element_start,gaunt_mashes_hazard_kingdoms,BattleConfigurationTable
m_chances,2,2,2,1,
m_ids,gaunts_hazard_1,gaunts_hazard_2,gaunts_hazard_3,gaunts_hazard_4gg,
m_types,battle_config,battle_config,battle_config,battle_config,
m_tags,
m_conditions,
element_end
element_start,gaunt_mashes_rough_patch_confessions,BattleConfigurationTable
m_chances,2,2,2,1,
m_ids,gaunts_rough_patch_1,gaunts_rough_patch_2,gaunts_rough_patch_3,gaunts_rough_patch_4gg,
m_types,battle_config,battle_config,battle_config,battle_config,
m_tags,
m_conditions,,,,run_boss_is_not_brain,
element_end
element_start,gaunt_mashes_rough_patch_kingdoms,BattleConfigurationTable
m_chances,2,2,2,1,
m_ids,gaunts_rough_patch_1,gaunts_rough_patch_2,gaunts_rough_patch_3,gaunts_rough_patch_4gg,
m_types,battle_config,battle_config,battle_config,battle_config,
m_tags,
m_conditions,
element_end
element_start,pillager_mashes_road_confessions,BattleConfigurationTable
m_chances,19,19,19,1,1,1,
m_ids,pillager_mashes_road_region_1_confessions,pillager_mashes_road_region_2_confessions,pillager_mashes_road_region_3_confessions,shambler_mash,collector_mash_regions_confessions,collector_mash_regions_confessions,
m_types,sub_table,sub_table,sub_table,sub_table,sub_table,sub_table,
m_tags,,,,wandering,wandering,wandering,
m_conditions,biome_typical_equals_1,biome_typical_equals_2,biome_typical_equal_or_greater_than_3,shambler_torch_threshold+biome_typical_equal_or_greater_than_2,heroes_have_trophy_equipped,heroes_have_trophy_equipped+stagecoach_has_collectors_chandelier_equipped,
element_end
element_start,pillager_mashes_road_kingdoms,BattleConfigurationTable
m_chances,19,19,19,1,1,1,
m_ids,pillager_mashes_road_escalation_1_kingdoms,pillager_mashes_road_escalation_2_kingdoms,pillager_mashes_road_escalation_3_kingdoms,shambler_mash,collector_mash_escalation_kingdoms,collector_mash_escalation_kingdoms,
m_types,sub_table,sub_table,sub_table,sub_table,sub_table,sub_table,
m_tags,,,,wandering,wandering,wandering,
m_conditions,escalation_is_1,escalation_is_2,escalation_is_over_2,shambler_torch_threshold+escalation_is_over_1,heroes_have_trophy_equipped,heroes_have_trophy_equipped+stagecoach_has_collectors_chandelier_equipped,
element_end
element_start,pillager_mashes_road_region_1_confessions,BattleConfigurationTable
m_chances,19,
m_ids,pillager_mashes_normal,
m_types,sub_table,
m_tags,
m_conditions,
element_end
element_start,pillager_mashes_road_region_2_confessions,BattleConfigurationTable
m_chances,8,8,2,
m_ids,pillager_mashes_normal,pillager_mashes_hard,pillager_mashes_antiq,
m_types,sub_table,sub_table,sub_table,
m_tags,,,wandering,
m_conditions,,,antiq_inventory_threshold+biome_typical_equal_or_greater_than_2+run_boss_is_not_brain,
element_end
element_start,pillager_mashes_road_region_3_confessions,BattleConfigurationTable
m_chances,5,10,3,
m_ids,pillager_mashes_normal,pillager_mashes_hard,pillager_mashes_antiq,
m_types,sub_table,sub_table,sub_table,
m_tags,,,wandering,
m_conditions,,,antiq_inventory_threshold+biome_typical_equal_or_greater_than_2+run_boss_is_not_brain,
element_end
element_start,pillager_mashes_road_escalation_1_kingdoms,BattleConfigurationTable
m_chances,19,
m_ids,pillager_mashes_normal,
m_types,sub_table,
m_tags,
m_conditions,
element_end
element_start,pillager_mashes_road_escalation_2_kingdoms,BattleConfigurationTable
m_chances,8,8,2,
m_ids,pillager_mashes_normal,pillager_mashes_hard,pillager_mashes_antiq,
m_types,sub_table,sub_table,sub_table,
m_tags,,,wandering,
m_conditions,,,antiq_inventory_threshold+escalation_is_over_2,
element_end
element_start,pillager_mashes_road_escalation_3_kingdoms,BattleConfigurationTable
m_chances,5,10,3,
m_ids,pillager_mashes_normal,pillager_mashes_hard,pillager_mashes_antiq,
m_types,sub_table,sub_table,sub_table,
m_tags,,,wandering,
m_conditions,,,antiq_inventory_threshold+escalation_is_over_2,
element_end
element_start,pillager_mashes_normal,BattleConfigurationTable
m_chances,40,30,30,20,30,30,
m_ids,pillager_mash_201,pillager_mash_202,pillager_mash_203,pillager_mash_204,pillager_mash_205,pillager_mash_206,
m_types,battle_config,battle_config,battle_config,battle_config,battle_config,battle_config,
m_tags,
m_conditions,
element_end
element_start,pillager_mashes_hard,BattleConfigurationTable
m_chances,10,10,4,4,4,4,10,10,10,10,
m_ids,pillager_mash_301,pillager_mash_302,pillager_mash_303,pillager_mash_304,pillager_mash_305,pillager_mash_306,pillager_mash_307,pillager_mash_308,pillager_mash_309,pillager_mash_310,
m_types,battle_config,battle_config,battle_config,battle_config,battle_config,battle_config,battle_config,battle_config,battle_config,battle_config,
m_tags,
m_conditions,
element_end
element_start,pillager_mashes_antiq,BattleConfigurationTable
m_chances,1,1,1,1,1,1,
m_ids,pillager_mash_antiq_1,pillager_mash_antiq_2,pillager_mash_antiq_3,pillager_mash_antiq_4,pillager_mash_antiq_5,pillager_mash_antiq_6,
m_types,battle_config,battle_config,battle_config,battle_config,battle_config,battle_config,
m_tags,
m_conditions,
element_end
element_start,pillager_mashes_hazard_confessions,BattleConfigurationTable
m_chances,5,5,2,2,2,2,5,5,5,5,2,2,2,2,2,2,
m_ids,pillager_hazard_mash_301,pillager_hazard_mash_302,pillager_hazard_mash_303,pillager_hazard_mash_304,pillager_hazard_mash_305,pillager_hazard_mash_306,pillager_hazard_mash_307,pillager_hazard_mash_308,pillager_hazard_mash_309,pillager_hazard_mash_310,pillager_hazard_mash_antiq_1,pillager_hazard_mash_antiq_2,pillager_hazard_mash_antiq_3,pillager_hazard_mash_antiq_4,pillager_hazard_mash_antiq_5,pillager_hazard_mash_antiq_6,
m_types,battle_config,battle_config,battle_config,battle_config,battle_config,battle_config,battle_config,battle_config,battle_config,battle_config,battle_config,battle_config,battle_config,battle_config,battle_config,battle_config,
m_tags,
m_conditions,,,,,,,,,,,run_boss_is_not_brain,run_boss_is_not_brain,run_boss_is_not_brain,run_boss_is_not_brain,run_boss_is_not_brain,run_boss_is_not_brain,
element_end
element_start,pillager_mashes_hazard_kingdoms,BattleConfigurationTable
m_chances,5,5,2,2,2,2,5,5,5,5,2,2,2,2,2,2,
m_ids,pillager_hazard_mash_301,pillager_hazard_mash_302,pillager_hazard_mash_303,pillager_hazard_mash_304,pillager_hazard_mash_305,pillager_hazard_mash_306,pillager_hazard_mash_307,pillager_hazard_mash_308,pillager_hazard_mash_309,pillager_hazard_mash_310,pillager_hazard_mash_antiq_1,pillager_hazard_mash_antiq_2,pillager_hazard_mash_antiq_3,pillager_hazard_mash_antiq_4,pillager_hazard_mash_antiq_5,pillager_hazard_mash_antiq_6,
m_types,battle_config,battle_config,battle_config,battle_config,battle_config,battle_config,battle_config,battle_config,battle_config,battle_config,battle_config,battle_config,battle_config,battle_config,battle_config,battle_config,
m_tags,
m_conditions,
element_end
element_start,pillager_mashes_rough_patch_confessions,BattleConfigurationTable
m_chances,5,5,2,2,2,2,5,5,5,5,2,2,2,2,2,2,
m_ids,pillager_rough_patch_mash_301,pillager_rough_patch_mash_302,pillager_rough_patch_mash_303,pillager_rough_patch_mash_304,pillager_rough_patch_mash_305,pillager_rough_patch_mash_306,pillager_rough_patch_mash_307,pillager_rough_patch_mash_308,pillager_rough_patch_mash_309,pillager_rough_patch_mash_310,pillager_rough_patch_mash_antiq_1,pillager_rough_patch_mash_antiq_2,pillager_rough_patch_mash_antiq_3,pillager_rough_patch_mash_antiq_4,pillager_rough_patch_mash_antiq_5,pillager_rough_patch_mash_antiq_6,
m_types,battle_config,battle_config,battle_config,battle_config,battle_config,battle_config,battle_config,battle_config,battle_config,battle_config,battle_config,battle_config,battle_config,battle_config,battle_config,battle_config,
m_tags,
m_conditions,,,,,,,,,,,run_boss_is_not_brain,run_boss_is_not_brain,run_boss_is_not_brain,run_boss_is_not_brain,run_boss_is_not_brain,run_boss_is_not_brain,
element_end
element_start,pillager_mashes_rough_patch_kingdoms,BattleConfigurationTable
m_chances,5,5,2,2,2,2,5,5,5,5,2,2,2,2,2,2,
m_ids,pillager_rough_patch_mash_301,pillager_rough_patch_mash_302,pillager_rough_patch_mash_303,pillager_rough_patch_mash_304,pillager_rough_patch_mash_305,pillager_rough_patch_mash_306,pillager_rough_patch_mash_307,pillager_rough_patch_mash_308,pillager_rough_patch_mash_309,pillager_rough_patch_mash_310,pillager_rough_patch_mash_antiq_1,pillager_rough_patch_mash_antiq_2,pillager_rough_patch_mash_antiq_3,pillager_rough_patch_mash_antiq_4,pillager_rough_patch_mash_antiq_5,pillager_rough_patch_mash_antiq_6,
m_types,battle_config,battle_config,battle_config,battle_config,battle_config,battle_config,battle_config,battle_config,battle_config,battle_config,battle_config,battle_config,battle_config,battle_config,battle_config,battle_config,
m_tags,
m_conditions,
element_end
element_start,cultist_mashes_guardian_master,BattleConfigurationTable
m_chances,1,
m_ids,cultist_mashes_guardian_confessions,
m_types,sub_table,
m_tags,
m_conditions,is_confessions,
element_end
element_start,cultist_mashes_guardian_confessions,BattleConfigurationTable
m_chances,1,6,5,1,1,
m_ids,cultist_guardian_biome_1_boss,cultist_guardian_biome_2_boss_deacon,cultist_guardian_biome_2_boss_cardinal,cultist_guardian_biome_2_boss_cardinal,cultist_guardian_biome_3_boss,
m_types,sub_table,sub_table,sub_table,sub_table,sub_table,
m_tags,
m_conditions,biome_typical_equals_1,biome_typical_equals_2,biome_typical_equals_2+run_boss_is_not_brain+run_boss_is_not_lungs,biome_typical_equals_3+run_boss_is_lungs,biome_typical_equals_3+run_boss_is_not_lungs,
element_end
element_start,cultist_mashes_story_cultist_master,BattleConfigurationTable
m_chances,1,
m_ids,cultist_mashes_story_cultist_confessions,
m_types,sub_table,
m_tags,
m_conditions,is_confessions,
element_end
element_start,cultist_mashes_story_cultist_confessions,BattleConfigurationTable
m_chances,3,3,3,3,3,3,3,3,1,1,1,1,
m_ids,cultist_mash_1,cultist_mash_2,cultist_mash_3,cultist_mash_4,cultist_mash_5,cultist_mash_6,cultist_mash_7,cultist_mash_8,cultist_mash_9,cultist_mash_10,cultist_mash_11,cultist_mash_12,
m_types,battle_config,battle_config,battle_config,battle_config,battle_config,battle_config,battle_config,battle_config,battle_config,battle_config,battle_config,battle_config,
m_tags,
m_conditions,,biome_typical_equal_or_greater_than_2,biome_typical_equal_or_greater_than_2,biome_typical_equal_or_greater_than_2,biome_typical_equal_or_greater_than_2,,,,biome_typical_equal_or_greater_than_2,biome_typical_equal_or_greater_than_2,biome_typical_equal_or_greater_than_2,biome_typical_equal_or_greater_than_2,
element_end
element_start,cultist_mashes_mountain_1_master,BattleConfigurationTable
m_chances,1,
m_ids,cultist_mashes_mountain_1_confessions,
m_types,sub_table,
m_tags,
m_conditions,is_confessions,
element_end
element_start,cultist_mashes_mountain_1_confessions,BattleConfigurationTable
m_chances,1,1,1,1,1,1,1,
m_ids,cultist_mountain_1_1,cultist_mountain_1_2,cultist_mountain_1_3,cultist_mountain_1_4,cultist_mountain_1_5,cultist_mountain_1_6,cultist_mountain_1_7,
m_types,battle_config,battle_config,battle_config,battle_config,battle_config,battle_config,battle_config,
m_tags,
m_conditions,
element_end
element_start,cultist_mashes_mountain_2_master,BattleConfigurationTable
m_chances,1,
m_ids,cultist_mashes_mountain_2_confessions,
m_types,sub_table,
m_tags,
m_conditions,is_confessions,
element_end
element_start,cultist_mashes_mountain_2_confessions,BattleConfigurationTable
m_chances,1,1,1,1,1,
m_ids,cultist_mountain_2_1,cultist_mountain_2_2,cultist_mountain_2_3,cultist_mountain_2_4,cultist_mountain_2_5,
m_types,battle_config,battle_config,battle_config,battle_config,battle_config,
m_tags,
m_conditions,
element_end
element_start,cultist_mashes_normal_kingdoms,BattleConfigurationTable
m_chances,10,5,2,5,0,
m_ids,cultist_mashes_normal,cultist_mashes_normal_enhanced,cultist_mashes_normal_enhanced,cultist_mashes_normal_enhanced,cultist_mashes_normal_enhanced,
m_types,sub_table,sub_table,sub_table,sub_table,sub_table,
m_tags,,,,,KINGDOM_CHAMPS,
m_conditions,,stagecoach_has_infernal_torch_5_equipped,escalation_is_2,escalation_is_over_2,
element_end
element_start,cultist_mashes_hard_kingdoms,BattleConfigurationTable
m_chances,24,20,6,16,9,
m_ids,cultist_mashes_hard,cultist_mashes_hard_enhanced,cultist_mashes_hard_enhanced,cultist_mashes_hard_enhanced,cultist_mashes_brutal_enhanced,
m_types,sub_table,sub_table,sub_table,sub_table,sub_table,
m_tags,,KINGDOM_CHAMPS,KINGDOM_CHAMPS,KINGDOM_CHAMPS,KINGDOM_CHAMPS,
m_conditions,,stagecoach_has_infernal_torch_5_equipped,escalation_is_2,escalation_is_over_2,escalation_is_over_2+stagecoach_has_infernal_torch_5_equipped,
element_end
element_start,cultist_mashes_normal,BattleConfigurationTable
m_chances,1,1,1,1,1,1,
m_ids,cultist_tundra_mash_201,cultist_tundra_mash_202,cultist_tundra_mash_203,cultist_tundra_mash_204,cultist_tundra_mash_205,cultist_tundra_mash_206,
m_types,battle_config,battle_config,battle_config,battle_config,battle_config,battle_config,
m_tags,
m_conditions,
element_end
element_start,cultist_mashes_normal_enhanced,BattleConfigurationTable
m_chances,1,1,1,1,1,1,
m_ids,cultist_tundra_mash_201_C,cultist_tundra_mash_202_C,cultist_tundra_mash_203_C,cultist_tundra_mash_204_C,cultist_tundra_mash_205_C,cultist_tundra_mash_206_C,
m_types,battle_config,battle_config,battle_config,battle_config,battle_config,battle_config,
m_tags,
m_conditions,
element_end
element_start,cultist_mashes_hard,BattleConfigurationTable
m_chances,1,1,1,1,1,1,
m_ids,cultist_tundra_mash_301,cultist_tundra_mash_302,cultist_tundra_mash_303,cultist_tundra_mash_304,cultist_tundra_mash_305,cultist_tundra_mash_306,
m_types,battle_config,battle_config,battle_config,battle_config,battle_config,battle_config,
m_tags,
m_conditions,
element_end
element_start,cultist_mashes_hard_enhanced,BattleConfigurationTable
m_chances,2,2,2,1,1,2,
m_ids,cultist_tundra_mash_301_C,cultist_tundra_mash_302_C,cultist_tundra_mash_303_C,cultist_tundra_mash_304_C,cultist_tundra_mash_305_C,cultist_tundra_mash_306_C,
m_types,battle_config,battle_config,battle_config,battle_config,battle_config,battle_config,
m_tags,
m_conditions,
element_end
element_start,cultist_mashes_brutal_enhanced,BattleConfigurationTable
m_chances,5,3,3,
m_ids,cultist_tundra_mash_301_BC,cultist_tundra_mash_302_BC,cultist_tundra_mash_303_BC,
m_types,battle_config,battle_config,battle_config,
m_tags,
m_conditions,
element_end
element_start,cultist_guardian_biome_1_boss,BattleConfigurationTable
m_chances,1,3,3,3,3,
m_ids,cultist_guardian_biome_1_altar_1,cultist_guardian_biome_1_altar_2,cultist_guardian_biome_1_altar_3,cultist_guardian_biome_1_altar_4,cultist_guardian_biome_1_altar_5,
m_types,battle_config,battle_config,battle_config,battle_config,battle_config,
m_tags,
m_conditions,
element_end
element_start,cultist_guardian_biome_2_boss_deacon,BattleConfigurationTable
m_chances,1,1,1,1,1,
m_ids,cultist_guardian_biome_1_boss_1,cultist_guardian_biome_1_boss_2,cultist_guardian_biome_1_boss_3,cultist_guardian_biome_1_boss_4,cultist_guardian_biome_1_boss_5,
m_types,battle_config,battle_config,battle_config,battle_config,battle_config,
m_tags,
m_conditions,
element_end
element_start,cultist_guardian_biome_2_boss_cardinal,BattleConfigurationTable
m_chances,15,15,1,1,1,
m_ids,cultist_guardian_biome_2_boss_1,cultist_guardian_biome_2_boss_2,cultist_guardian_biome_2_boss_3,cultist_guardian_biome_2_boss_4,cultist_guardian_biome_2_boss_5,
m_types,battle_config,battle_config,battle_config,battle_config,battle_config,
m_tags,
m_conditions,
element_end
element_start,cultist_guardian_biome_3_boss,BattleConfigurationTable
m_chances,1,
m_ids,cultist_guardian_biome_3_boss_1,
m_types,battle_config,
m_tags,
m_conditions,
element_end
element_start,biome_tundra_dungeon_starters,BattleConfigurationTable
m_chances,1,1,1,1,1,
m_ids,tundra_dungeon_1a,tundra_dungeon_1b,tundra_dungeon_1c,tundra_dungeon_1d,tundra_dungeon_1e,
m_types,battle_config,battle_config,battle_config,battle_config,battle_config,
m_tags,
m_conditions,
element_end
element_start,biome_tundra_dungeon_round2,BattleConfigurationTable
m_chances,1,
m_ids,biome_tundra_dungeon_round2_kingdoms,
m_types,sub_table,
m_tags,
m_conditions,is_kingdoms,
element_end
element_start,biome_tundra_dungeon_round2_kingdoms,BattleConfigurationTable
m_chances,3,2,
m_ids,biome_tundra_dungeon_round2_normal,biome_tundra_dungeon_round2_enhanced,
m_types,sub_table,sub_table,
m_tags,
m_conditions,,escalation_is_over_2,
element_end
element_start,biome_tundra_dungeon_round2_normal,BattleConfigurationTable
m_chances,1,1,1,1,1,1,1,
m_ids,tundra_dungeon_2a,tundra_dungeon_2b,tundra_dungeon_2c,tundra_dungeon_2d,tundra_dungeon_2e,tundra_dungeon_2f,tundra_dungeon_2g,
m_types,battle_config,battle_config,battle_config,battle_config,battle_config,battle_config,battle_config,
m_tags,
m_conditions,
element_end
element_start,biome_tundra_dungeon_round2_enhanced,BattleConfigurationTable
m_chances,1,1,1,1,1,1,1,
m_ids,tundra_dungeon_2a,tundra_dungeon_2b,tundra_dungeon_2c,tundra_dungeon_2d,tundra_dungeon_2e,tundra_dungeon_2f,tundra_dungeon_2g,
m_types,battle_config,battle_config,battle_config,battle_config,battle_config,battle_config,battle_config,
m_tags,
m_conditions,
element_end
element_start,ambush_mashes_master,BattleConfigurationTable
m_chances,1,
m_ids,cultist_mashes_ambush_confessions,
m_types,sub_table,
m_tags,
m_conditions,is_confessions,
element_end
element_start,cultist_mashes_ambush_confessions,BattleConfigurationTable
m_chances,1,1,1,
m_ids,cultist_mashes_ambush_easy_confessions,cultist_mashes_ambush_normal_confessions,cultist_mashes_ambush_hard_confessions,
m_types,sub_table,sub_table,sub_table,
m_tags,
m_conditions,run_boss_is_not_eyes+run_boss_is_not_arms+run_boss_is_not_body,run_boss_is_not_brain+run_boss_is_not_lungs+run_boss_is_not_body,run_boss_is_body,
element_end
element_start,cultist_mashes_ambush_easy_confessions,BattleConfigurationTable
m_chances,1,1,1,1,1,1,1,1,1,1,1,1,
m_ids,cultist_torch_ambush_low_1,cultist_torch_ambush_low_2,cultist_torch_ambush_low_3,cultist_torch_ambush_low_4,cultist_torch_ambush_low_5,cultist_torch_ambush_low_6,cultist_torch_ambush_low_7,cultist_torch_ambush_low_8,cultist_torch_ambush_low_9,cultist_torch_ambush_low_10,cultist_torch_ambush_low_11,cultist_torch_ambush_low_12,
m_types,battle_config,battle_config,battle_config,battle_config,battle_config,battle_config,battle_config,battle_config,battle_config,battle_config,battle_config,battle_config,
m_tags,
m_conditions,,biome_typical_equal_or_greater_than_2,biome_typical_equal_or_greater_than_2,biome_typical_equal_or_greater_than_2,biome_typical_equal_or_greater_than_2,,,,biome_typical_equal_or_greater_than_2,biome_typical_equal_or_greater_than_2,biome_typical_equal_or_greater_than_2,biome_typical_equal_or_greater_than_2,
element_end
element_start,cultist_mashes_ambush_normal_confessions,BattleConfigurationTable
m_chances,1,1,1,1,1,1,1,1,1,1,
m_ids,cultist_torch_ambush_1,cultist_torch_ambush_2,cultist_torch_ambush_3,cultist_torch_ambush_4,cultist_torch_ambush_5,cultist_torch_ambush_6,cultist_torch_ambush_7,cultist_torch_ambush_8,cultist_torch_ambush_9,cultist_torch_ambush_10,
m_types,battle_config,battle_config,battle_config,battle_config,battle_config,battle_config,battle_config,battle_config,battle_config,battle_config,
m_tags,
m_conditions,biome_typical_equal_or_greater_than_2,biome_typical_equal_or_greater_than_2,biome_typical_equal_or_greater_than_2,biome_typical_equal_or_greater_than_2,,biome_typical_equal_or_greater_than_2,,biome_typical_equal_or_greater_than_2,
element_end
element_start,cultist_mashes_ambush_hard_confessions,BattleConfigurationTable
m_chances,1,1,1,1,
m_ids,cultist_doom_mash_1,cultist_doom_mash_2,cultist_doom_mash_3,cultist_doom_mash_4,
m_types,battle_config,battle_config,battle_config,battle_config,
m_tags,
m_conditions,,biome_typical_equal_or_greater_than_2,
element_end
element_start,military_mashes_road_confessions,BattleConfigurationTable
m_chances,1,1,1,1,
m_ids,military_region_1,military_region_2,military_region_3,military_other_faction_mashes,
m_types,sub_table,sub_table,sub_table,sub_table,
m_tags,
m_conditions,biome_typical_equals_1+not_killed_warlord_biomestatus,biome_typical_equals_2+not_killed_warlord_biomestatus,biome_typical_equal_or_greater_than_3+not_killed_warlord_biomestatus,has_killed_warlord_biomestatus,
element_end
element_start,military_mashes_road_kingdoms,BattleConfigurationTable
m_chances,1,1,1,1,
m_ids,military_region_1,military_region_2,military_region_3,military_other_faction_mashes,
m_types,sub_table,sub_table,sub_table,sub_table,
m_tags,
m_conditions,escalation_is_1+not_killed_warlord_biomestatus,escalation_is_2+not_killed_warlord_biomestatus,escalation_is_over_2+not_killed_warlord_biomestatus,has_killed_warlord_biomestatus,
element_end
element_start,military_region_1,BattleConfigurationTable
m_chances,19,
m_ids,military_mashes,
m_types,sub_table,
m_tags,
m_conditions,
element_end
element_start,military_region_2,BattleConfigurationTable
m_chances,17,
m_ids,military_mashes,
m_types,sub_table,
m_tags,
m_conditions,
element_end
element_start,military_region_3,BattleConfigurationTable
m_chances,12,
m_ids,military_mashes,
m_types,sub_table,
m_tags,
m_conditions,
element_end
element_start,military_mashes,BattleConfigurationTable
m_chances,1,1,1,1,1,1,
m_ids,military_mash_1,military_mash_2,military_mash_3,military_mash_4,military_mash_5,military_mash_6,
m_types,battle_config,battle_config,battle_config,battle_config,battle_config,battle_config,
m_tags,
m_conditions,
element_end
element_start,military_other_faction_mashes,BattleConfigurationTable
m_chances,1,1,2,2,2,2,2,
m_ids,military_pillager_mashes,military_gaunt_mashes,military_city_mashes,military_coast_mashes,military_farm_mashes,military_forest_mashes,military_tundra_mashes,
m_types,sub_table,sub_table,sub_table,sub_table,sub_table,sub_table,sub_table,
m_tags,
m_conditions,,,city_biome_check,shroud_biome_check,farm_biome_check,forest_biome_check,tundra_biome_check,
element_end
element_start,military_pillager_mashes,BattleConfigurationTable
m_chances,1,1,1,1,1,1,1,
m_ids,military_pillager_mash_1,military_pillager_mash_2,military_pillager_mash_3,military_pillager_mash_4,military_pillager_mash_5,military_pillager_mash_6,military_antiq_mash_1,
m_types,battle_config,battle_config,battle_config,battle_config,battle_config,battle_config,battle_config,
m_tags,,,,,,,wandering,
m_conditions,,,,,,,antiq_inventory_threshold,
element_end
element_start,military_gaunt_mashes,BattleConfigurationTable
m_chances,1,1,1,1,1,1,
m_ids,military_gaunt_mash_1,military_gaunt_mash_2,military_gaunt_mash_3,military_gaunt_mash_4,military_gaunt_mash_5,military_gaunt_mash_6,
m_types,battle_config,battle_config,battle_config,battle_config,battle_config,battle_config,
m_tags,
m_conditions,
element_end
element_start,military_city_mashes,BattleConfigurationTable
m_chances,1,1,1,1,1,1,
m_ids,military_city_mash_1,military_city_mash_2,military_city_mash_3,military_city_mash_4,military_city_mash_5,military_city_mash_6,
m_types,battle_config,battle_config,battle_config,battle_config,battle_config,battle_config,
m_tags,
m_conditions,
element_end
element_start,military_coast_mashes,BattleConfigurationTable
m_chances,1,1,1,1,1,1,
m_ids,military_coast_mash_1,military_coast_mash_2,military_coast_mash_3,military_coast_mash_4,military_coast_mash_5,military_coast_mash_6,
m_types,battle_config,battle_config,battle_config,battle_config,battle_config,battle_config,
m_tags,
m_conditions,
element_end
element_start,military_farm_mashes,BattleConfigurationTable
m_chances,1,1,1,1,1,1,
m_ids,military_farm_mash_1,military_farm_mash_2,military_farm_mash_3,military_farm_mash_4,military_farm_mash_5,military_farm_mash_6,
m_types,battle_config,battle_config,battle_config,battle_config,battle_config,battle_config,
m_tags,
m_conditions,
element_end
element_start,military_forest_mashes,BattleConfigurationTable
m_chances,1,1,1,1,1,1,
m_ids,military_forest_mash_1,military_forest_mash_2,military_forest_mash_3,military_forest_mash_4,military_forest_mash_5,military_forest_mash_6,
m_types,battle_config,battle_config,battle_config,battle_config,battle_config,battle_config,
m_tags,
m_conditions,
element_end
element_start,military_tundra_mashes,BattleConfigurationTable
m_chances,1,1,1,1,1,1,
m_ids,military_tundra_mash_1,military_tundra_mash_2,military_tundra_mash_3,military_tundra_mash_4,military_tundra_mash_5,military_tundra_mash_6,
m_types,battle_config,battle_config,battle_config,battle_config,battle_config,battle_config,
m_tags,
m_conditions,
element_end
element_start,beast_mashes_normal,BattleConfigurationTable
m_chances,1,1,
m_ids,beast_mashes_normal_confessions,beast_mashes_normal_kingdoms,
m_types,sub_table,sub_table,
m_tags,
m_conditions,is_confessions,is_kingdoms,
element_end
element_start,beast_mashes_normal_confessions,BattleConfigurationTable
m_chances,2,2,2,2,2,1,1,2,1,1,
m_ids,rabies_train,spitting_distance,carrion_crew,pest_control,hookworms,vermin_mix,vermin_mix_2,hookworms_c,vermin_mix_c,vermin_mix_2_c,
m_types,battle_config,battle_config,battle_config,battle_config,battle_config,battle_config,battle_config,battle_config,battle_config,battle_config,
m_tags,
m_conditions,,,,,,,,biome_typical_equal_or_greater_than_3+run_boss_is_not_brain+run_boss_is_not_lungs,biome_typical_equal_or_greater_than_3+run_boss_is_not_brain+run_boss_is_not_lungs,biome_typical_equal_or_greater_than_3+run_boss_is_not_brain+run_boss_is_not_lungs,
element_end
element_start,beast_mashes_normal_kingdoms,BattleConfigurationTable
m_chances,2,2,2,2,2,1,1,2,1,1,
m_ids,rabies_train,spitting_distance,carrion_crew,pest_control,hookworms,vermin_mix,vermin_mix_2,hookworms_c,vermin_mix_c,vermin_mix_2_c,
m_types,battle_config,battle_config,battle_config,battle_config,battle_config,battle_config,battle_config,battle_config,battle_config,battle_config,
m_tags,
m_conditions,,,,,,,,escalation_is_over_2,escalation_is_over_2,escalation_is_over_2,
element_end
element_start,beast_mashes_hard,BattleConfigurationTable
m_chances,1,1,
m_ids,beast_mashes_hard_confessions,beast_mashes_hard_kingdoms,
m_types,sub_table,sub_table,
m_tags,
m_conditions,is_confessions,is_kingdoms,
element_end
element_start,beast_mashes_hard_confessions,BattleConfigurationTable
m_chances,2,1,1,2,2,2,2,1,1,1,1,2,2,
m_ids,classic_spiders,carrion_my_wayward_son,carrion_my_wayward_son_2,beasts_301,beasts_302,jaws_and_paws,webslingers,rabies_train_c,rabies_train_2_c,jaws_and_paws_c,jaws_and_paws_2_c,carrion_my_wayward_son_c,bark_and_mark_c,
m_types,battle_config,battle_config,battle_config,battle_config,battle_config,battle_config,battle_config,battle_config,battle_config,battle_config,battle_config,battle_config,battle_config,
m_tags,
m_conditions,,,,,,,,biome_typical_equal_or_greater_than_3+run_boss_is_not_brain+run_boss_is_not_lungs,biome_typical_equal_or_greater_than_3+run_boss_is_not_brain+run_boss_is_not_lungs,biome_typical_equal_or_greater_than_3+run_boss_is_not_brain+run_boss_is_not_lungs,biome_typical_equal_or_greater_than_3+run_boss_is_not_brain+run_boss_is_not_lungs,biome_typical_equal_or_greater_than_3+run_boss_is_not_brain+run_boss_is_not_lungs,biome_typical_equal_or_greater_than_3+run_boss_is_not_brain+run_boss_is_not_lungs,
element_end
element_start,beast_mashes_hard_kingdoms,BattleConfigurationTable
m_chances,2,1,1,2,2,2,2,1,1,1,1,2,2,
m_ids,classic_spiders,carrion_my_wayward_son,carrion_my_wayward_son_2,beasts_301,beasts_302,jaws_and_paws,webslingers,rabies_train_c,rabies_train_2_c,jaws_and_paws_c,jaws_and_paws_2_c,carrion_my_wayward_son_c,bark_and_mark_c,
m_types,battle_config,battle_config,battle_config,battle_config,battle_config,battle_config,battle_config,battle_config,battle_config,battle_config,battle_config,battle_config,battle_config,
m_tags,
m_conditions,,,,,,,,escalation_is_over_2,escalation_is_over_2,escalation_is_over_2,escalation_is_over_2,escalation_is_over_2,escalation_is_over_2,
element_end
element_start,camp_ambush_mashes,BattleConfigurationTable
m_chances,1,1,1,
m_ids,camp_ambush_mashes_e1,camp_ambush_mashes_e2,camp_ambush_mashes_e3,
m_types,sub_table,sub_table,sub_table,
m_tags,
m_conditions,escalation_is_1,escalation_is_2,escalation_is_over_2,
element_end
element_start,camp_ambush_mashes_e1,BattleConfigurationTable
m_chances,1,2,7,3,7,7,
m_ids,camp_ambush_01,camp_ambush_02,camp_ambush_03,camp_ambush_04,camp_ambush_05,camp_ambush_06,
m_types,battle_config,battle_config,battle_config,battle_config,battle_config,battle_config,
m_tags,
m_conditions,
element_end
element_start,camp_ambush_mashes_e2,BattleConfigurationTable
m_chances,1,2,7,3,7,7,
m_ids,camp_ambush_01,camp_ambush_02,camp_ambush_03,camp_ambush_04,camp_ambush_05,camp_ambush_06,
m_types,battle_config,battle_config,battle_config,battle_config,battle_config,battle_config,
m_tags,
m_conditions,
element_end
element_start,camp_ambush_mashes_e3,BattleConfigurationTable
m_chances,1,1,1,1,1,1,4,4,
m_ids,camp_ambush_01,camp_ambush_02,camp_ambush_03,camp_ambush_04,camp_ambush_05,camp_ambush_06,beastmen_camp_ambush_mashes,coven_camp_ambush_mashes,
m_types,battle_config,battle_config,battle_config,battle_config,battle_config,battle_config,sub_table,sub_table,
m_tags,
m_conditions,,,,,,,kingdom_gang_is_beastmen,kingdom_gang_is_coven,
element_end
element_start,beastmen_camp_ambush_mashes,BattleConfigurationTable
m_chances,1,1,1,1,
m_ids,beastmen_camp_ambush_301,beastmen_camp_ambush_302,beastmen_camp_ambush_303,beastmen_camp_ambush_308,
m_types,battle_config,battle_config,battle_config,battle_config,
m_tags,
m_conditions,
element_end
element_start,coven_camp_ambush_mashes,BattleConfigurationTable
m_chances,2,3,2,3,
m_ids,coven_camp_ambush_301,coven_camp_ambush_302,coven_camp_ambush_303,coven_camp_ambush_304,
m_types,battle_config,battle_config,battle_config,battle_config,
m_tags,
m_conditions,
element_end
element_start,chirurgeon_mashes_surgeon_node,BattleConfigurationTable
m_chances,1,
m_ids,surgeon_node_mashes,
m_types,sub_table,
m_tags,
m_conditions,
element_end
element_start,surgeon_node_mashes,BattleConfigurationTable
m_chances,1,1,1,1,1,1,1,1,1,
m_ids,surgeon_gaunt_101a,surgeon_gaunt_102a,surgeon_gaunt_103a,surgeon_gaunt_104a,surgeon_gaunt_101b,surgeon_gaunt_102b,surgeon_gaunt_103b,surgeon_gaunt_104b,surgeon_gaunt_105b,
m_types,battle_config,battle_config,battle_config,battle_config,battle_config,battle_config,battle_config,battle_config,battle_config,
m_tags,
m_conditions,
element_end
element_start,surgeon_node_mashes_a,BattleConfigurationTable
m_chances,1,1,1,1,1,1,
m_ids,surgeon_gaunt_201a,surgeon_gaunt_202a,surgeon_gaunt_203a,surgeon_gaunt_204a,surgeon_gaunt_205a,surgeon_gaunt_206a,
m_types,battle_config,battle_config,battle_config,battle_config,battle_config,battle_config,
m_tags,
m_conditions,
element_end
element_start,surgeon_node_mashes_b,BattleConfigurationTable
m_chances,1,1,1,1,
m_ids,surgeon_gaunt_201b,surgeon_gaunt_202b,surgeon_gaunt_203b,surgeon_gaunt_204b,
m_types,battle_config,battle_config,battle_config,battle_config,
m_tags,
m_conditions,
element_end
element_start,intro_valley_road_mashes,BattleConfigurationTable
m_chances,9999,1,
m_ids,intro_valley_gaunts_1,intro_valley_second_fight,
m_types,battle_config,sub_table,
m_tags,
m_conditions,
element_end
element_start,intro_valley_second_fight,BattleConfigurationTable
m_chances,1,1,1,
m_ids,intro_valley_gaunts_2,intro_valley_gaunts_3,intro_valley_gaunts_4,
m_types,battle_config,battle_config,battle_config,
m_tags,
m_conditions,
element_end
element_start,valley_road_mashes,BattleConfigurationTable
m_chances,3,3,
m_ids,valley_road_mashes_confessions,valley_road_mashes_kingdoms,
m_types,sub_table,sub_table,
m_tags,
m_conditions,is_confessions,is_kingdoms,
element_end
element_start,valley_road_mashes_confessions,BattleConfigurationTable
m_chances,3,3,3,2,3,2,0,0,0,0,2,2,0,0,2,0,0,
m_ids,valley_gaunts_1,valley_gaunts_2,valley_gaunts_3,valley_gaunts_4,valley_gaunts_5,valley_gaunts_6,valley_gaunts_7,valley_gaunts_8,valley_gaunts_9,valley_gaunts_10,valley_gaunts_11,valley_gaunts_12,valley_gaunts_13,valley_gaunts_14,valley_gaunts_15,valley_gaunts_16,shambler_mash,
m_types,battle_config,battle_config,battle_config,battle_config,battle_config,battle_config,battle_config,battle_config,battle_config,battle_config,battle_config,battle_config,battle_config,battle_config,battle_config,battle_config,sub_table,
m_tags,
m_conditions,
element_end
element_start,valley_road_mashes_kingdoms,BattleConfigurationTable
m_chances,1,1,1,
m_ids,valley_beastmen_mashes,valley_coven_mashes,valley_courtier_mashes,
m_types,sub_table,sub_table,sub_table,
m_tags,
m_conditions,kingdom_gang_is_beastmen,kingdom_gang_is_coven,kingdom_gang_is_courtier,
element_end
element_start,valley_beastmen_mashes,BattleConfigurationTable
m_chances,1,1,1,1,
m_ids,valley_beastmen_1,valley_beastmen_2,valley_beastmen_3,valley_beastmen_4,
m_types,battle_config,battle_config,battle_config,battle_config,
m_tags,
m_conditions,
element_end
element_start,valley_coven_mashes,BattleConfigurationTable
m_chances,1,1,1,1,
m_ids,valley_coven_1,valley_coven_2,valley_coven_3,valley_coven_4,
m_types,battle_config,battle_config,battle_config,battle_config,
m_tags,
m_conditions,
element_end
element_start,valley_courtier_mashes,BattleConfigurationTable
m_chances,1,1,1,1,
m_ids,valley_courtier_1,valley_courtier_2,valley_courtier_3,valley_courtier_4,
m_types,battle_config,battle_config,battle_config,battle_config,
m_tags,
m_conditions,
element_end
element_start,shambler_mash,BattleConfigurationTable
m_chances,1,
m_ids,shambler,
m_types,battle_config,
m_tags,
m_conditions,
element_end
element_start,death_mashes,BattleConfigurationTable
m_chances,6,3,6,6,6,94,
m_ids,death_1,death_1,death_e1,death_e2,death_e3,nothing,
m_types,battle_config,battle_config,battle_config,battle_config,battle_config,nothing,
m_tags,death,death,death,death,death,
m_conditions,hero_party_has_flagellant+is_confessions,hero_party_has_flagellant+stagecoach_has_infernal_torch_boss_equipped,hero_party_has_flagellant+is_kingdoms+escalation_is_1,hero_party_has_flagellant+is_kingdoms+escalation_is_2,hero_party_has_flagellant+is_kingdoms+escalation_is_3,
element_end
element_start,collector_mash_regions_confessions,BattleConfigurationTable
m_chances,1,1,1,
m_ids,collector_region_1,collector_region_2,collector_region_3,
m_types,battle_config,battle_config,battle_config,
m_tags,
m_conditions,biome_typical_equals_1,biome_typical_equals_2,biome_typical_equal_or_greater_than_3,
element_end
element_start,collector_mash_escalation_kingdoms,BattleConfigurationTable
m_chances,1,1,1,
m_ids,collector_region_1,collector_region_2,collector_region_3,
m_types,battle_config,battle_config,battle_config,
m_tags,
m_conditions,escalation_is_1,escalation_is_2,escalation_is_over_2,
element_end
element_start,collector_mash_underground_confessions,BattleConfigurationTable
m_chances,1,
m_ids,collector_region_caves,
m_types,battle_config,
m_tags,
m_conditions,
element_end
element_start,collector_mash_underground_kingdoms,BattleConfigurationTable
m_chances,1,
m_ids,collector_region_caves,
m_types,battle_config,
m_tags,
m_conditions,
element_end
element_start,mountain_boss_table_brain,BattleConfigurationTable
m_chances,1,1,1,1,1,
m_ids,mountain_boss_brain,mountain_boss_brain_2,mountain_boss_brain_3,mountain_boss_brain_4,mountain_boss_brain_5,
m_types,battle_config,battle_config,battle_config,battle_config,battle_config,
m_tags,
m_conditions,
element_end
element_start,mountain_boss_table_lungs,BattleConfigurationTable
m_chances,1,
m_ids,mountain_boss_lungs,
m_types,battle_config,
m_tags,
m_conditions,
element_end
element_start,mountain_boss_table_eyes,BattleConfigurationTable
m_chances,1,
m_ids,mountain_boss_eyes,
m_types,battle_config,
m_tags,
m_conditions,
element_end
element_start,mountain_boss_table_eyes_phase_2,BattleConfigurationTable
m_chances,1,
m_ids,mountain_boss_eyes_phase_2,
m_types,battle_config,
m_tags,
m_conditions,
element_end
element_start,mountain_boss_table_arms,BattleConfigurationTable
m_chances,1,
m_ids,mountain_boss_arms,
m_types,battle_config,
m_tags,
m_conditions,
element_end
element_start,mountain_boss_table_body,BattleConfigurationTable
m_chances,1,
m_ids,mountain_boss_body,
m_types,battle_config,
m_tags,
m_conditions,
element_end
element_start,gang_mashes_siege_master,BattleConfigurationTable
m_chances,1,1,1,1,
m_ids,siege_mashes_easy,siege_mashes_normal,siege_mashes_hard,siege_mashes_valley,
m_types,sub_table,sub_table,sub_table,sub_table,
m_tags,
m_conditions,siege_easy_strength_lower_threshold+siege_easy_strength_upper_threshold+current_biome_not_valleykingdom,siege_med_strength_lower_threshold+siege_med_strength_upper_threshold+current_biome_not_valleykingdom,siege_hard_strength_lower_threshold,current_biome_is_valleykingdom,
element_end
element_start,siege_mashes_valley,BattleConfigurationTable
m_chances,1,1,1,
m_ids,valley_beastmen_siege,valley_coven_siege,valley_courtier_siege,
m_types,battle_config,battle_config,battle_config,
m_tags,
m_conditions,kingdom_gang_is_beastmen,kingdom_gang_is_coven,kingdom_gang_is_courtier,
element_end
element_start,siege_mashes_easy,BattleConfigurationTable
m_chances,1,1,1,
m_ids,beastmen_mashes_siege_easy,coven_mashes_siege_easy,courtier_mashes_siege_easy,
m_types,sub_table,sub_table,sub_table,
m_tags,
m_conditions,kingdom_gang_is_beastmen,kingdom_gang_is_coven,kingdom_gang_is_courtier,
element_end
element_start,beastmen_mashes_siege_easy,BattleConfigurationTable
m_chances,1,1,1,1,1,0,
m_ids,beastmen_siege_101,beastmen_siege_102,beastmen_siege_103,beastmen_siege_104,beastmen_siege_105,beastmen_siege_106,
m_types,battle_config,battle_config,battle_config,battle_config,battle_config,battle_config,
m_tags,
m_conditions,
element_end
element_start,coven_mashes_siege_easy,BattleConfigurationTable
m_chances,1,1,1,1,1,1,1,1,
m_ids,coven_siege_101,coven_siege_102,coven_siege_103,coven_siege_104,coven_siege_105,coven_siege_106,coven_siege_107,coven_siege_108,
m_types,battle_config,battle_config,battle_config,battle_config,battle_config,battle_config,battle_config,battle_config,
m_tags,COVEN_CAULDRON,COVEN_CAULDRON,COVEN_CAULDRON,COVEN_CAULDRON,COVEN_CAULDRON,,COVEN_CAULDRON,COVEN_CAULDRON,
m_conditions,
element_end
element_start,courtier_mashes_siege_easy,BattleConfigurationTable
m_chances,1,1,1,1,1,1,1,
m_ids,courtier_siege_101,courtier_siege_102,courtier_siege_103,courtier_siege_104,courtier_siege_105,courtier_siege_106,courtier_siege_107,
m_types,battle_config,battle_config,battle_config,battle_config,battle_config,battle_config,battle_config,
m_tags,
m_conditions,
element_end
element_start,siege_mashes_normal,BattleConfigurationTable
m_chances,1,1,1,
m_ids,beastmen_mashes_siege_normal,coven_mashes_siege_normal,courtier_mashes_siege_normal,
m_types,sub_table,sub_table,sub_table,
m_tags,
m_conditions,kingdom_gang_is_beastmen,kingdom_gang_is_coven,kingdom_gang_is_courtier,
element_end
element_start,beastmen_mashes_siege_normal,BattleConfigurationTable
m_chances,1,1,1,1,1,1,
m_ids,beastmen_siege_201,beastmen_siege_202,beastmen_siege_203,beastmen_siege_204,beastmen_siege_205,beastmen_siege_206,
m_types,battle_config,battle_config,battle_config,battle_config,battle_config,battle_config,
m_tags,
m_conditions,,,,,escalation_is_over_1,
element_end
element_start,coven_mashes_siege_normal,BattleConfigurationTable
m_chances,1,1,1,1,1,1,1,1,1,1,1,1,1,1,1,1,1,1,1,
m_ids,coven_siege_201,coven_siege_202,coven_siege_203,coven_siege_204,coven_siege_205,coven_siege_206,coven_siege_207,coven_siege_208,coven_siege_209,coven_siege_210,coven_siege_211,coven_siege_212,coven_siege_213,coven_siege_214,coven_siege_215,coven_siege_216,coven_siege_217,coven_siege_218,coven_siege_219,
m_types,battle_config,battle_config,battle_config,battle_config,battle_config,battle_config,battle_config,battle_config,battle_config,battle_config,battle_config,battle_config,battle_config,battle_config,battle_config,battle_config,battle_config,battle_config,battle_config,
m_tags,COVEN_CAULDRON,COVEN_CAULDRON,COVEN_CAULDRON,COVEN_CAULDRON,COVEN_CAULDRON,,,COVEN_CAULDRON,COVEN_CAULDRON,COVEN_CAULDRON,COVEN_CAULDRON,COVEN_CAULDRON,COVEN_CAULDRON,COVEN_CAULDRON,COVEN_CAULDRON,COVEN_CAULDRON,COVEN_CAULDRON,COVEN_CAULDRON,
m_conditions,
element_end
element_start,courtier_mashes_siege_normal,BattleConfigurationTable
m_chances,1,1,1,1,1,1,1,1,1,1,1,1,
m_ids,courtier_siege_201,courtier_siege_202,courtier_siege_203,courtier_siege_204,courtier_siege_205,courtier_siege_206,courtier_siege_207,courtier_siege_208,courtier_siege_209,courtier_siege_210,courtier_siege_211,courtier_siege_212,
m_types,battle_config,battle_config,battle_config,battle_config,battle_config,battle_config,battle_config,battle_config,battle_config,battle_config,battle_config,battle_config,
m_tags,
m_conditions,
element_end
element_start,siege_mashes_hard,BattleConfigurationTable
m_chances,1,1,1,
m_ids,beastmen_mashes_siege_hard,coven_mashes_siege_hard,courtier_mashes_siege_hard,
m_types,sub_table,sub_table,sub_table,
m_tags,
m_conditions,kingdom_gang_is_beastmen,kingdom_gang_is_coven,kingdom_gang_is_courtier,
element_end
element_start,beastmen_mashes_siege_hard,BattleConfigurationTable
m_chances,1,1,1,1,1,1,1,1,1,
m_ids,beastmen_siege_301,beastmen_siege_302,beastmen_siege_303,beastmen_siege_304,beastmen_siege_305,beastmen_siege_306,beastmen_siege_307,beastmen_siege_308,beastmen_siege_309,
m_types,battle_config,battle_config,battle_config,battle_config,battle_config,battle_config,battle_config,battle_config,battle_config,
m_tags,
m_conditions,
element_end
element_start,coven_mashes_siege_hard,BattleConfigurationTable
m_chances,3,3,3,3,3,3,3,3,3,3,3,3,3,3,2,2,2,2,2,3,3,3,3,
m_ids,coven_siege_301,coven_siege_302,coven_siege_303,coven_siege_304,coven_siege_305,coven_siege_306,coven_siege_307,coven_siege_308,coven_siege_309,coven_siege_310,coven_siege_311,coven_siege_312,coven_siege_313,coven_siege_314,coven_siege_315,coven_siege_316,coven_siege_317,coven_siege_318,coven_siege_319,coven_siege_320,coven_siege_321,coven_siege_322,coven_siege_323,
m_types,battle_config,battle_config,battle_config,battle_config,battle_config,battle_config,battle_config,battle_config,battle_config,battle_config,battle_config,battle_config,battle_config,battle_config,battle_config,battle_config,battle_config,battle_config,battle_config,battle_config,battle_config,battle_config,battle_config,
m_tags,
m_conditions,
element_end
element_start,courtier_mashes_siege_hard,BattleConfigurationTable
m_chances,1,1,1,1,1,1,1,1,1,1,1,1,1,
m_ids,courtier_siege_301,courtier_siege_302,courtier_siege_303,courtier_siege_304,courtier_siege_305,courtier_siege_306,courtier_siege_307,courtier_siege_308,courtier_siege_309,courtier_siege_310,courtier_siege_311,courtier_siege_312,courtier_siege_313,
m_types,battle_config,battle_config,battle_config,battle_config,battle_config,battle_config,battle_config,battle_config,battle_config,battle_config,battle_config,battle_config,battle_config,
m_tags,
m_conditions,
element_end
element_start,beast_mashes_hard,BattleConfigurationTable
m_chances,9999,
m_ids,beastmen_quest_medicated_meat,
m_types,battle_config,
m_tags,
m_conditions,quest_beastmen_current_step_use_medicated_meat,
element_end
element_start,faction_mashes_road_kingdoms,BattleConfigurationTable
m_chances,9999,
m_ids,beastmen_quest_barricade_mashes,
m_types,sub_table,
m_tags,
m_conditions,quest_beastmen_current_step_collect_pelt+escalation_is_over_2,
element_end
element_start,gaunt_mashes_road_kingdoms,BattleConfigurationTable
m_chances,9999,
m_ids,beastmen_quest_barricade_mashes,
m_types,sub_table,
m_tags,
m_conditions,quest_beastmen_current_step_collect_pelt+escalation_is_over_2,
element_end
element_start,pillager_mashes_road_kingdoms,BattleConfigurationTable
m_chances,9999,
m_ids,beastmen_quest_barricade_mashes,
m_types,sub_table,
m_tags,
m_conditions,quest_beastmen_current_step_collect_pelt+escalation_is_over_2,
element_end
element_start,military_mashes_road_kingdoms,BattleConfigurationTable
m_chances,9999,
m_ids,beastmen_quest_barricade_military_mashes,
m_types,sub_table,
m_tags,
m_conditions,quest_beastmen_current_step_collect_pelt+escalation_is_over_2,
element_end
element_start,beastmen_quest_barricade_mashes,BattleConfigurationTable
m_chances,1,1,1,1,1,
m_ids,beastmen_alpha_barricade_101,beastmen_alpha_barricade_102,beastmen_alpha_barricade_103,beastmen_alpha_barricade_104,beastmen_alpha_barricade_105,
m_types,battle_config,battle_config,battle_config,battle_config,battle_config,
m_tags,
m_conditions,
element_end
element_start,beastmen_quest_barricade_military_mashes,BattleConfigurationTable
m_chances,1,1,1,1,
m_ids,beastmen_alpha_barricade_military_101,beastmen_alpha_barricade_military_102,beastmen_alpha_barricade_military_103,beastmen_alpha_barricade_military_104,
m_types,battle_config,battle_config,battle_config,battle_config,
m_tags,
m_conditions,
element_end
element_start,beastmen_quest_alpha_wave_mashes,BattleConfigurationTable
m_chances,1,
m_ids,beastmen_alpha_wave,
m_types,battle_config,
m_tags,
m_conditions,
element_end
element_start,kingdom_boss_mashes_master,BattleConfigurationTable
m_chances,1,1,
m_ids,beastmen_boss,coven_boss,
m_types,battle_config,battle_config,
m_tags,
m_conditions,kingdom_gang_is_beastmen,kingdom_gang_is_coven,
element_end
element_start,kingdom_gang_mashes_road_master,BattleConfigurationTable
m_chances,1,1,
m_ids,beastmen_quest_boss_region_mashes,coven_quest_boss_region_mashes,
m_types,sub_table,sub_table,
m_tags,
m_conditions,kingdom_gang_is_beastmen+biome_end_node_is_kingdomboss,kingdom_gang_is_coven+biome_end_node_is_kingdomboss,
element_end
element_start,beastmen_quest_boss_region_mashes,BattleConfigurationTable
m_chances,9999,1,
m_ids,beastmen_boss_region_301,beastmen_boss_region_302,
m_types,battle_config,battle_config,
m_tags,
m_conditions,
element_end
element_start,coven_quest_assist_iscoven_mashes,BattleConfigurationTable
m_chances,1,1,1,1,
m_ids,coven_assist_combat_iscoven_01,coven_assist_combat_iscoven_02,coven_assist_combat_iscoven_03,coven_assist_combat_iscoven_04,
m_types,battle_config,battle_config,battle_config,battle_config,
m_tags,
m_conditions,
element_end
element_start,coven_quest_assist_notcoven_mashes,BattleConfigurationTable
m_chances,1,1,1,1,
m_ids,coven_assist_combat_notcoven_01,coven_assist_combat_notcoven_02,coven_assist_combat_notcoven_03,coven_assist_combat_notcoven_04,
m_types,battle_config,battle_config,battle_config,battle_config,
m_tags,
m_conditions,
element_end
element_start,beast_mashes_hard,BattleConfigurationTable
m_chances,9999,
m_ids,coven_capture_mothers_familiar,
m_types,battle_config,
m_tags,
m_conditions,quest_coven_current_step_capture_mothers_familiar+party_has_quest_coven_witchbane_dagger_04_equipped,
element_end
element_start,coven_quest_boss_region_mashes,BattleConfigurationTable
m_chances,9999,1,
m_ids,coven_boss_region_301,coven_boss_region_302,
m_types,battle_config,battle_config,
m_tags,
m_conditions,
element_end
element_start,faction_mashes_resist_kingdoms,BattleConfigurationTable
m_chances,9999,
m_ids,coven_quest_mothers_familiar_spider_mashes,
m_types,sub_table,
m_tags,
m_conditions,has_quest_coven_mothers_familiar,
element_end
element_start,faction_mashes_road_kingdoms,BattleConfigurationTable
m_chances,9999,
m_ids,coven_quest_mothers_familiar_spider_mashes,
m_types,sub_table,
m_tags,
m_conditions,has_quest_coven_mothers_familiar,
element_end
element_start,gaunt_mashes_road_kingdoms,BattleConfigurationTable
m_chances,9999,
m_ids,coven_quest_mothers_familiar_spider_mashes,
m_types,sub_table,
m_tags,
m_conditions,has_quest_coven_mothers_familiar,
element_end
element_start,pillager_mashes_road_kingdoms,BattleConfigurationTable
m_chances,9999,
m_ids,coven_quest_mothers_familiar_spider_mashes,
m_types,sub_table,
m_tags,
m_conditions,has_quest_coven_mothers_familiar,
element_end
element_start,military_mashes_road_kingdoms,BattleConfigurationTable
m_chances,9999,
m_ids,coven_quest_mothers_familiar_spider_mashes,
m_types,sub_table,
m_tags,
m_conditions,has_quest_coven_mothers_familiar,
element_end
element_start,coven_quest_mothers_familiar_spider_mashes,BattleConfigurationTable
m_chances,1,1,1,1,
m_ids,coven_mothers_familiar_spiders_01,coven_mothers_familiar_spiders_02,coven_mothers_familiar_spiders_03,coven_mothers_familiar_spiders_04,
m_types,battle_config,battle_config,battle_config,battle_config,
m_tags,
m_conditions,
element_end
element_start,gaunt_mashes_road_kingdoms,BattleConfigurationTable
m_chances,9999,9999,
m_ids,quest_courtier_cocoon_mashes,quest_courtier_cocoon_mashes,
m_types,sub_table,sub_table,
m_tags,
m_conditions,quest_courtier_current_step_deliver_fuel_reserves,quest_courtier_current_step_collect_blood_sample,
element_end
element_start,pillager_mashes_road_kingdoms,BattleConfigurationTable
m_chances,9999,9999,
m_ids,quest_courtier_cocoon_mashes,quest_courtier_cocoon_mashes,
m_types,sub_table,sub_table,
m_tags,
m_conditions,quest_courtier_current_step_deliver_fuel_reserves,quest_courtier_current_step_collect_blood_sample,
element_end
element_start,swine_mashes_road_kingdoms,BattleConfigurationTable
m_chances,9999,9999,
m_ids,quest_courtier_cocoon_mashes,quest_courtier_cocoon_mashes,
m_types,sub_table,sub_table,
m_tags,
m_conditions,quest_courtier_current_step_deliver_fuel_reserves,quest_courtier_current_step_collect_blood_sample,
element_end
element_start,quest_courtier_cocoon_mashes,BattleConfigurationTable
m_chances,4,1,1,1,1,
m_ids,quest_courtier_cocoons_01,quest_courtier_cocoons_02,quest_courtier_cocoons_03,quest_courtier_cocoons_04,quest_courtier_cocoons_05,
m_types,battle_config,battle_config,battle_config,battle_config,battle_config,
m_tags,
m_conditions,
element_end
element_start,kingdom_gang_mashes_road_master,BattleConfigurationTable
m_chances,1,
m_ids,courtier_quest_boss_region_mashes,
m_types,sub_table,
m_tags,
m_conditions,kingdom_gang_is_courtier+biome_end_node_is_kingdomboss,
element_end
element_start,courtier_quest_boss_region_mashes,BattleConfigurationTable
m_chances,9999,1,
m_ids,courtier_boss_region_301,courtier_boss_region_302,
m_types,battle_config,battle_config,
m_tags,
m_conditions,
element_end
element_start,kingdom_boss_mashes_master,BattleConfigurationTable
m_chances,1,
m_ids,courtier_boss,
m_types,battle_config,
m_tags,
m_conditions,kingdom_gang_is_courtier,
element_end
element_start,kill_contract_mashes_resist_master,BattleConfigurationTable
m_chances,1,1,1,1,1,
m_ids,plague_eater_mashes_normal_champions,fanatic_mashes_normal_champions,lost_battalion_mashes_normal_champions,coastal_mashes_normal_champions,cultist_mashes_normal_enhanced,
m_types,sub_table,sub_table,sub_table,sub_table,sub_table,
m_tags,
m_conditions,farm_biome_check,city_biome_check,forest_biome_check,shroud_biome_check,tundra_biome_check,
element_end
element_start,ancestor_statue_mashes_master,BattleConfigurationTable
m_chances,1,1,1,1,1,1,
m_ids,ancestor_statue_city,ancestor_statue_coast,ancestor_statue_farm,ancestor_statue_forest,ancestor_statue_tundra,ancestor_statue_cave,
m_types,battle_config,battle_config,battle_config,battle_config,battle_config,battle_config,
m_tags,
m_conditions,city_biome_check,shroud_biome_check,farm_biome_check,forest_biome_check,tundra_biome_check,cave_biome_check,
element_end
